manuscript_id,picture_id,page_number,xml_path,page_key,status,error,hebrew_glyph_count,selected_glyph_count,selection_status,selection_reason
990053276550205171,IE151463308_P000002_FL151463338.jpg,P000002,/nas/archive/paris-data/automatic_transcriptions/geniza/all_04_improved_reading_order/990053276550205171/IE151463308/IE151463308_P000002_FL151463338—reco_improved_polys_improved_reading_order.xml,990053276550205171:27:/nas/archive/paris-data/automatic_transcriptions/geniza/all_04_improved_reading_order/990053276550205171/IE151463308/IE151463308_P000002_FL151463338—reco_improved_polys_improved_reading_order.xml,ok,,0,0,rejected,page had no usable glyphs
990052101800205171,IE167699294_P000002_FL167699297.jpg,P000002,/nas/archive/paris-data/automatic_transcriptions/geniza/all_04_improved_reading_order/990052101800205171/IE167699294/IE167699294_P000002_FL167699297—reco_improved_polys_improved_reading_order.xml,990052101800205171:42:/nas/archive/paris-data/automatic_transcriptions/geniza/all_04_improved_reading_order/990052101800205171/IE167699294/IE167699294_P000002_FL167699297—reco_improved_polys_improved_reading_order.xml,ok,,0,0,rejected,page had no usable glyphs
990052101800205171,IE167699294_P000001_FL167699296.jpg,P000001,/nas/archive/paris-data/automatic_transcriptions/geniza/all_04_improved_reading_order/990052101800205171/IE167699294/IE167699294_P000001_FL167699296—reco_improved_polys_improved_reading_order.xml,990052101800205171:43:/nas/archive/paris-data/automatic_transcriptions/geniza/all_04_improved_reading_order/990052101800205171/IE167699294/IE167699294_P000001_FL167699296—reco_improved_polys_improved_reading_order.xml,empty_or_unreadable,,0,0,rejected,page had no usable glyphs
990053076420205171,IE149262366_P000002_FL149262372.jpg,P000002,/nas/archive/paris-data/automatic_transcriptions/geniza/all_04_improved_reading_order/990053076420205171/IE149262366/IE149262366_P000002_FL149262372—reco_improved_polys_improved_reading_order.xml,990053076420205171:76:/nas/archive/paris-data/automatic_transcriptions/geniza/all_04_improved_reading_order/990053076420205171/IE149262366/IE149262366_P000002_FL149262372—reco_improved_polys_improved_reading_order.xml,ok,,0,0,rejected,page had no usable glyphs
990053076420205171,IE149262366_P000001_FL149262369.jpg,P000001,/nas/archive/paris-data/automatic_transcriptions/geniza/all_04_improved_reading_order/990053076420205171/IE149262366/IE149262366_P000001_FL149262369—reco_improved_polys_improved_reading_order.xml,990053076420205171:77:/nas/archive/paris-data/automatic_transcriptions/geniza/all_04_improved_reading_order/990053076420205171/IE149262366/IE149262366_P000001_FL149262369—reco_improved_polys_improved_reading_order.xml,ok,,0,0,rejected,page had no usable glyphs
990001562270205171,IE47391812_P000148_FL47391967.jpg,P000148,/nas/archive/paris-data/automatic_transcriptions/geniza/all_04_improved_reading_order/990001562270205171/IE47391812/IE47391812_P000148_FL47391967—reco_improved_polys_improved_reading_order.xml,990001562270205171:78:/nas/archive/paris-data/automatic_transcriptions/geniza/all_04_improved_reading_order/990001562270205171/IE47391812/IE47391812_P000148_FL47391967—reco_improved_polys_improved_reading_order.xml,ok,,0,0,rejected,page had no usable glyphs
990001562270205171,IE47391812_P000062_FL47391875.jpg,P000062,/nas/archive/paris-data/automatic_transcriptions/geniza/all_04_improved_reading_order/990001562270205171/IE47391812/IE47391812_P000062_FL47391875—reco_improved_polys_improved_reading_order.xml,990001562270205171:79:/nas/archive/paris-data/automatic_transcriptions/geniza/all_04_improved_reading_order/990001562270205171/IE47391812/IE47391812_P000062_FL47391875—reco_improved_polys_improved_reading_order.xml,ok,,0,0,rejected,page had no usable glyphs
990001607210205171,IE48447405_P000001_FL48447408.jpg,P000001,/nas/archive/paris-data/automatic_transcriptions/geniza/all_04_improved_reading_order/990001607210205171/IE48447405/IE48447405_P000001_FL48447408—reco_improved_polys_improved_reading_order.xml,990001607210205171:90:/nas/archive/paris-data/automatic_transcriptions/geniza/all_04_improved_reading_order/990001607210205171/IE48447405/IE48447405_P000001_FL48447408—reco_improved_polys_improved_reading_order.xml,empty_or_unreadable,,0,0,rejected,page had no usable glyphs
990001551560205171,IE47467449_P000008_FL47467535.jpg,P000008,/nas/archive/paris-data/automatic_transcriptions/geniza/all_04_improved_reading_order/990001551560205171/IE47467449/IE47467449_P000008_FL47467535—reco_improved_polys_improved_reading_order.xml,990001551560205171:96:/nas/archive/paris-data/automatic_transcriptions/geniza/all_04_improved_reading_order/990001551560205171/IE47467449/IE47467449_P000008_FL47467535—reco_improved_polys_improved_reading_order.xml,ok,,0,0,rejected,page had no usable glyphs
990001551560205171,IE47467449_P000001_FL47467451.jpg,P000001,/nas/archive/paris-data/automatic_transcriptions/geniza/all_04_improved_reading_order/990001551560205171/IE47467449/IE47467449_P000001_FL47467451—reco_improved_polys_improved_reading_order.xml,990001551560205171:97:/nas/archive/paris-data/automatic_transcriptions/geniza/all_04_improved_reading_order/990001551560205171/IE47467449/IE47467449_P000001_FL47467451—reco_improved_polys_improved_reading_order.xml,ok,,0,0,rejected,page had no usable glyphs
990052411960205171,IE168206710_P000001_FL168206712.jpg,P000001,/nas/archive/paris-data/automatic_transcriptions/geniza/all_04_improved_reading_order/990052411960205171/IE168206710/IE168206710_P000001_FL168206712—reco_improved_polys_improved_reading_order.xml,990052411960205171:112:/nas/archive/paris-data/automatic_transcriptions/geniza/all_04_improved_reading_order/990052411960205171/IE168206710/IE168206710_P000001_FL168206712—reco_improved_polys_improved_reading_order.xml,ok,,0,0,rejected,page had no usable glyphs
990052411960205171,IE168206710_P000002_FL168206713.jpg,P000002,/nas/archive/paris-data/automatic_transcriptions/geniza/all_04_improved_reading_order/990052411960205171/IE168206710/IE168206710_P000002_FL168206713—reco_improved_polys_improved_reading_order.xml,990052411960205171:113:/nas/archive/paris-data/automatic_transcriptions/geniza/all_04_improved_reading_order/990052411960205171/IE168206710/IE168206710_P000002_FL168206713—reco_improved_polys_improved_reading_order.xml,ok,,0,0,rejected,page had no usable glyphs
990053768300205171,IE168637727_P000002_FL168637730.jpg,P000002,/nas/archive/paris-data/automatic_transcriptions/geniza/all_04_improved_reading_order/990053768300205171/IE168637727/IE168637727_P000002_FL168637730—reco_improved_polys_improved_reading_order.xml,990053768300205171:154:/nas/archive/paris-data/automatic_transcriptions/geniza/all_04_improved_reading_order/990053768300205171/IE168637727/IE168637727_P000002_FL168637730—reco_improved_polys_improved_reading_order.xml,ok,,0,0,rejected,page had no usable glyphs
990053313340205171,IE154348292_P000001_FL154348296.jpg,P000001,/nas/archive/paris-data/automatic_transcriptions/geniza/all_04_improved_reading_order/990053313340205171/IE154348292/IE154348292_P000001_FL154348296—reco_improved_polys_improved_reading_order.xml,990053313340205171:185:/nas/archive/paris-data/automatic_transcriptions/geniza/all_04_improved_reading_order/990053313340205171/IE154348292/IE154348292_P000001_FL154348296—reco_improved_polys_improved_reading_order.xml,ok,,0,0,rejected,page had no usable glyphs
990051706080205171,IE169376928_P000002_FL169376931.jpg,P000002,/nas/archive/paris-data/automatic_transcriptions/geniza/all_04_improved_reading_order/990051706080205171/IE169376928/IE169376928_P000002_FL169376931—reco_improved_polys_improved_reading_order.xml,990051706080205171:187:/nas/archive/paris-data/automatic_transcriptions/geniza/all_04_improved_reading_order/990051706080205171/IE169376928/IE169376928_P000002_FL169376931—reco_improved_polys_improved_reading_order.xml,ok,,2,0,rejected,page had no usable glyphs
990051297920205171,IE167084100_P000001_FL167084102.jpg,P000001,/nas/archive/paris-data/automatic_transcriptions/geniza/all_04_improved_reading_order/990051297920205171/IE167084100/IE167084100_P000001_FL167084102—reco_improved_polys_improved_reading_order.xml,990051297920205171:198:/nas/archive/paris-data/automatic_transcriptions/geniza/all_04_improved_reading_order/990051297920205171/IE167084100/IE167084100_P000001_FL167084102—reco_improved_polys_improved_reading_order.xml,ok,,0,0,rejected,page had no usable glyphs
990051297920205171,IE167084100_P000002_FL167084103.jpg,P000002,/nas/archive/paris-data/automatic_transcriptions/geniza/all_04_improved_reading_order/990051297920205171/IE167084100/IE167084100_P000002_FL167084103—reco_improved_polys_improved_reading_order.xml,990051297920205171:199:/nas/archive/paris-data/automatic_transcriptions/geniza/all_04_improved_reading_order/990051297920205171/IE167084100/IE167084100_P000002_FL167084103—reco_improved_polys_improved_reading_order.xml,empty_or_unreadable,,0,0,rejected,page had no usable glyphs
990000925330205171,IE47158278_P000023_FL47158440.jpg,P000023,/nas/archive/paris-data/automatic_transcriptions/geniza/all_04_improved_reading_order/990000925330205171/IE47158278/IE47158278_P000023_FL47158440—reco_improved_polys_improved_reading_order.xml,990000925330205171:201:/nas/archive/paris-data/automatic_transcriptions/geniza/all_04_improved_reading_order/990000925330205171/IE47158278/IE47158278_P000023_FL47158440—reco_improved_polys_improved_reading_order.xml,ok,,0,0,rejected,page had no usable glyphs
990001584760205171,IE50050367_P000001_FL50050371.jpg,P000001,/nas/archive/paris-data/automatic_transcriptions/geniza/all_04_improved_reading_order/990001584760205171/IE50050367/IE50050367_P000001_FL50050371—reco_improved_polys_improved_reading_order.xml,990001584760205171:215:/nas/archive/paris-data/automatic_transcriptions/geniza/all_04_improved_reading_order/990001584760205171/IE50050367/IE50050367_P000001_FL50050371—reco_improved_polys_improved_reading_order.xml,ok,,0,0,rejected,page had no usable glyphs
990001588240205171,IE50086220_P000001_FL50086222.jpg,P000001,/nas/archive/paris-data/automatic_transcriptions/geniza/all_04_improved_reading_order/990001588240205171/IE50086220/IE50086220_P000001_FL50086222—reco_improved_polys_improved_reading_order.xml,990001588240205171:229:/nas/archive/paris-data/automatic_transcriptions/geniza/all_04_improved_reading_order/990001588240205171/IE50086220/IE50086220_P000001_FL50086222—reco_improved_polys_improved_reading_order.xml,ok,,0,0,rejected,page had no usable glyphs
990053784930205171,IE170592151_P000002_FL170592154.jpg,P000002,/nas/archive/paris-data/automatic_transcriptions/geniza/all_04_improved_reading_order/990053784930205171/IE170592151/IE170592151_P000002_FL170592154—reco_improved_polys_improved_reading_order.xml,990053784930205171:232:/nas/archive/paris-data/automatic_transcriptions/geniza/all_04_improved_reading_order/990053784930205171/IE170592151/IE170592151_P000002_FL170592154—reco_improved_polys_improved_reading_order.xml,missing,XML path does not exist,0,0,rejected,page had no usable glyphs
990053784930205171,IE170592151_P000001_FL170592153.jpg,P000001,/nas/archive/paris-data/automatic_transcriptions/geniza/all_04_improved_reading_order/990053784930205171/IE170592151/IE170592151_P000001_FL170592153—reco_improved_polys_improved_reading_order.xml,990053784930205171:233:/nas/archive/paris-data/automatic_transcriptions/geniza/all_04_improved_reading_order/990053784930205171/IE170592151/IE170592151_P000001_FL170592153—reco_improved_polys_improved_reading_order.xml,missing,XML path does not exist,0,0,rejected,page had no usable glyphs
990051797790205171,IE165216691_P000002_FL165216697.jpg,P000002,/nas/archive/paris-data/automatic_transcriptions/geniza/all_04_improved_reading_order/990051797790205171/IE165216691/IE165216691_P000002_FL165216697—reco_improved_polys_improved_reading_order.xml,990051797790205171:242:/nas/archive/paris-data/automatic_transcriptions/geniza/all_04_improved_reading_order/990051797790205171/IE165216691/IE165216691_P000002_FL165216697—reco_improved_polys_improved_reading_order.xml,missing,XML path does not exist,0,0,rejected,page had no usable glyphs
990051797790205171,IE165216691_P000001_FL165216693.jpg,P000001,/nas/archive/paris-data/automatic_transcriptions/geniza/all_04_improved_reading_order/990051797790205171/IE165216691/IE165216691_P000001_FL165216693—reco_improved_polys_improved_reading_order.xml,990051797790205171:243:/nas/archive/paris-data/automatic_transcriptions/geniza/all_04_improved_reading_order/990051797790205171/IE165216691/IE165216691_P000001_FL165216693—reco_improved_polys_improved_reading_order.xml,empty_or_unreadable,,0,0,rejected,page had no usable glyphs
990051297970205171,IE167084150_P000001_FL167084152.jpg,P000001,/nas/archive/paris-data/automatic_transcriptions/geniza/all_04_improved_reading_order/990051297970205171/IE167084150/IE167084150_P000001_FL167084152—reco_improved_polys_improved_reading_order.xml,990051297970205171:254:/nas/archive/paris-data/automatic_transcriptions/geniza/all_04_improved_reading_order/990051297970205171/IE167084150/IE167084150_P000001_FL167084152—reco_improved_polys_improved_reading_order.xml,ok,,0,0,rejected,page had no usable glyphs
990051297970205171,IE167084150_P000002_FL167084153.jpg,P000002,/nas/archive/paris-data/automatic_transcriptions/geniza/all_04_improved_reading_order/990051297970205171/IE167084150/IE167084150_P000002_FL167084153—reco_improved_polys_improved_reading_order.xml,990051297970205171:255:/nas/archive/paris-data/automatic_transcriptions/geniza/all_04_improved_reading_order/990051297970205171/IE167084150/IE167084150_P000002_FL167084153—reco_improved_polys_improved_reading_order.xml,ok,,0,0,rejected,page had no usable glyphs
990053097920205171,IE150534705_P000001_FL150534707.jpg,P000001,/nas/archive/paris-data/automatic_transcriptions/geniza/all_04_improved_reading_order/990053097920205171/IE150534705/IE150534705_P000001_FL150534707—reco_improved_polys_improved_reading_order.xml,990053097920205171:258:/nas/archive/paris-data/automatic_transcriptions/geniza/all_04_improved_reading_order/990053097920205171/IE150534705/IE150534705_P000001_FL150534707—reco_improved_polys_improved_reading_order.xml,missing,XML path does not exist,0,0,rejected,page had no usable glyphs
990053097920205171,IE150534705_P000002_FL150534708.jpg,P000002,/nas/archive/paris-data/automatic_transcriptions/geniza/all_04_improved_reading_order/990053097920205171/IE150534705/IE150534705_P000002_FL150534708—reco_improved_polys_improved_reading_order.xml,990053097920205171:259:/nas/archive/paris-data/automatic_transcriptions/geniza/all_04_improved_reading_order/990053097920205171/IE150534705/IE150534705_P000002_FL150534708—reco_improved_polys_improved_reading_order.xml,missing,XML path does not exist,0,0,rejected,page had no usable glyphs
990051922470205171,IE165844136_P000002_FL165844139.jpg,P000002,/nas/archive/paris-data/automatic_transcriptions/geniza/all_04_improved_reading_order/990051922470205171/IE165844136/IE165844136_P000002_FL165844139—reco_improved_polys_improved_reading_order.xml,990051922470205171:267:/nas/archive/paris-data/automatic_transcriptions/geniza/all_04_improved_reading_order/990051922470205171/IE165844136/IE165844136_P000002_FL165844139—reco_improved_polys_improved_reading_order.xml,ok,,1,0,rejected,page had no usable glyphs
990052192060205171,IE166854283_P000002_FL166854286.jpg,P000002,/nas/archive/paris-data/automatic_transcriptions/geniza/all_04_improved_reading_order/990052192060205171/IE166854283/IE166854283_P000002_FL166854286—reco_improved_polys_improved_reading_order.xml,990052192060205171:275:/nas/archive/paris-data/automatic_transcriptions/geniza/all_04_improved_reading_order/990052192060205171/IE166854283/IE166854283_P000002_FL166854286—reco_improved_polys_improved_reading_order.xml,ok,,0,0,rejected,page had no usable glyphs
990052290770205171,IE167634640_P000002_FL167634643.jpg,P000002,/nas/archive/paris-data/automatic_transcriptions/geniza/all_04_improved_reading_order/990052290770205171/IE167634640/IE167634640_P000002_FL167634643—reco_improved_polys_improved_reading_order.xml,990052290770205171:276:/nas/archive/paris-data/automatic_transcriptions/geniza/all_04_improved_reading_order/990052290770205171/IE167634640/IE167634640_P000002_FL167634643—reco_improved_polys_improved_reading_order.xml,ok,,0,0,rejected,page had no usable glyphs
990052290770205171,IE167634640_P000001_FL167634642.jpg,P000001,/nas/archive/paris-data/automatic_transcriptions/geniza/all_04_improved_reading_order/990052290770205171/IE167634640/IE167634640_P000001_FL167634642—reco_improved_polys_improved_reading_order.xml,990052290770205171:277:/nas/archive/paris-data/automatic_transcriptions/geniza/all_04_improved_reading_order/990052290770205171/IE167634640/IE167634640_P000001_FL167634642—reco_improved_polys_improved_reading_order.xml,ok,,0,0,rejected,page had no usable glyphs
990051844020205171,IE165603294_P000002_FL165603297.jpg,P000002,/nas/archive/paris-data/automatic_transcriptions/geniza/all_04_improved_reading_order/990051844020205171/IE165603294/IE165603294_P000002_FL165603297—reco_improved_polys_improved_reading_order.xml,990051844020205171:294:/nas/archive/paris-data/automatic_transcriptions/geniza/all_04_improved_reading_order/990051844020205171/IE165603294/IE165603294_P000002_FL165603297—reco_improved_polys_improved_reading_order.xml,missing,XML path does not exist,0,0,rejected,page had no usable glyphs
990001544470205171,IE44858213_P000007_FL44858349.jpg,P000007,/nas/archive/paris-data/automatic_transcriptions/geniza/all_04_improved_reading_order/990001544470205171/IE44858213/IE44858213_P000007_FL44858349—reco_improved_polys_improved_reading_order.xml,990001544470205171:300:/nas/archive/paris-data/automatic_transcriptions/geniza/all_04_improved_reading_order/990001544470205171/IE44858213/IE44858213_P000007_FL44858349—reco_improved_polys_improved_reading_order.xml,ok,,0,0,rejected,page had no usable glyphs
990051298960205171,IE167085714_P000002_FL167085717.jpg,P000002,/nas/archive/paris-data/automatic_transcriptions/geniza/all_04_improved_reading_order/990051298960205171/IE167085714/IE167085714_P000002_FL167085717—reco_improved_polys_improved_reading_order.xml,990051298960205171:322:/nas/archive/paris-data/automatic_transcriptions/geniza/all_04_improved_reading_order/990051298960205171/IE167085714/IE167085714_P000002_FL167085717—reco_improved_polys_improved_reading_order.xml,empty_or_unreadable,,0,0,rejected,page had no usable glyphs
990051298960205171,IE167085714_P000001_FL167085716.jpg,P000001,/nas/archive/paris-data/automatic_transcriptions/geniza/all_04_improved_reading_order/990051298960205171/IE167085714/IE167085714_P000001_FL167085716—reco_improved_polys_improved_reading_order.xml,990051298960205171:323:/nas/archive/paris-data/automatic_transcriptions/geniza/all_04_improved_reading_order/990051298960205171/IE167085714/IE167085714_P000001_FL167085716—reco_improved_polys_improved_reading_order.xml,ok,,0,0,rejected,page had no usable glyphs
990053301500205171,IE154111902_P000001_FL154111904.jpg,P000001,/nas/archive/paris-data/automatic_transcriptions/geniza/all_04_improved_reading_order/990053301500205171/IE154111902/IE154111902_P000001_FL154111904—reco_improved_polys_improved_reading_order.xml,990053301500205171:335:/nas/archive/paris-data/automatic_transcriptions/geniza/all_04_improved_reading_order/990053301500205171/IE154111902/IE154111902_P000001_FL154111904—reco_improved_polys_improved_reading_order.xml,ok,,0,0,rejected,page had no usable glyphs
990052280690205171,IE167533953_P000002_FL167533956.jpg,P000002,/nas/archive/paris-data/automatic_transcriptions/geniza/all_04_improved_reading_order/990052280690205171/IE167533953/IE167533953_P000002_FL167533956—reco_improved_polys_improved_reading_order.xml,990052280690205171:343:/nas/archive/paris-data/automatic_transcriptions/geniza/all_04_improved_reading_order/990052280690205171/IE167533953/IE167533953_P000002_FL167533956—reco_improved_polys_improved_reading_order.xml,empty_or_unreadable,,0,0,rejected,page had no usable glyphs
990052162240205171,IE166761977_P000002_FL166761980.jpg,P000002,/nas/archive/paris-data/automatic_transcriptions/geniza/all_04_improved_reading_order/990052162240205171/IE166761977/IE166761977_P000002_FL166761980—reco_improved_polys_improved_reading_order.xml,990052162240205171:357:/nas/archive/paris-data/automatic_transcriptions/geniza/all_04_improved_reading_order/990052162240205171/IE166761977/IE166761977_P000002_FL166761980—reco_improved_polys_improved_reading_order.xml,ok,,0,0,rejected,page had no usable glyphs
990051782850205171,IE169515336_P000001_FL169515338.jpg,P000001,/nas/archive/paris-data/automatic_transcriptions/geniza/all_04_improved_reading_order/990051782850205171/IE169515336/IE169515336_P000001_FL169515338—reco_improved_polys_improved_reading_order.xml,990051782850205171:366:/nas/archive/paris-data/automatic_transcriptions/geniza/all_04_improved_reading_order/990051782850205171/IE169515336/IE169515336_P000001_FL169515338—reco_improved_polys_improved_reading_order.xml,ok,,0,0,rejected,page had no usable glyphs
990051782850205171,IE169515336_P000002_FL169515339.jpg,P000002,/nas/archive/paris-data/automatic_transcriptions/geniza/all_04_improved_reading_order/990051782850205171/IE169515336/IE169515336_P000002_FL169515339—reco_improved_polys_improved_reading_order.xml,990051782850205171:367:/nas/archive/paris-data/automatic_transcriptions/geniza/all_04_improved_reading_order/990051782850205171/IE169515336/IE169515336_P000002_FL169515339—reco_improved_polys_improved_reading_order.xml,missing,XML path does not exist,0,0,rejected,page had no usable glyphs
990051302490205171,IE167091811_P000002_FL167091814.jpg,P000002,/nas/archive/paris-data/automatic_transcriptions/geniza/all_04_improved_reading_order/990051302490205171/IE167091811/IE167091811_P000002_FL167091814—reco_improved_polys_improved_reading_order.xml,990051302490205171:380:/nas/archive/paris-data/automatic_transcriptions/geniza/all_04_improved_reading_order/990051302490205171/IE167091811/IE167091811_P000002_FL167091814—reco_improved_polys_improved_reading_order.xml,ok,,0,0,rejected,page had no usable glyphs
990051302490205171,IE167091811_P000001_FL167091813.jpg,P000001,/nas/archive/paris-data/automatic_transcriptions/geniza/all_04_improved_reading_order/990051302490205171/IE167091811/IE167091811_P000001_FL167091813—reco_improved_polys_improved_reading_order.xml,990051302490205171:381:/nas/archive/paris-data/automatic_transcriptions/geniza/all_04_improved_reading_order/990051302490205171/IE167091811/IE167091811_P000001_FL167091813—reco_improved_polys_improved_reading_order.xml,ok,,0,0,rejected,page had no usable glyphs
990001550720205171,IE47466739_P000031_FL47467021.jpg,P000031,/nas/archive/paris-data/automatic_transcriptions/geniza/all_04_improved_reading_order/990001550720205171/IE47466739/IE47466739_P000031_FL47467021—reco_improved_polys_improved_reading_order.xml,990001550720205171:397:/nas/archive/paris-data/automatic_transcriptions/geniza/all_04_improved_reading_order/990001550720205171/IE47466739/IE47466739_P000031_FL47467021—reco_improved_polys_improved_reading_order.xml,ok,,0,0,rejected,page had no usable glyphs
990052149370205171,IE166715095_P000002_FL166715098.jpg,P000002,/nas/archive/paris-data/automatic_transcriptions/geniza/all_04_improved_reading_order/990052149370205171/IE166715095/IE166715095_P000002_FL166715098—reco_improved_polys_improved_reading_order.xml,990052149370205171:404:/nas/archive/paris-data/automatic_transcriptions/geniza/all_04_improved_reading_order/990052149370205171/IE166715095/IE166715095_P000002_FL166715098—reco_improved_polys_improved_reading_order.xml,ok,,2,0,rejected,page had no usable glyphs
990052411340205171,IE168205950_P000001_FL168205952.jpg,P000001,/nas/archive/paris-data/automatic_transcriptions/geniza/all_04_improved_reading_order/990052411340205171/IE168205950/IE168205950_P000001_FL168205952—reco_improved_polys_improved_reading_order.xml,990052411340205171:418:/nas/archive/paris-data/automatic_transcriptions/geniza/all_04_improved_reading_order/990052411340205171/IE168205950/IE168205950_P000001_FL168205952—reco_improved_polys_improved_reading_order.xml,ok,,1,0,rejected,page had no usable glyphs
990001592540205171,IE50449056_P000009_FL50449075.jpg,P000009,/nas/archive/paris-data/automatic_transcriptions/geniza/all_04_improved_reading_order/990001592540205171/IE50449056/IE50449056_P000009_FL50449075—reco_improved_polys_improved_reading_order.xml,990001592540205171:430:/nas/archive/paris-data/automatic_transcriptions/geniza/all_04_improved_reading_order/990001592540205171/IE50449056/IE50449056_P000009_FL50449075—reco_improved_polys_improved_reading_order.xml,empty_or_unreadable,,0,0,rejected,page had no usable glyphs
990053393490205171,IE167279468_P000002_FL167279471.jpg,P000002,/nas/archive/paris-data/automatic_transcriptions/geniza/all_04_improved_reading_order/990053393490205171/IE167279468/IE167279468_P000002_FL167279471—reco_improved_polys_improved_reading_order.xml,990053393490205171:432:/nas/archive/paris-data/automatic_transcriptions/geniza/all_04_improved_reading_order/990053393490205171/IE167279468/IE167279468_P000002_FL167279471—reco_improved_polys_improved_reading_order.xml,missing,XML path does not exist,0,0,rejected,page had no usable glyphs
990051371220205171,IE158983877_P000002_FL158983913.jpg,P000002,/nas/archive/paris-data/automatic_transcriptions/geniza/all_04_improved_reading_order/990051371220205171/IE158983877/IE158983877_P000002_FL158983913—reco_improved_polys_improved_reading_order.xml,990051371220205171:435:/nas/archive/paris-data/automatic_transcriptions/geniza/all_04_improved_reading_order/990051371220205171/IE158983877/IE158983877_P000002_FL158983913—reco_improved_polys_improved_reading_order.xml,ok,,2,0,rejected,page had no usable glyphs
990051897810205171,IE167385257_P000002_FL167385260.jpg,P000002,/nas/archive/paris-data/automatic_transcriptions/geniza/all_04_improved_reading_order/990051897810205171/IE167385257/IE167385257_P000002_FL167385260—reco_improved_polys_improved_reading_order.xml,990051897810205171:453:/nas/archive/paris-data/automatic_transcriptions/geniza/all_04_improved_reading_order/990051897810205171/IE167385257/IE167385257_P000002_FL167385260—reco_improved_polys_improved_reading_order.xml,empty_or_unreadable,,0,0,rejected,page had no usable glyphs
990001574490205171,IE47673276_P000008_FL47673325.jpg,P000008,/nas/archive/paris-data/automatic_transcriptions/geniza/all_04_improved_reading_order/990001574490205171/IE47673276/IE47673276_P000008_FL47673325—reco_improved_polys_improved_reading_order.xml,990001574490205171:458:/nas/archive/paris-data/automatic_transcriptions/geniza/all_04_improved_reading_order/990001574490205171/IE47673276/IE47673276_P000008_FL47673325—reco_improved_polys_improved_reading_order.xml,ok,,0,0,rejected,page had no usable glyphs
990051895680205171,IE167382691_P000002_FL167382694.jpg,P000002,/nas/archive/paris-data/automatic_transcriptions/geniza/all_04_improved_reading_order/990051895680205171/IE167382691/IE167382691_P000002_FL167382694—reco_improved_polys_improved_reading_order.xml,990051895680205171:466:/nas/archive/paris-data/automatic_transcriptions/geniza/all_04_improved_reading_order/990051895680205171/IE167382691/IE167382691_P000002_FL167382694—reco_improved_polys_improved_reading_order.xml,ok,,1,0,rejected,page had no usable glyphs
990052222320205171,IE167043120_P000002_FL167043123.jpg,P000002,/nas/archive/paris-data/automatic_transcriptions/geniza/all_04_improved_reading_order/990052222320205171/IE167043120/IE167043120_P000002_FL167043123—reco_improved_polys_improved_reading_order.xml,990052222320205171:475:/nas/archive/paris-data/automatic_transcriptions/geniza/all_04_improved_reading_order/990052222320205171/IE167043120/IE167043120_P000002_FL167043123—reco_improved_polys_improved_reading_order.xml,ok,,1,0,rejected,page had no usable glyphs
990052104420205171,IE167702754_P000002_FL167702759.jpg,P000002,/nas/archive/paris-data/automatic_transcriptions/geniza/all_04_improved_reading_order/990052104420205171/IE167702754/IE167702754_P000002_FL167702759—reco_improved_polys_improved_reading_order.xml,990052104420205171:477:/nas/archive/paris-data/automatic_transcriptions/geniza/all_04_improved_reading_order/990052104420205171/IE167702754/IE167702754_P000002_FL167702759—reco_improved_polys_improved_reading_order.xml,ok,,0,0,rejected,page had no usable glyphs
990051887160205171,IE167369849_P000001_FL167369851.jpg,P000001,/nas/archive/paris-data/automatic_transcriptions/geniza/all_04_improved_reading_order/990051887160205171/IE167369849/IE167369849_P000001_FL167369851—reco_improved_polys_improved_reading_order.xml,990051887160205171:494:/nas/archive/paris-data/automatic_transcriptions/geniza/all_04_improved_reading_order/990051887160205171/IE167369849/IE167369849_P000001_FL167369851—reco_improved_polys_improved_reading_order.xml,missing,XML path does not exist,0,0,rejected,page had no usable glyphs
990001458440205171,IE49305897_P000001_FL49305899.jpg,P000001,/nas/archive/paris-data/automatic_transcriptions/geniza/all_04_improved_reading_order/990001458440205171/IE49305897/IE49305897_P000001_FL49305899—reco_improved_polys_improved_reading_order.xml,990001458440205171:548:/nas/archive/paris-data/automatic_transcriptions/geniza/all_04_improved_reading_order/990001458440205171/IE49305897/IE49305897_P000001_FL49305899—reco_improved_polys_improved_reading_order.xml,ok,,0,0,rejected,page had no usable glyphs
990051245970205171,IE166948565_P000002_FL166948568.jpg,P000002,/nas/archive/paris-data/automatic_transcriptions/geniza/all_04_improved_reading_order/990051245970205171/IE166948565/IE166948565_P000002_FL166948568—reco_improved_polys_improved_reading_order.xml,990051245970205171:556:/nas/archive/paris-data/automatic_transcriptions/geniza/all_04_improved_reading_order/990051245970205171/IE166948565/IE166948565_P000002_FL166948568—reco_improved_polys_improved_reading_order.xml,ok,,1,0,reserve_not_needed,
990051245970205171,IE166948565_P000001_FL166948567.jpg,P000001,/nas/archive/paris-data/automatic_transcriptions/geniza/all_04_improved_reading_order/990051245970205171/IE166948565/IE166948565_P000001_FL166948567—reco_improved_polys_improved_reading_order.xml,990051245970205171:557:/nas/archive/paris-data/automatic_transcriptions/geniza/all_04_improved_reading_order/990051245970205171/IE166948565/IE166948565_P000001_FL166948567—reco_improved_polys_improved_reading_order.xml,ok,,639,571,reserve_not_needed,
990052080660205171,IE167661923_P000001_FL167661925.jpg,P000001,/nas/archive/paris-data/automatic_transcriptions/geniza/all_04_improved_reading_order/990052080660205171/IE167661923/IE167661923_P000001_FL167661925—reco_improved_polys_improved_reading_order.xml,990052080660205171:558:/nas/archive/paris-data/automatic_transcriptions/geniza/all_04_improved_reading_order/990052080660205171/IE167661923/IE167661923_P000001_FL167661925—reco_improved_polys_improved_reading_order.xml,ok,,16,12,reserve_not_needed,
990052080660205171,IE167661923_P000002_FL167661926.jpg,P000002,/nas/archive/paris-data/automatic_transcriptions/geniza/all_04_improved_reading_order/990052080660205171/IE167661923/IE167661923_P000002_FL167661926—reco_improved_polys_improved_reading_order.xml,990052080660205171:559:/nas/archive/paris-data/automatic_transcriptions/geniza/all_04_improved_reading_order/990052080660205171/IE167661923/IE167661923_P000002_FL167661926—reco_improved_polys_improved_reading_order.xml,ok,,69,49,reserve_not_needed,
990051372380205171,IE202428418_P000002_FL202428421.jpg,P000002,/nas/archive/paris-data/automatic_transcriptions/geniza/all_04_improved_reading_order/990051372380205171/IE202428418/IE202428418_P000002_FL202428421—reco_improved_polys_improved_reading_order.xml,990051372380205171:560:/nas/archive/paris-data/automatic_transcriptions/geniza/all_04_improved_reading_order/990051372380205171/IE202428418/IE202428418_P000002_FL202428421—reco_improved_polys_improved_reading_order.xml,ok,,377,352,reserve_not_needed,
990051372380205171,IE202428418_P000001_FL202428420.jpg,P000001,/nas/archive/paris-data/automatic_transcriptions/geniza/all_04_improved_reading_order/990051372380205171/IE202428418/IE202428418_P000001_FL202428420—reco_improved_polys_improved_reading_order.xml,990051372380205171:561:/nas/archive/paris-data/automatic_transcriptions/geniza/all_04_improved_reading_order/990051372380205171/IE202428418/IE202428418_P000001_FL202428420—reco_improved_polys_improved_reading_order.xml,ok,,361,334,reserve_not_needed,
990053419080205171,IE167646117_P000002_FL167646120.jpg,P000002,/nas/archive/paris-data/automatic_transcriptions/geniza/all_04_improved_reading_order/990053419080205171/IE167646117/IE167646117_P000002_FL167646120—reco_improved_polys_improved_reading_order.xml,990053419080205171:562:/nas/archive/paris-data/automatic_transcriptions/geniza/all_04_improved_reading_order/990053419080205171/IE167646117/IE167646117_P000002_FL167646120—reco_improved_polys_improved_reading_order.xml,ok,,996,886,reserve_not_needed,
990053419080205171,IE167646117_P000001_FL167646119.jpg,P000001,/nas/archive/paris-data/automatic_transcriptions/geniza/all_04_improved_reading_order/990053419080205171/IE167646117/IE167646117_P000001_FL167646119—reco_improved_polys_improved_reading_order.xml,990053419080205171:563:/nas/archive/paris-data/automatic_transcriptions/geniza/all_04_improved_reading_order/990053419080205171/IE167646117/IE167646117_P000001_FL167646119—reco_improved_polys_improved_reading_order.xml,ok,,833,770,reserve_not_needed,
990052062660205171,IE167622207_P000001_FL167622209.jpg,P000001,/nas/archive/paris-data/automatic_transcriptions/geniza/all_04_improved_reading_order/990052062660205171/IE167622207/IE167622207_P000001_FL167622209—reco_improved_polys_improved_reading_order.xml,990052062660205171:564:/nas/archive/paris-data/automatic_transcriptions/geniza/all_04_improved_reading_order/990052062660205171/IE167622207/IE167622207_P000001_FL167622209—reco_improved_polys_improved_reading_order.xml,ok,,31,22,reserve_not_needed,
990052062660205171,IE167622207_P000002_FL167622210.jpg,P000002,/nas/archive/paris-data/automatic_transcriptions/geniza/all_04_improved_reading_order/990052062660205171/IE167622207/IE167622207_P000002_FL167622210—reco_improved_polys_improved_reading_order.xml,990052062660205171:565:/nas/archive/paris-data/automatic_transcriptions/geniza/all_04_improved_reading_order/990052062660205171/IE167622207/IE167622207_P000002_FL167622210—reco_improved_polys_improved_reading_order.xml,ok,,27,17,reserve_not_needed,
990052227030205171,IE167067849_P000001_FL167067851.jpg,P000001,/nas/archive/paris-data/automatic_transcriptions/geniza/all_04_improved_reading_order/990052227030205171/IE167067849/IE167067849_P000001_FL167067851—reco_improved_polys_improved_reading_order.xml,990052227030205171:566:/nas/archive/paris-data/automatic_transcriptions/geniza/all_04_improved_reading_order/990052227030205171/IE167067849/IE167067849_P000001_FL167067851—reco_improved_polys_improved_reading_order.xml,ok,,52,41,reserve_not_needed,
990052227030205171,IE167067849_P000002_FL167067852.jpg,P000002,/nas/archive/paris-data/automatic_transcriptions/geniza/all_04_improved_reading_order/990052227030205171/IE167067849/IE167067849_P000002_FL167067852—reco_improved_polys_improved_reading_order.xml,990052227030205171:567:/nas/archive/paris-data/automatic_transcriptions/geniza/all_04_improved_reading_order/990052227030205171/IE167067849/IE167067849_P000002_FL167067852—reco_improved_polys_improved_reading_order.xml,ok,,41,30,reserve_not_needed,
990053718840205171,IE168647515_P000002_FL168647518.jpg,P000002,/nas/archive/paris-data/automatic_transcriptions/geniza/all_04_improved_reading_order/990053718840205171/IE168647515/IE168647515_P000002_FL168647518—reco_improved_polys_improved_reading_order.xml,990053718840205171:568:/nas/archive/paris-data/automatic_transcriptions/geniza/all_04_improved_reading_order/990053718840205171/IE168647515/IE168647515_P000002_FL168647518—reco_improved_polys_improved_reading_order.xml,ok,,97,71,reserve_not_needed,
990053718840205171,IE168647515_P000001_FL168647517.jpg,P000001,/nas/archive/paris-data/automatic_transcriptions/geniza/all_04_improved_reading_order/990053718840205171/IE168647515/IE168647515_P000001_FL168647517—reco_improved_polys_improved_reading_order.xml,990053718840205171:569:/nas/archive/paris-data/automatic_transcriptions/geniza/all_04_improved_reading_order/990053718840205171/IE168647515/IE168647515_P000001_FL168647517—reco_improved_polys_improved_reading_order.xml,ok,,68,46,reserve_not_needed,
990053578980205171,IE151478058_P000001_FL151478060.jpg,P000001,/nas/archive/paris-data/automatic_transcriptions/geniza/all_04_improved_reading_order/990053578980205171/IE151478058/IE151478058_P000001_FL151478060—reco_improved_polys_improved_reading_order.xml,990053578980205171:570:/nas/archive/paris-data/automatic_transcriptions/geniza/all_04_improved_reading_order/990053578980205171/IE151478058/IE151478058_P000001_FL151478060—reco_improved_polys_improved_reading_order.xml,ok,,22,15,reserve_not_needed,
990053578980205171,IE151478058_P000002_FL151478061.jpg,P000002,/nas/archive/paris-data/automatic_transcriptions/geniza/all_04_improved_reading_order/990053578980205171/IE151478058/IE151478058_P000002_FL151478061—reco_improved_polys_improved_reading_order.xml,990053578980205171:571:/nas/archive/paris-data/automatic_transcriptions/geniza/all_04_improved_reading_order/990053578980205171/IE151478058/IE151478058_P000002_FL151478061—reco_improved_polys_improved_reading_order.xml,ok,,0,0,reserve_not_needed,
990000865600205171,IE54657566_P000001_FL54657569.jpg,P000001,/nas/archive/paris-data/automatic_transcriptions/geniza/all_04_improved_reading_order/990000865600205171/IE54657566/IE54657566_P000001_FL54657569—reco_improved_polys_improved_reading_order.xml,990000865600205171:572:/nas/archive/paris-data/automatic_transcriptions/geniza/all_04_improved_reading_order/990000865600205171/IE54657566/IE54657566_P000001_FL54657569—reco_improved_polys_improved_reading_order.xml,ok,,67,55,reserve_not_needed,
990000865600205171,IE54657566_P000003_FL54657571.jpg,P000003,/nas/archive/paris-data/automatic_transcriptions/geniza/all_04_improved_reading_order/990000865600205171/IE54657566/IE54657566_P000003_FL54657571—reco_improved_polys_improved_reading_order.xml,990000865600205171:573:/nas/archive/paris-data/automatic_transcriptions/geniza/all_04_improved_reading_order/990000865600205171/IE54657566/IE54657566_P000003_FL54657571—reco_improved_polys_improved_reading_order.xml,ok,,440,377,reserve_not_needed,
990053108450205171,IE150579980_P000002_FL150579983.jpg,P000002,/nas/archive/paris-data/automatic_transcriptions/geniza/all_04_improved_reading_order/990053108450205171/IE150579980/IE150579980_P000002_FL150579983—reco_improved_polys_improved_reading_order.xml,990053108450205171:574:/nas/archive/paris-data/automatic_transcriptions/geniza/all_04_improved_reading_order/990053108450205171/IE150579980/IE150579980_P000002_FL150579983—reco_improved_polys_improved_reading_order.xml,ok,,15,10,reserve_not_needed,
990053108450205171,IE150579980_P000001_FL150579982.jpg,P000001,/nas/archive/paris-data/automatic_transcriptions/geniza/all_04_improved_reading_order/990053108450205171/IE150579980/IE150579980_P000001_FL150579982—reco_improved_polys_improved_reading_order.xml,990053108450205171:575:/nas/archive/paris-data/automatic_transcriptions/geniza/all_04_improved_reading_order/990053108450205171/IE150579980/IE150579980_P000001_FL150579982—reco_improved_polys_improved_reading_order.xml,ok,,35,33,reserve_not_needed,
990051091450205171,IE162590510_P000001_FL162590512.jpg,P000001,/nas/archive/paris-data/automatic_transcriptions/geniza/all_04_improved_reading_order/990051091450205171/IE162590510/IE162590510_P000001_FL162590512—reco_improved_polys_improved_reading_order.xml,990051091450205171:576:/nas/archive/paris-data/automatic_transcriptions/geniza/all_04_improved_reading_order/990051091450205171/IE162590510/IE162590510_P000001_FL162590512—reco_improved_polys_improved_reading_order.xml,ok,,1981,1722,reserve_not_needed,
990051091450205171,IE162590510_P000002_FL162590513.jpg,P000002,/nas/archive/paris-data/automatic_transcriptions/geniza/all_04_improved_reading_order/990051091450205171/IE162590510/IE162590510_P000002_FL162590513—reco_improved_polys_improved_reading_order.xml,990051091450205171:577:/nas/archive/paris-data/automatic_transcriptions/geniza/all_04_improved_reading_order/990051091450205171/IE162590510/IE162590510_P000002_FL162590513—reco_improved_polys_improved_reading_order.xml,ok,,1857,1621,reserve_not_needed,
990051805840205171,IE167256733_P000001_FL167256735.jpg,P000001,/nas/archive/paris-data/automatic_transcriptions/geniza/all_04_improved_reading_order/990051805840205171/IE167256733/IE167256733_P000001_FL167256735—reco_improved_polys_improved_reading_order.xml,990051805840205171:578:/nas/archive/paris-data/automatic_transcriptions/geniza/all_04_improved_reading_order/990051805840205171/IE167256733/IE167256733_P000001_FL167256735—reco_improved_polys_improved_reading_order.xml,ok,,67,47,reserve_not_needed,
990051805840205171,IE167256733_P000002_FL167256736.jpg,P000002,/nas/archive/paris-data/automatic_transcriptions/geniza/all_04_improved_reading_order/990051805840205171/IE167256733/IE167256733_P000002_FL167256736—reco_improved_polys_improved_reading_order.xml,990051805840205171:579:/nas/archive/paris-data/automatic_transcriptions/geniza/all_04_improved_reading_order/990051805840205171/IE167256733/IE167256733_P000002_FL167256736—reco_improved_polys_improved_reading_order.xml,ok,,5,4,reserve_not_needed,
990051962880205171,IE166140126_P000002_FL166140129.jpg,P000002,/nas/archive/paris-data/automatic_transcriptions/geniza/all_04_improved_reading_order/990051962880205171/IE166140126/IE166140126_P000002_FL166140129—reco_improved_polys_improved_reading_order.xml,990051962880205171:580:/nas/archive/paris-data/automatic_transcriptions/geniza/all_04_improved_reading_order/990051962880205171/IE166140126/IE166140126_P000002_FL166140129—reco_improved_polys_improved_reading_order.xml,ok,,2,2,reserve_not_needed,
990051962880205171,IE166140126_P000001_FL166140128.jpg,P000001,/nas/archive/paris-data/automatic_transcriptions/geniza/all_04_improved_reading_order/990051962880205171/IE166140126/IE166140126_P000001_FL166140128—reco_improved_polys_improved_reading_order.xml,990051962880205171:581:/nas/archive/paris-data/automatic_transcriptions/geniza/all_04_improved_reading_order/990051962880205171/IE166140126/IE166140126_P000001_FL166140128—reco_improved_polys_improved_reading_order.xml,ok,,216,173,reserve_not_needed,
990053685120205171,IE168582910_P000002_FL168582913.jpg,P000002,/nas/archive/paris-data/automatic_transcriptions/geniza/all_04_improved_reading_order/990053685120205171/IE168582910/IE168582910_P000002_FL168582913—reco_improved_polys_improved_reading_order.xml,990053685120205171:582:/nas/archive/paris-data/automatic_transcriptions/geniza/all_04_improved_reading_order/990053685120205171/IE168582910/IE168582910_P000002_FL168582913—reco_improved_polys_improved_reading_order.xml,ok,,92,71,reserve_not_needed,
990053685120205171,IE168582910_P000001_FL168582912.jpg,P000001,/nas/archive/paris-data/automatic_transcriptions/geniza/all_04_improved_reading_order/990053685120205171/IE168582910/IE168582910_P000001_FL168582912—reco_improved_polys_improved_reading_order.xml,990053685120205171:583:/nas/archive/paris-data/automatic_transcriptions/geniza/all_04_improved_reading_order/990053685120205171/IE168582910/IE168582910_P000001_FL168582912—reco_improved_polys_improved_reading_order.xml,ok,,121,85,reserve_not_needed,
990053492730205171,IE168193413_P000002_FL168193416.jpg,P000002,/nas/archive/paris-data/automatic_transcriptions/geniza/all_04_improved_reading_order/990053492730205171/IE168193413/IE168193413_P000002_FL168193416—reco_improved_polys_improved_reading_order.xml,990053492730205171:584:/nas/archive/paris-data/automatic_transcriptions/geniza/all_04_improved_reading_order/990053492730205171/IE168193413/IE168193413_P000002_FL168193416—reco_improved_polys_improved_reading_order.xml,ok,,107,92,reserve_not_needed,
990053492730205171,IE168193413_P000001_FL168193415.jpg,P000001,/nas/archive/paris-data/automatic_transcriptions/geniza/all_04_improved_reading_order/990053492730205171/IE168193413/IE168193413_P000001_FL168193415—reco_improved_polys_improved_reading_order.xml,990053492730205171:585:/nas/archive/paris-data/automatic_transcriptions/geniza/all_04_improved_reading_order/990053492730205171/IE168193413/IE168193413_P000001_FL168193415—reco_improved_polys_improved_reading_order.xml,ok,,80,56,reserve_not_needed,
990051232370205171,IE165619069_P000002_FL165619072.jpg,P000002,/nas/archive/paris-data/automatic_transcriptions/geniza/all_04_improved_reading_order/990051232370205171/IE165619069/IE165619069_P000002_FL165619072—reco_improved_polys_improved_reading_order.xml,990051232370205171:586:/nas/archive/paris-data/automatic_transcriptions/geniza/all_04_improved_reading_order/990051232370205171/IE165619069/IE165619069_P000002_FL165619072—reco_improved_polys_improved_reading_order.xml,ok,,44,28,reserve_not_needed,
990051232370205171,IE165619069_P000001_FL165619071.jpg,P000001,/nas/archive/paris-data/automatic_transcriptions/geniza/all_04_improved_reading_order/990051232370205171/IE165619069/IE165619069_P000001_FL165619071—reco_improved_polys_improved_reading_order.xml,990051232370205171:587:/nas/archive/paris-data/automatic_transcriptions/geniza/all_04_improved_reading_order/990051232370205171/IE165619069/IE165619069_P000001_FL165619071—reco_improved_polys_improved_reading_order.xml,ok,,366,286,reserve_not_needed,
990052386080205171,IE168125756_P000002_FL168125759.jpg,P000002,/nas/archive/paris-data/automatic_transcriptions/geniza/all_04_improved_reading_order/990052386080205171/IE168125756/IE168125756_P000002_FL168125759—reco_improved_polys_improved_reading_order.xml,990052386080205171:588:/nas/archive/paris-data/automatic_transcriptions/geniza/all_04_improved_reading_order/990052386080205171/IE168125756/IE168125756_P000002_FL168125759—reco_improved_polys_improved_reading_order.xml,ok,,0,0,reserve_not_needed,
990052386080205171,IE168125756_P000001_FL168125758.jpg,P000001,/nas/archive/paris-data/automatic_transcriptions/geniza/all_04_improved_reading_order/990052386080205171/IE168125756/IE168125756_P000001_FL168125758—reco_improved_polys_improved_reading_order.xml,990052386080205171:589:/nas/archive/paris-data/automatic_transcriptions/geniza/all_04_improved_reading_order/990052386080205171/IE168125756/IE168125756_P000001_FL168125758—reco_improved_polys_improved_reading_order.xml,ok,,14,12,reserve_not_needed,
990053495800205171,IE168222969_P000002_FL168222972.jpg,P000002,/nas/archive/paris-data/automatic_transcriptions/geniza/all_04_improved_reading_order/990053495800205171/IE168222969/IE168222969_P000002_FL168222972—reco_improved_polys_improved_reading_order.xml,990053495800205171:590:/nas/archive/paris-data/automatic_transcriptions/geniza/all_04_improved_reading_order/990053495800205171/IE168222969/IE168222969_P000002_FL168222972—reco_improved_polys_improved_reading_order.xml,ok,,563,510,reserve_not_needed,
990053495800205171,IE168222969_P000001_FL168222971.jpg,P000001,/nas/archive/paris-data/automatic_transcriptions/geniza/all_04_improved_reading_order/990053495800205171/IE168222969/IE168222969_P000001_FL168222971—reco_improved_polys_improved_reading_order.xml,990053495800205171:591:/nas/archive/paris-data/automatic_transcriptions/geniza/all_04_improved_reading_order/990053495800205171/IE168222969/IE168222969_P000001_FL168222971—reco_improved_polys_improved_reading_order.xml,ok,,606,539,reserve_not_needed,
990053707120205171,IE168599765_P000001_FL168599767.jpg,P000001,/nas/archive/paris-data/automatic_transcriptions/geniza/all_04_improved_reading_order/990053707120205171/IE168599765/IE168599765_P000001_FL168599767—reco_improved_polys_improved_reading_order.xml,990053707120205171:592:/nas/archive/paris-data/automatic_transcriptions/geniza/all_04_improved_reading_order/990053707120205171/IE168599765/IE168599765_P000001_FL168599767—reco_improved_polys_improved_reading_order.xml,ok,,136,107,reserve_not_needed,
990053707120205171,IE168599765_P000002_FL168599768.jpg,P000002,/nas/archive/paris-data/automatic_transcriptions/geniza/all_04_improved_reading_order/990053707120205171/IE168599765/IE168599765_P000002_FL168599768—reco_improved_polys_improved_reading_order.xml,990053707120205171:593:/nas/archive/paris-data/automatic_transcriptions/geniza/all_04_improved_reading_order/990053707120205171/IE168599765/IE168599765_P000002_FL168599768—reco_improved_polys_improved_reading_order.xml,ok,,55,38,reserve_not_needed,
990051550410205171,IE167168616_P000002_FL167168619.jpg,P000002,/nas/archive/paris-data/automatic_transcriptions/geniza/all_04_improved_reading_order/990051550410205171/IE167168616/IE167168616_P000002_FL167168619—reco_improved_polys_improved_reading_order.xml,990051550410205171:594:/nas/archive/paris-data/automatic_transcriptions/geniza/all_04_improved_reading_order/990051550410205171/IE167168616/IE167168616_P000002_FL167168619—reco_improved_polys_improved_reading_order.xml,ok,,1204,1064,reserve_not_needed,
990051550410205171,IE167168616_P000001_FL167168618.jpg,P000001,/nas/archive/paris-data/automatic_transcriptions/geniza/all_04_improved_reading_order/990051550410205171/IE167168616/IE167168616_P000001_FL167168618—reco_improved_polys_improved_reading_order.xml,990051550410205171:595:/nas/archive/paris-data/automatic_transcriptions/geniza/all_04_improved_reading_order/990051550410205171/IE167168616/IE167168616_P000001_FL167168618—reco_improved_polys_improved_reading_order.xml,ok,,1081,958,reserve_not_needed,
990052216100205171,IE166990982_P000001_FL166990984.jpg,P000001,/nas/archive/paris-data/automatic_transcriptions/geniza/all_04_improved_reading_order/990052216100205171/IE166990982/IE166990982_P000001_FL166990984—reco_improved_polys_improved_reading_order.xml,990052216100205171:596:/nas/archive/paris-data/automatic_transcriptions/geniza/all_04_improved_reading_order/990052216100205171/IE166990982/IE166990982_P000001_FL166990984—reco_improved_polys_improved_reading_order.xml,ok,,238,190,reserve_not_needed,
990052216100205171,IE166990982_P000002_FL166990985.jpg,P000002,/nas/archive/paris-data/automatic_transcriptions/geniza/all_04_improved_reading_order/990052216100205171/IE166990982/IE166990982_P000002_FL166990985—reco_improved_polys_improved_reading_order.xml,990052216100205171:597:/nas/archive/paris-data/automatic_transcriptions/geniza/all_04_improved_reading_order/990052216100205171/IE166990982/IE166990982_P000002_FL166990985—reco_improved_polys_improved_reading_order.xml,ok,,224,186,reserve_not_needed,
990051792430205171,IE167253645_P000002_FL167253648.jpg,P000002,/nas/archive/paris-data/automatic_transcriptions/geniza/all_04_improved_reading_order/990051792430205171/IE167253645/IE167253645_P000002_FL167253648—reco_improved_polys_improved_reading_order.xml,990051792430205171:598:/nas/archive/paris-data/automatic_transcriptions/geniza/all_04_improved_reading_order/990051792430205171/IE167253645/IE167253645_P000002_FL167253648—reco_improved_polys_improved_reading_order.xml,ok,,497,414,reserve_not_needed,
990051792430205171,IE167253645_P000001_FL167253647.jpg,P000001,/nas/archive/paris-data/automatic_transcriptions/geniza/all_04_improved_reading_order/990051792430205171/IE167253645/IE167253645_P000001_FL167253647—reco_improved_polys_improved_reading_order.xml,990051792430205171:599:/nas/archive/paris-data/automatic_transcriptions/geniza/all_04_improved_reading_order/990051792430205171/IE167253645/IE167253645_P000001_FL167253647—reco_improved_polys_improved_reading_order.xml,ok,,470,388,reserve_not_needed,
990053764640205171,IE168624367_P000004_FL168624372.jpg,P000004,/nas/archive/paris-data/automatic_transcriptions/geniza/all_04_improved_reading_order/990053764640205171/IE168624367/IE168624367_P000004_FL168624372—reco_improved_polys_improved_reading_order.xml,990053764640205171:600:/nas/archive/paris-data/automatic_transcriptions/geniza/all_04_improved_reading_order/990053764640205171/IE168624367/IE168624367_P000004_FL168624372—reco_improved_polys_improved_reading_order.xml,empty_or_unreadable,,0,0,reserve_not_needed,
990053764640205171,IE168624367_P000002_FL168624370.jpg,P000002,/nas/archive/paris-data/automatic_transcriptions/geniza/all_04_improved_reading_order/990053764640205171/IE168624367/IE168624367_P000002_FL168624370—reco_improved_polys_improved_reading_order.xml,990053764640205171:601:/nas/archive/paris-data/automatic_transcriptions/geniza/all_04_improved_reading_order/990053764640205171/IE168624367/IE168624367_P000002_FL168624370—reco_improved_polys_improved_reading_order.xml,ok,,19,8,reserve_not_needed,
997012338072705171,IE206727254_P000002_FL206727260.jpg,P000002,/nas/archive/paris-data/automatic_transcriptions/geniza/all_04_improved_reading_order/997012338072705171/IE206727254/IE206727254_P000002_FL206727260—reco_improved_polys_improved_reading_order.xml,997012338072705171:602:/nas/archive/paris-data/automatic_transcriptions/geniza/all_04_improved_reading_order/997012338072705171/IE206727254/IE206727254_P000002_FL206727260—reco_improved_polys_improved_reading_order.xml,ok,,1317,1137,reserve_not_needed,
997012338072705171,IE206727254_P000003_FL206727264.jpg,P000003,/nas/archive/paris-data/automatic_transcriptions/geniza/all_04_improved_reading_order/997012338072705171/IE206727254/IE206727254_P000003_FL206727264—reco_improved_polys_improved_reading_order.xml,997012338072705171:603:/nas/archive/paris-data/automatic_transcriptions/geniza/all_04_improved_reading_order/997012338072705171/IE206727254/IE206727254_P000003_FL206727264—reco_improved_polys_improved_reading_order.xml,ok,,1237,1060,reserve_not_needed,
990053388500205171,IE167220960_P000001_FL167220962.jpg,P000001,/nas/archive/paris-data/automatic_transcriptions/geniza/all_04_improved_reading_order/990053388500205171/IE167220960/IE167220960_P000001_FL167220962—reco_improved_polys_improved_reading_order.xml,990053388500205171:604:/nas/archive/paris-data/automatic_transcriptions/geniza/all_04_improved_reading_order/990053388500205171/IE167220960/IE167220960_P000001_FL167220962—reco_improved_polys_improved_reading_order.xml,ok,,361,274,reserve_not_needed,
990053388500205171,IE167220960_P000002_FL167220963.jpg,P000002,/nas/archive/paris-data/automatic_transcriptions/geniza/all_04_improved_reading_order/990053388500205171/IE167220960/IE167220960_P000002_FL167220963—reco_improved_polys_improved_reading_order.xml,990053388500205171:605:/nas/archive/paris-data/automatic_transcriptions/geniza/all_04_improved_reading_order/990053388500205171/IE167220960/IE167220960_P000002_FL167220963—reco_improved_polys_improved_reading_order.xml,ok,,340,216,reserve_not_needed,
990002019220205171,IE162767516_P000002_FL162767519.jpg,P000002,/nas/archive/paris-data/automatic_transcriptions/geniza/all_04_improved_reading_order/990002019220205171/IE162767516/IE162767516_P000002_FL162767519—reco_improved_polys_improved_reading_order.xml,990002019220205171:606:/nas/archive/paris-data/automatic_transcriptions/geniza/all_04_improved_reading_order/990002019220205171/IE162767516/IE162767516_P000002_FL162767519—reco_improved_polys_improved_reading_order.xml,ok,,424,354,reserve_not_needed,
990002019220205171,IE162767516_P000001_FL162767518.jpg,P000001,/nas/archive/paris-data/automatic_transcriptions/geniza/all_04_improved_reading_order/990002019220205171/IE162767516/IE162767516_P000001_FL162767518—reco_improved_polys_improved_reading_order.xml,990002019220205171:607:/nas/archive/paris-data/automatic_transcriptions/geniza/all_04_improved_reading_order/990002019220205171/IE162767516/IE162767516_P000001_FL162767518—reco_improved_polys_improved_reading_order.xml,ok,,457,398,reserve_not_needed,
990051424660205171,IE160221148_P000001_FL160221151.jpg,P000001,/nas/archive/paris-data/automatic_transcriptions/geniza/all_04_improved_reading_order/990051424660205171/IE160221148/IE160221148_P000001_FL160221151—reco_improved_polys_improved_reading_order.xml,990051424660205171:608:/nas/archive/paris-data/automatic_transcriptions/geniza/all_04_improved_reading_order/990051424660205171/IE160221148/IE160221148_P000001_FL160221151—reco_improved_polys_improved_reading_order.xml,ok,,791,684,reserve_not_needed,
990051424660205171,IE160221148_P000002_FL160221161.jpg,P000002,/nas/archive/paris-data/automatic_transcriptions/geniza/all_04_improved_reading_order/990051424660205171/IE160221148/IE160221148_P000002_FL160221161—reco_improved_polys_improved_reading_order.xml,990051424660205171:609:/nas/archive/paris-data/automatic_transcriptions/geniza/all_04_improved_reading_order/990051424660205171/IE160221148/IE160221148_P000002_FL160221161—reco_improved_polys_improved_reading_order.xml,ok,,860,753,reserve_not_needed,
990051985820205171,IE167513338_P000002_FL167513341.jpg,P000002,/nas/archive/paris-data/automatic_transcriptions/geniza/all_04_improved_reading_order/990051985820205171/IE167513338/IE167513338_P000002_FL167513341—reco_improved_polys_improved_reading_order.xml,990051985820205171:610:/nas/archive/paris-data/automatic_transcriptions/geniza/all_04_improved_reading_order/990051985820205171/IE167513338/IE167513338_P000002_FL167513341—reco_improved_polys_improved_reading_order.xml,ok,,0,0,reserve_not_needed,
990051985820205171,IE167513338_P000001_FL167513340.jpg,P000001,/nas/archive/paris-data/automatic_transcriptions/geniza/all_04_improved_reading_order/990051985820205171/IE167513338/IE167513338_P000001_FL167513340—reco_improved_polys_improved_reading_order.xml,990051985820205171:611:/nas/archive/paris-data/automatic_transcriptions/geniza/all_04_improved_reading_order/990051985820205171/IE167513338/IE167513338_P000001_FL167513340—reco_improved_polys_improved_reading_order.xml,ok,,81,56,reserve_not_needed,
990053866220205171,IE162806786_P000002_FL162806789.jpg,P000002,/nas/archive/paris-data/automatic_transcriptions/geniza/all_04_improved_reading_order/990053866220205171/IE162806786/IE162806786_P000002_FL162806789—reco_improved_polys_improved_reading_order.xml,990053866220205171:612:/nas/archive/paris-data/automatic_transcriptions/geniza/all_04_improved_reading_order/990053866220205171/IE162806786/IE162806786_P000002_FL162806789—reco_improved_polys_improved_reading_order.xml,ok,,214,184,reserve_not_needed,
990053866220205171,IE162806786_P000004_FL162806791.jpg,P000004,/nas/archive/paris-data/automatic_transcriptions/geniza/all_04_improved_reading_order/990053866220205171/IE162806786/IE162806786_P000004_FL162806791—reco_improved_polys_improved_reading_order.xml,990053866220205171:613:/nas/archive/paris-data/automatic_transcriptions/geniza/all_04_improved_reading_order/990053866220205171/IE162806786/IE162806786_P000004_FL162806791—reco_improved_polys_improved_reading_order.xml,ok,,154,118,reserve_not_needed,
990052299330205171,IE167669928_P000002_FL167669931.jpg,P000002,/nas/archive/paris-data/automatic_transcriptions/geniza/all_04_improved_reading_order/990052299330205171/IE167669928/IE167669928_P000002_FL167669931—reco_improved_polys_improved_reading_order.xml,990052299330205171:614:/nas/archive/paris-data/automatic_transcriptions/geniza/all_04_improved_reading_order/990052299330205171/IE167669928/IE167669928_P000002_FL167669931—reco_improved_polys_improved_reading_order.xml,ok,,566,500,reserve_not_needed,
990052299330205171,IE167669928_P000001_FL167669930.jpg,P000001,/nas/archive/paris-data/automatic_transcriptions/geniza/all_04_improved_reading_order/990052299330205171/IE167669928/IE167669928_P000001_FL167669930—reco_improved_polys_improved_reading_order.xml,990052299330205171:615:/nas/archive/paris-data/automatic_transcriptions/geniza/all_04_improved_reading_order/990052299330205171/IE167669928/IE167669928_P000001_FL167669930—reco_improved_polys_improved_reading_order.xml,ok,,731,606,reserve_not_needed,
990053588320205171,IE157366054_P000001_FL157366056.jpg,P000001,/nas/archive/paris-data/automatic_transcriptions/geniza/all_04_improved_reading_order/990053588320205171/IE157366054/IE157366054_P000001_FL157366056—reco_improved_polys_improved_reading_order.xml,990053588320205171:616:/nas/archive/paris-data/automatic_transcriptions/geniza/all_04_improved_reading_order/990053588320205171/IE157366054/IE157366054_P000001_FL157366056—reco_improved_polys_improved_reading_order.xml,ok,,793,626,reserve_not_needed,
990053588320205171,IE157366054_P000002_FL157366057.jpg,P000002,/nas/archive/paris-data/automatic_transcriptions/geniza/all_04_improved_reading_order/990053588320205171/IE157366054/IE157366054_P000002_FL157366057—reco_improved_polys_improved_reading_order.xml,990053588320205171:617:/nas/archive/paris-data/automatic_transcriptions/geniza/all_04_improved_reading_order/990053588320205171/IE157366054/IE157366054_P000002_FL157366057—reco_improved_polys_improved_reading_order.xml,ok,,829,666,reserve_not_needed,
990051345020205171,IE167112110_P000002_FL167112113.jpg,P000002,/nas/archive/paris-data/automatic_transcriptions/geniza/all_04_improved_reading_order/990051345020205171/IE167112110/IE167112110_P000002_FL167112113—reco_improved_polys_improved_reading_order.xml,990051345020205171:618:/nas/archive/paris-data/automatic_transcriptions/geniza/all_04_improved_reading_order/990051345020205171/IE167112110/IE167112110_P000002_FL167112113—reco_improved_polys_improved_reading_order.xml,ok,,0,0,reserve_not_needed,
990051345020205171,IE167112110_P000001_FL167112112.jpg,P000001,/nas/archive/paris-data/automatic_transcriptions/geniza/all_04_improved_reading_order/990051345020205171/IE167112110/IE167112110_P000001_FL167112112—reco_improved_polys_improved_reading_order.xml,990051345020205171:619:/nas/archive/paris-data/automatic_transcriptions/geniza/all_04_improved_reading_order/990051345020205171/IE167112110/IE167112110_P000001_FL167112112—reco_improved_polys_improved_reading_order.xml,ok,,1324,1187,reserve_not_needed,
990001549320205171,IE43566078_P000059_FL43566186.jpg,P000059,/nas/archive/paris-data/automatic_transcriptions/geniza/all_04_improved_reading_order/990001549320205171/IE43566078/IE43566078_P000059_FL43566186—reco_improved_polys_improved_reading_order.xml,990001549320205171:620:/nas/archive/paris-data/automatic_transcriptions/geniza/all_04_improved_reading_order/990001549320205171/IE43566078/IE43566078_P000059_FL43566186—reco_improved_polys_improved_reading_order.xml,ok,,61,56,reserve_not_needed,
990001549320205171,IE43566078_P000049_FL43566176.jpg,P000049,/nas/archive/paris-data/automatic_transcriptions/geniza/all_04_improved_reading_order/990001549320205171/IE43566078/IE43566078_P000049_FL43566176—reco_improved_polys_improved_reading_order.xml,990001549320205171:621:/nas/archive/paris-data/automatic_transcriptions/geniza/all_04_improved_reading_order/990001549320205171/IE43566078/IE43566078_P000049_FL43566176—reco_improved_polys_improved_reading_order.xml,ok,,1532,1365,reserve_not_needed,
990051110600205171,IE168098834_P000001_FL168098836.jpg,P000001,/nas/archive/paris-data/automatic_transcriptions/geniza/all_04_improved_reading_order/990051110600205171/IE168098834/IE168098834_P000001_FL168098836—reco_improved_polys_improved_reading_order.xml,990051110600205171:622:/nas/archive/paris-data/automatic_transcriptions/geniza/all_04_improved_reading_order/990051110600205171/IE168098834/IE168098834_P000001_FL168098836—reco_improved_polys_improved_reading_order.xml,ok,,168,139,reserve_not_needed,
990051110600205171,IE168098834_P000002_FL168098837.jpg,P000002,/nas/archive/paris-data/automatic_transcriptions/geniza/all_04_improved_reading_order/990051110600205171/IE168098834/IE168098834_P000002_FL168098837—reco_improved_polys_improved_reading_order.xml,990051110600205171:623:/nas/archive/paris-data/automatic_transcriptions/geniza/all_04_improved_reading_order/990051110600205171/IE168098834/IE168098834_P000002_FL168098837—reco_improved_polys_improved_reading_order.xml,ok,,171,146,reserve_not_needed,
990051086250205171,IE202607073_P000002_FL202607076.jpg,P000002,/nas/archive/paris-data/automatic_transcriptions/geniza/all_04_improved_reading_order/990051086250205171/IE202607073/IE202607073_P000002_FL202607076—reco_improved_polys_improved_reading_order.xml,990051086250205171:624:/nas/archive/paris-data/automatic_transcriptions/geniza/all_04_improved_reading_order/990051086250205171/IE202607073/IE202607073_P000002_FL202607076—reco_improved_polys_improved_reading_order.xml,ok,,1,1,reserve_not_needed,
990051086250205171,IE202607073_P000001_FL202607075.jpg,P000001,/nas/archive/paris-data/automatic_transcriptions/geniza/all_04_improved_reading_order/990051086250205171/IE202607073/IE202607073_P000001_FL202607075—reco_improved_polys_improved_reading_order.xml,990051086250205171:625:/nas/archive/paris-data/automatic_transcriptions/geniza/all_04_improved_reading_order/990051086250205171/IE202607073/IE202607073_P000001_FL202607075—reco_improved_polys_improved_reading_order.xml,ok,,185,160,reserve_not_needed,
990053420270205171,IE167659452_P000002_FL167659455.jpg,P000002,/nas/archive/paris-data/automatic_transcriptions/geniza/all_04_improved_reading_order/990053420270205171/IE167659452/IE167659452_P000002_FL167659455—reco_improved_polys_improved_reading_order.xml,990053420270205171:626:/nas/archive/paris-data/automatic_transcriptions/geniza/all_04_improved_reading_order/990053420270205171/IE167659452/IE167659452_P000002_FL167659455—reco_improved_polys_improved_reading_order.xml,ok,,75,68,reserve_not_needed,
990053420270205171,IE167659452_P000001_FL167659454.jpg,P000001,/nas/archive/paris-data/automatic_transcriptions/geniza/all_04_improved_reading_order/990053420270205171/IE167659452/IE167659452_P000001_FL167659454—reco_improved_polys_improved_reading_order.xml,990053420270205171:627:/nas/archive/paris-data/automatic_transcriptions/geniza/all_04_improved_reading_order/990053420270205171/IE167659452/IE167659452_P000001_FL167659454—reco_improved_polys_improved_reading_order.xml,ok,,783,628,reserve_not_needed,
990051196690205171,IE165013605_P000001_FL165013607.jpg,P000001,/nas/archive/paris-data/automatic_transcriptions/geniza/all_04_improved_reading_order/990051196690205171/IE165013605/IE165013605_P000001_FL165013607—reco_improved_polys_improved_reading_order.xml,990051196690205171:628:/nas/archive/paris-data/automatic_transcriptions/geniza/all_04_improved_reading_order/990051196690205171/IE165013605/IE165013605_P000001_FL165013607—reco_improved_polys_improved_reading_order.xml,ok,,717,584,reserve_not_needed,
990051196690205171,IE165013605_P000002_FL165013608.jpg,P000002,/nas/archive/paris-data/automatic_transcriptions/geniza/all_04_improved_reading_order/990051196690205171/IE165013605/IE165013605_P000002_FL165013608—reco_improved_polys_improved_reading_order.xml,990051196690205171:629:/nas/archive/paris-data/automatic_transcriptions/geniza/all_04_improved_reading_order/990051196690205171/IE165013605/IE165013605_P000002_FL165013608—reco_improved_polys_improved_reading_order.xml,ok,,35,26,reserve_not_needed,
990052236700205171,IE167180539_P000001_FL167180541.jpg,P000001,/nas/archive/paris-data/automatic_transcriptions/geniza/all_04_improved_reading_order/990052236700205171/IE167180539/IE167180539_P000001_FL167180541—reco_improved_polys_improved_reading_order.xml,990052236700205171:630:/nas/archive/paris-data/automatic_transcriptions/geniza/all_04_improved_reading_order/990052236700205171/IE167180539/IE167180539_P000001_FL167180541—reco_improved_polys_improved_reading_order.xml,ok,,679,619,reserve_not_needed,
990052236700205171,IE167180539_P000002_FL167180542.jpg,P000002,/nas/archive/paris-data/automatic_transcriptions/geniza/all_04_improved_reading_order/990052236700205171/IE167180539/IE167180539_P000002_FL167180542—reco_improved_polys_improved_reading_order.xml,990052236700205171:631:/nas/archive/paris-data/automatic_transcriptions/geniza/all_04_improved_reading_order/990052236700205171/IE167180539/IE167180539_P000002_FL167180542—reco_improved_polys_improved_reading_order.xml,ok,,639,547,reserve_not_needed,
990053072810205171,IE149080136_P000002_FL149080141.jpg,P000002,/nas/archive/paris-data/automatic_transcriptions/geniza/all_04_improved_reading_order/990053072810205171/IE149080136/IE149080136_P000002_FL149080141—reco_improved_polys_improved_reading_order.xml,990053072810205171:632:/nas/archive/paris-data/automatic_transcriptions/geniza/all_04_improved_reading_order/990053072810205171/IE149080136/IE149080136_P000002_FL149080141—reco_improved_polys_improved_reading_order.xml,ok,,264,153,reserve_not_needed,
990053072810205171,IE149080136_P000001_FL149080138.jpg,P000001,/nas/archive/paris-data/automatic_transcriptions/geniza/all_04_improved_reading_order/990053072810205171/IE149080136/IE149080136_P000001_FL149080138—reco_improved_polys_improved_reading_order.xml,990053072810205171:633:/nas/archive/paris-data/automatic_transcriptions/geniza/all_04_improved_reading_order/990053072810205171/IE149080136/IE149080136_P000001_FL149080138—reco_improved_polys_improved_reading_order.xml,ok,,160,107,reserve_not_needed,
990053498650205171,IE168257615_P000001_FL168257617.jpg,P000001,/nas/archive/paris-data/automatic_transcriptions/geniza/all_04_improved_reading_order/990053498650205171/IE168257615/IE168257615_P000001_FL168257617—reco_improved_polys_improved_reading_order.xml,990053498650205171:634:/nas/archive/paris-data/automatic_transcriptions/geniza/all_04_improved_reading_order/990053498650205171/IE168257615/IE168257615_P000001_FL168257617—reco_improved_polys_improved_reading_order.xml,ok,,150,131,reserve_not_needed,
990053498650205171,IE168257615_P000002_FL168257618.jpg,P000002,/nas/archive/paris-data/automatic_transcriptions/geniza/all_04_improved_reading_order/990053498650205171/IE168257615/IE168257615_P000002_FL168257618—reco_improved_polys_improved_reading_order.xml,990053498650205171:635:/nas/archive/paris-data/automatic_transcriptions/geniza/all_04_improved_reading_order/990053498650205171/IE168257615/IE168257615_P000002_FL168257618—reco_improved_polys_improved_reading_order.xml,ok,,193,150,reserve_not_needed,
990053512320205171,IE201856314_P000001_FL201856316.jpg,P000001,/nas/archive/paris-data/automatic_transcriptions/geniza/all_04_improved_reading_order/990053512320205171/IE201856314/IE201856314_P000001_FL201856316—reco_improved_polys_improved_reading_order.xml,990053512320205171:636:/nas/archive/paris-data/automatic_transcriptions/geniza/all_04_improved_reading_order/990053512320205171/IE201856314/IE201856314_P000001_FL201856316—reco_improved_polys_improved_reading_order.xml,ok,,1033,896,reserve_not_needed,
990053512320205171,IE201856314_P000002_FL201856317.jpg,P000002,/nas/archive/paris-data/automatic_transcriptions/geniza/all_04_improved_reading_order/990053512320205171/IE201856314/IE201856314_P000002_FL201856317—reco_improved_polys_improved_reading_order.xml,990053512320205171:637:/nas/archive/paris-data/automatic_transcriptions/geniza/all_04_improved_reading_order/990053512320205171/IE201856314/IE201856314_P000002_FL201856317—reco_improved_polys_improved_reading_order.xml,ok,,1055,949,reserve_not_needed,
990051729090205171,IE164922444_P000002_FL164922447.jpg,P000002,/nas/archive/paris-data/automatic_transcriptions/geniza/all_04_improved_reading_order/990051729090205171/IE164922444/IE164922444_P000002_FL164922447—reco_improved_polys_improved_reading_order.xml,990051729090205171:638:/nas/archive/paris-data/automatic_transcriptions/geniza/all_04_improved_reading_order/990051729090205171/IE164922444/IE164922444_P000002_FL164922447—reco_improved_polys_improved_reading_order.xml,ok,,329,295,reserve_not_needed,
990051729090205171,IE164922444_P000001_FL164922446.jpg,P000001,/nas/archive/paris-data/automatic_transcriptions/geniza/all_04_improved_reading_order/990051729090205171/IE164922444/IE164922444_P000001_FL164922446—reco_improved_polys_improved_reading_order.xml,990051729090205171:639:/nas/archive/paris-data/automatic_transcriptions/geniza/all_04_improved_reading_order/990051729090205171/IE164922444/IE164922444_P000001_FL164922446—reco_improved_polys_improved_reading_order.xml,ok,,311,291,reserve_not_needed,
990053534440205171,IE168518961_P000001_FL168518963.jpg,P000001,/nas/archive/paris-data/automatic_transcriptions/geniza/all_04_improved_reading_order/990053534440205171/IE168518961/IE168518961_P000001_FL168518963—reco_improved_polys_improved_reading_order.xml,990053534440205171:640:/nas/archive/paris-data/automatic_transcriptions/geniza/all_04_improved_reading_order/990053534440205171/IE168518961/IE168518961_P000001_FL168518963—reco_improved_polys_improved_reading_order.xml,ok,,463,417,reserve_not_needed,
990053534440205171,IE168518961_P000002_FL168518964.jpg,P000002,/nas/archive/paris-data/automatic_transcriptions/geniza/all_04_improved_reading_order/990053534440205171/IE168518961/IE168518961_P000002_FL168518964—reco_improved_polys_improved_reading_order.xml,990053534440205171:641:/nas/archive/paris-data/automatic_transcriptions/geniza/all_04_improved_reading_order/990053534440205171/IE168518961/IE168518961_P000002_FL168518964—reco_improved_polys_improved_reading_order.xml,ok,,71,21,reserve_not_needed,
990051838900205171,IE165579035_P000001_FL165579037.jpg,P000001,/nas/archive/paris-data/automatic_transcriptions/geniza/all_04_improved_reading_order/990051838900205171/IE165579035/IE165579035_P000001_FL165579037—reco_improved_polys_improved_reading_order.xml,990051838900205171:642:/nas/archive/paris-data/automatic_transcriptions/geniza/all_04_improved_reading_order/990051838900205171/IE165579035/IE165579035_P000001_FL165579037—reco_improved_polys_improved_reading_order.xml,ok,,36,28,reserve_not_needed,
990051838900205171,IE165579035_P000002_FL165579038.jpg,P000002,/nas/archive/paris-data/automatic_transcriptions/geniza/all_04_improved_reading_order/990051838900205171/IE165579035/IE165579035_P000002_FL165579038—reco_improved_polys_improved_reading_order.xml,990051838900205171:643:/nas/archive/paris-data/automatic_transcriptions/geniza/all_04_improved_reading_order/990051838900205171/IE165579035/IE165579035_P000002_FL165579038—reco_improved_polys_improved_reading_order.xml,ok,,5,3,reserve_not_needed,
990051699250205171,IE169643347_P000002_FL169643350.jpg,P000002,/nas/archive/paris-data/automatic_transcriptions/geniza/all_04_improved_reading_order/990051699250205171/IE169643347/IE169643347_P000002_FL169643350—reco_improved_polys_improved_reading_order.xml,990051699250205171:644:/nas/archive/paris-data/automatic_transcriptions/geniza/all_04_improved_reading_order/990051699250205171/IE169643347/IE169643347_P000002_FL169643350—reco_improved_polys_improved_reading_order.xml,empty_or_unreadable,,0,0,reserve_not_needed,
990051699250205171,IE169643347_P000001_FL169643349.jpg,P000001,/nas/archive/paris-data/automatic_transcriptions/geniza/all_04_improved_reading_order/990051699250205171/IE169643347/IE169643347_P000001_FL169643349—reco_improved_polys_improved_reading_order.xml,990051699250205171:645:/nas/archive/paris-data/automatic_transcriptions/geniza/all_04_improved_reading_order/990051699250205171/IE169643347/IE169643347_P000001_FL169643349—reco_improved_polys_improved_reading_order.xml,ok,,0,0,reserve_not_needed,
990052007190205171,IE202999993_P000001_FL202999995.jpg,P000001,/nas/archive/paris-data/automatic_transcriptions/geniza/all_04_improved_reading_order/990052007190205171/IE202999993/IE202999993_P000001_FL202999995—reco_improved_polys_improved_reading_order.xml,990052007190205171:646:/nas/archive/paris-data/automatic_transcriptions/geniza/all_04_improved_reading_order/990052007190205171/IE202999993/IE202999993_P000001_FL202999995—reco_improved_polys_improved_reading_order.xml,ok,,55,45,reserve_not_needed,
990052007190205171,IE202999993_P000002_FL202999996.jpg,P000002,/nas/archive/paris-data/automatic_transcriptions/geniza/all_04_improved_reading_order/990052007190205171/IE202999993/IE202999993_P000002_FL202999996—reco_improved_polys_improved_reading_order.xml,990052007190205171:647:/nas/archive/paris-data/automatic_transcriptions/geniza/all_04_improved_reading_order/990052007190205171/IE202999993/IE202999993_P000002_FL202999996—reco_improved_polys_improved_reading_order.xml,ok,,55,42,reserve_not_needed,
990051503170205171,IE161408456_P000002_FL161408463.jpg,P000002,/nas/archive/paris-data/automatic_transcriptions/geniza/all_04_improved_reading_order/990051503170205171/IE161408456/IE161408456_P000002_FL161408463—reco_improved_polys_improved_reading_order.xml,990051503170205171:648:/nas/archive/paris-data/automatic_transcriptions/geniza/all_04_improved_reading_order/990051503170205171/IE161408456/IE161408456_P000002_FL161408463—reco_improved_polys_improved_reading_order.xml,ok,,1076,925,reserve_not_needed,
990051503170205171,IE161408456_P000001_FL161408458.jpg,P000001,/nas/archive/paris-data/automatic_transcriptions/geniza/all_04_improved_reading_order/990051503170205171/IE161408456/IE161408456_P000001_FL161408458—reco_improved_polys_improved_reading_order.xml,990051503170205171:649:/nas/archive/paris-data/automatic_transcriptions/geniza/all_04_improved_reading_order/990051503170205171/IE161408456/IE161408456_P000001_FL161408458—reco_improved_polys_improved_reading_order.xml,ok,,1109,1035,reserve_not_needed,
990053198530205171,IE157353364_P000002_FL157353367.jpg,P000002,/nas/archive/paris-data/automatic_transcriptions/geniza/all_04_improved_reading_order/990053198530205171/IE157353364/IE157353364_P000002_FL157353367—reco_improved_polys_improved_reading_order.xml,990053198530205171:650:/nas/archive/paris-data/automatic_transcriptions/geniza/all_04_improved_reading_order/990053198530205171/IE157353364/IE157353364_P000002_FL157353367—reco_improved_polys_improved_reading_order.xml,ok,,0,0,reserve_not_needed,
990053198530205171,IE157353364_P000001_FL157353366.jpg,P000001,/nas/archive/paris-data/automatic_transcriptions/geniza/all_04_improved_reading_order/990053198530205171/IE157353364/IE157353364_P000001_FL157353366—reco_improved_polys_improved_reading_order.xml,990053198530205171:651:/nas/archive/paris-data/automatic_transcriptions/geniza/all_04_improved_reading_order/990053198530205171/IE157353364/IE157353364_P000001_FL157353366—reco_improved_polys_improved_reading_order.xml,ok,,20,13,reserve_not_needed,
990051664060205171,IE169418383_P000001_FL169418388.jpg,P000001,/nas/archive/paris-data/automatic_transcriptions/geniza/all_04_improved_reading_order/990051664060205171/IE169418383/IE169418383_P000001_FL169418388—reco_improved_polys_improved_reading_order.xml,990051664060205171:652:/nas/archive/paris-data/automatic_transcriptions/geniza/all_04_improved_reading_order/990051664060205171/IE169418383/IE169418383_P000001_FL169418388—reco_improved_polys_improved_reading_order.xml,ok,,295,222,reserve_not_needed,
990051664060205171,IE169418383_P000002_FL169418389.jpg,P000002,/nas/archive/paris-data/automatic_transcriptions/geniza/all_04_improved_reading_order/990051664060205171/IE169418383/IE169418383_P000002_FL169418389—reco_improved_polys_improved_reading_order.xml,990051664060205171:653:/nas/archive/paris-data/automatic_transcriptions/geniza/all_04_improved_reading_order/990051664060205171/IE169418383/IE169418383_P000002_FL169418389—reco_improved_polys_improved_reading_order.xml,empty_or_unreadable,,0,0,reserve_not_needed,
990051286140205171,IE167051794_P000002_FL167051797.jpg,P000002,/nas/archive/paris-data/automatic_transcriptions/geniza/all_04_improved_reading_order/990051286140205171/IE167051794/IE167051794_P000002_FL167051797—reco_improved_polys_improved_reading_order.xml,990051286140205171:654:/nas/archive/paris-data/automatic_transcriptions/geniza/all_04_improved_reading_order/990051286140205171/IE167051794/IE167051794_P000002_FL167051797—reco_improved_polys_improved_reading_order.xml,empty_or_unreadable,,0,0,reserve_not_needed,
990051286140205171,IE167051794_P000001_FL167051796.jpg,P000001,/nas/archive/paris-data/automatic_transcriptions/geniza/all_04_improved_reading_order/990051286140205171/IE167051794/IE167051794_P000001_FL167051796—reco_improved_polys_improved_reading_order.xml,990051286140205171:655:/nas/archive/paris-data/automatic_transcriptions/geniza/all_04_improved_reading_order/990051286140205171/IE167051794/IE167051794_P000001_FL167051796—reco_improved_polys_improved_reading_order.xml,ok,,0,0,reserve_not_needed,
990051202120205171,IE169341435_P000001_FL169341437.jpg,P000001,/nas/archive/paris-data/automatic_transcriptions/geniza/all_04_improved_reading_order/990051202120205171/IE169341435/IE169341435_P000001_FL169341437—reco_improved_polys_improved_reading_order.xml,990051202120205171:656:/nas/archive/paris-data/automatic_transcriptions/geniza/all_04_improved_reading_order/990051202120205171/IE169341435/IE169341435_P000001_FL169341437—reco_improved_polys_improved_reading_order.xml,ok,,331,268,reserve_not_needed,
990051202120205171,IE169341435_P000002_FL169341438.jpg,P000002,/nas/archive/paris-data/automatic_transcriptions/geniza/all_04_improved_reading_order/990051202120205171/IE169341435/IE169341435_P000002_FL169341438—reco_improved_polys_improved_reading_order.xml,990051202120205171:657:/nas/archive/paris-data/automatic_transcriptions/geniza/all_04_improved_reading_order/990051202120205171/IE169341435/IE169341435_P000002_FL169341438—reco_improved_polys_improved_reading_order.xml,ok,,54,40,reserve_not_needed,
990053577920205171,IE156448583_P000002_FL156448592.jpg,P000002,/nas/archive/paris-data/automatic_transcriptions/geniza/all_04_improved_reading_order/990053577920205171/IE156448583/IE156448583_P000002_FL156448592—reco_improved_polys_improved_reading_order.xml,990053577920205171:658:/nas/archive/paris-data/automatic_transcriptions/geniza/all_04_improved_reading_order/990053577920205171/IE156448583/IE156448583_P000002_FL156448592—reco_improved_polys_improved_reading_order.xml,ok,,370,319,reserve_not_needed,
990053577920205171,IE156448583_P000001_FL156448585.jpg,P000001,/nas/archive/paris-data/automatic_transcriptions/geniza/all_04_improved_reading_order/990053577920205171/IE156448583/IE156448583_P000001_FL156448585—reco_improved_polys_improved_reading_order.xml,990053577920205171:659:/nas/archive/paris-data/automatic_transcriptions/geniza/all_04_improved_reading_order/990053577920205171/IE156448583/IE156448583_P000001_FL156448585—reco_improved_polys_improved_reading_order.xml,ok,,353,312,reserve_not_needed,
990053160420205171,IE203060903_P000001_FL203060905.jpg,P000001,/nas/archive/paris-data/automatic_transcriptions/geniza/all_04_improved_reading_order/990053160420205171/IE203060903/IE203060903_P000001_FL203060905—reco_improved_polys_improved_reading_order.xml,990053160420205171:660:/nas/archive/paris-data/automatic_transcriptions/geniza/all_04_improved_reading_order/990053160420205171/IE203060903/IE203060903_P000001_FL203060905—reco_improved_polys_improved_reading_order.xml,ok,,460,414,reserve_not_needed,
990053160420205171,IE203060903_P000002_FL203060906.jpg,P000002,/nas/archive/paris-data/automatic_transcriptions/geniza/all_04_improved_reading_order/990053160420205171/IE203060903/IE203060903_P000002_FL203060906—reco_improved_polys_improved_reading_order.xml,990053160420205171:661:/nas/archive/paris-data/automatic_transcriptions/geniza/all_04_improved_reading_order/990053160420205171/IE203060903/IE203060903_P000002_FL203060906—reco_improved_polys_improved_reading_order.xml,ok,,451,403,reserve_not_needed,
990051260070205171,IE166070452_P000001_FL166070454.jpg,P000001,/nas/archive/paris-data/automatic_transcriptions/geniza/all_04_improved_reading_order/990051260070205171/IE166070452/IE166070452_P000001_FL166070454—reco_improved_polys_improved_reading_order.xml,990051260070205171:662:/nas/archive/paris-data/automatic_transcriptions/geniza/all_04_improved_reading_order/990051260070205171/IE166070452/IE166070452_P000001_FL166070454—reco_improved_polys_improved_reading_order.xml,ok,,1203,1089,reserve_not_needed,
990051260070205171,IE166070452_P000002_FL166070455.jpg,P000002,/nas/archive/paris-data/automatic_transcriptions/geniza/all_04_improved_reading_order/990051260070205171/IE166070452/IE166070452_P000002_FL166070455—reco_improved_polys_improved_reading_order.xml,990051260070205171:663:/nas/archive/paris-data/automatic_transcriptions/geniza/all_04_improved_reading_order/990051260070205171/IE166070452/IE166070452_P000002_FL166070455—reco_improved_polys_improved_reading_order.xml,ok,,1292,1115,reserve_not_needed,
990052105660205171,IE169584962_P000001_FL169584964.jpg,P000001,/nas/archive/paris-data/automatic_transcriptions/geniza/all_04_improved_reading_order/990052105660205171/IE169584962/IE169584962_P000001_FL169584964—reco_improved_polys_improved_reading_order.xml,990052105660205171:664:/nas/archive/paris-data/automatic_transcriptions/geniza/all_04_improved_reading_order/990052105660205171/IE169584962/IE169584962_P000001_FL169584964—reco_improved_polys_improved_reading_order.xml,ok,,24,21,reserve_not_needed,
990052105660205171,IE169584962_P000002_FL169584965.jpg,P000002,/nas/archive/paris-data/automatic_transcriptions/geniza/all_04_improved_reading_order/990052105660205171/IE169584962/IE169584962_P000002_FL169584965—reco_improved_polys_improved_reading_order.xml,990052105660205171:665:/nas/archive/paris-data/automatic_transcriptions/geniza/all_04_improved_reading_order/990052105660205171/IE169584962/IE169584962_P000002_FL169584965—reco_improved_polys_improved_reading_order.xml,ok,,60,55,reserve_not_needed,
990053003550205171,IE147458942_P000001_FL147458944.jpg,P000001,/nas/archive/paris-data/automatic_transcriptions/geniza/all_04_improved_reading_order/990053003550205171/IE147458942/IE147458942_P000001_FL147458944—reco_improved_polys_improved_reading_order.xml,990053003550205171:666:/nas/archive/paris-data/automatic_transcriptions/geniza/all_04_improved_reading_order/990053003550205171/IE147458942/IE147458942_P000001_FL147458944—reco_improved_polys_improved_reading_order.xml,ok,,274,250,reserve_not_needed,
990053003550205171,IE147458942_P000002_FL147458945.jpg,P000002,/nas/archive/paris-data/automatic_transcriptions/geniza/all_04_improved_reading_order/990053003550205171/IE147458942/IE147458942_P000002_FL147458945—reco_improved_polys_improved_reading_order.xml,990053003550205171:667:/nas/archive/paris-data/automatic_transcriptions/geniza/all_04_improved_reading_order/990053003550205171/IE147458942/IE147458942_P000002_FL147458945—reco_improved_polys_improved_reading_order.xml,ok,,10,5,reserve_not_needed,
990051502420205171,IE161407531_P000001_FL161407533.jpg,P000001,/nas/archive/paris-data/automatic_transcriptions/geniza/all_04_improved_reading_order/990051502420205171/IE161407531/IE161407531_P000001_FL161407533—reco_improved_polys_improved_reading_order.xml,990051502420205171:668:/nas/archive/paris-data/automatic_transcriptions/geniza/all_04_improved_reading_order/990051502420205171/IE161407531/IE161407531_P000001_FL161407533—reco_improved_polys_improved_reading_order.xml,ok,,471,444,reserve_not_needed,
990051502420205171,IE161407531_P000002_FL161407534.jpg,P000002,/nas/archive/paris-data/automatic_transcriptions/geniza/all_04_improved_reading_order/990051502420205171/IE161407531/IE161407531_P000002_FL161407534—reco_improved_polys_improved_reading_order.xml,990051502420205171:669:/nas/archive/paris-data/automatic_transcriptions/geniza/all_04_improved_reading_order/990051502420205171/IE161407531/IE161407531_P000002_FL161407534—reco_improved_polys_improved_reading_order.xml,ok,,0,0,reserve_not_needed,
990053962690205171,IE168781106_P000002_FL168781110.jpg,P000002,/nas/archive/paris-data/automatic_transcriptions/geniza/all_04_improved_reading_order/990053962690205171/IE168781106/IE168781106_P000002_FL168781110—reco_improved_polys_improved_reading_order.xml,990053962690205171:670:/nas/archive/paris-data/automatic_transcriptions/geniza/all_04_improved_reading_order/990053962690205171/IE168781106/IE168781106_P000002_FL168781110—reco_improved_polys_improved_reading_order.xml,ok,,670,578,reserve_not_needed,
990053962690205171,IE168781106_P000001_FL168781108.jpg,P000001,/nas/archive/paris-data/automatic_transcriptions/geniza/all_04_improved_reading_order/990053962690205171/IE168781106/IE168781106_P000001_FL168781108—reco_improved_polys_improved_reading_order.xml,990053962690205171:671:/nas/archive/paris-data/automatic_transcriptions/geniza/all_04_improved_reading_order/990053962690205171/IE168781106/IE168781106_P000001_FL168781108—reco_improved_polys_improved_reading_order.xml,ok,,766,660,reserve_not_needed,
990053503750205171,IE203131962_P000001_FL203131965.jpg,P000001,/nas/archive/paris-data/automatic_transcriptions/geniza/all_04_improved_reading_order/990053503750205171/IE203131962/IE203131962_P000001_FL203131965—reco_improved_polys_improved_reading_order.xml,990053503750205171:672:/nas/archive/paris-data/automatic_transcriptions/geniza/all_04_improved_reading_order/990053503750205171/IE203131962/IE203131962_P000001_FL203131965—reco_improved_polys_improved_reading_order.xml,ok,,494,449,reserve_not_needed,
990053503750205171,IE203131962_P000002_FL203131972.jpg,P000002,/nas/archive/paris-data/automatic_transcriptions/geniza/all_04_improved_reading_order/990053503750205171/IE203131962/IE203131962_P000002_FL203131972—reco_improved_polys_improved_reading_order.xml,990053503750205171:673:/nas/archive/paris-data/automatic_transcriptions/geniza/all_04_improved_reading_order/990053503750205171/IE203131962/IE203131962_P000002_FL203131972—reco_improved_polys_improved_reading_order.xml,ok,,524,460,reserve_not_needed,
990053234600205171,IE158840034_P000001_FL158840037.jpg,P000001,/nas/archive/paris-data/automatic_transcriptions/geniza/all_04_improved_reading_order/990053234600205171/IE158840034/IE158840034_P000001_FL158840037—reco_improved_polys_improved_reading_order.xml,990053234600205171:674:/nas/archive/paris-data/automatic_transcriptions/geniza/all_04_improved_reading_order/990053234600205171/IE158840034/IE158840034_P000001_FL158840037—reco_improved_polys_improved_reading_order.xml,ok,,1698,1203,reserve_not_needed,
990053234600205171,IE158840034_P000002_FL158840040.jpg,P000002,/nas/archive/paris-data/automatic_transcriptions/geniza/all_04_improved_reading_order/990053234600205171/IE158840034/IE158840034_P000002_FL158840040—reco_improved_polys_improved_reading_order.xml,990053234600205171:675:/nas/archive/paris-data/automatic_transcriptions/geniza/all_04_improved_reading_order/990053234600205171/IE158840034/IE158840034_P000002_FL158840040—reco_improved_polys_improved_reading_order.xml,ok,,1799,1238,reserve_not_needed,
990051113760205171,IE163085538_P000001_FL163085540.jpg,P000001,/nas/archive/paris-data/automatic_transcriptions/geniza/all_04_improved_reading_order/990051113760205171/IE163085538/IE163085538_P000001_FL163085540—reco_improved_polys_improved_reading_order.xml,990051113760205171:676:/nas/archive/paris-data/automatic_transcriptions/geniza/all_04_improved_reading_order/990051113760205171/IE163085538/IE163085538_P000001_FL163085540—reco_improved_polys_improved_reading_order.xml,ok,,934,731,reserve_not_needed,
990051113760205171,IE163085538_P000002_FL163085541.jpg,P000002,/nas/archive/paris-data/automatic_transcriptions/geniza/all_04_improved_reading_order/990051113760205171/IE163085538/IE163085538_P000002_FL163085541—reco_improved_polys_improved_reading_order.xml,990051113760205171:677:/nas/archive/paris-data/automatic_transcriptions/geniza/all_04_improved_reading_order/990051113760205171/IE163085538/IE163085538_P000002_FL163085541—reco_improved_polys_improved_reading_order.xml,ok,,623,504,reserve_not_needed,
990051717690205171,IE164894630_P000002_FL164894633.jpg,P000002,/nas/archive/paris-data/automatic_transcriptions/geniza/all_04_improved_reading_order/990051717690205171/IE164894630/IE164894630_P000002_FL164894633—reco_improved_polys_improved_reading_order.xml,990051717690205171:678:/nas/archive/paris-data/automatic_transcriptions/geniza/all_04_improved_reading_order/990051717690205171/IE164894630/IE164894630_P000002_FL164894633—reco_improved_polys_improved_reading_order.xml,ok,,94,83,reserve_not_needed,
990051717690205171,IE164894630_P000001_FL164894632.jpg,P000001,/nas/archive/paris-data/automatic_transcriptions/geniza/all_04_improved_reading_order/990051717690205171/IE164894630/IE164894630_P000001_FL164894632—reco_improved_polys_improved_reading_order.xml,990051717690205171:679:/nas/archive/paris-data/automatic_transcriptions/geniza/all_04_improved_reading_order/990051717690205171/IE164894630/IE164894630_P000001_FL164894632—reco_improved_polys_improved_reading_order.xml,ok,,577,488,reserve_not_needed,
990051459550205171,IE160995483_P000002_FL160995488.jpg,P000002,/nas/archive/paris-data/automatic_transcriptions/geniza/all_04_improved_reading_order/990051459550205171/IE160995483/IE160995483_P000002_FL160995488—reco_improved_polys_improved_reading_order.xml,990051459550205171:680:/nas/archive/paris-data/automatic_transcriptions/geniza/all_04_improved_reading_order/990051459550205171/IE160995483/IE160995483_P000002_FL160995488—reco_improved_polys_improved_reading_order.xml,ok,,760,664,reserve_not_needed,
990051459550205171,IE160995483_P000001_FL160995487.jpg,P000001,/nas/archive/paris-data/automatic_transcriptions/geniza/all_04_improved_reading_order/990051459550205171/IE160995483/IE160995483_P000001_FL160995487—reco_improved_polys_improved_reading_order.xml,990051459550205171:681:/nas/archive/paris-data/automatic_transcriptions/geniza/all_04_improved_reading_order/990051459550205171/IE160995483/IE160995483_P000001_FL160995487—reco_improved_polys_improved_reading_order.xml,ok,,701,613,reserve_not_needed,
990051158390205171,IE169625733_P000002_FL169625736.jpg,P000002,/nas/archive/paris-data/automatic_transcriptions/geniza/all_04_improved_reading_order/990051158390205171/IE169625733/IE169625733_P000002_FL169625736—reco_improved_polys_improved_reading_order.xml,990051158390205171:682:/nas/archive/paris-data/automatic_transcriptions/geniza/all_04_improved_reading_order/990051158390205171/IE169625733/IE169625733_P000002_FL169625736—reco_improved_polys_improved_reading_order.xml,ok,,1665,1481,reserve_not_needed,
990051158390205171,IE169625733_P000001_FL169625735.jpg,P000001,/nas/archive/paris-data/automatic_transcriptions/geniza/all_04_improved_reading_order/990051158390205171/IE169625733/IE169625733_P000001_FL169625735—reco_improved_polys_improved_reading_order.xml,990051158390205171:683:/nas/archive/paris-data/automatic_transcriptions/geniza/all_04_improved_reading_order/990051158390205171/IE169625733/IE169625733_P000001_FL169625735—reco_improved_polys_improved_reading_order.xml,ok,,1766,1517,reserve_not_needed,
990051355180205171,IE158574337_P000001_FL158574340.jpg,P000001,/nas/archive/paris-data/automatic_transcriptions/geniza/all_04_improved_reading_order/990051355180205171/IE158574337/IE158574337_P000001_FL158574340—reco_improved_polys_improved_reading_order.xml,990051355180205171:684:/nas/archive/paris-data/automatic_transcriptions/geniza/all_04_improved_reading_order/990051355180205171/IE158574337/IE158574337_P000001_FL158574340—reco_improved_polys_improved_reading_order.xml,ok,,282,255,reserve_not_needed,
990051355180205171,IE158574337_P000002_FL158574346.jpg,P000002,/nas/archive/paris-data/automatic_transcriptions/geniza/all_04_improved_reading_order/990051355180205171/IE158574337/IE158574337_P000002_FL158574346—reco_improved_polys_improved_reading_order.xml,990051355180205171:685:/nas/archive/paris-data/automatic_transcriptions/geniza/all_04_improved_reading_order/990051355180205171/IE158574337/IE158574337_P000002_FL158574346—reco_improved_polys_improved_reading_order.xml,ok,,264,213,reserve_not_needed,
990053736260205171,IE168549627_P000002_FL168549630.jpg,P000002,/nas/archive/paris-data/automatic_transcriptions/geniza/all_04_improved_reading_order/990053736260205171/IE168549627/IE168549627_P000002_FL168549630—reco_improved_polys_improved_reading_order.xml,990053736260205171:686:/nas/archive/paris-data/automatic_transcriptions/geniza/all_04_improved_reading_order/990053736260205171/IE168549627/IE168549627_P000002_FL168549630—reco_improved_polys_improved_reading_order.xml,ok,,26,21,reserve_not_needed,
990053736260205171,IE168549627_P000001_FL168549629.jpg,P000001,/nas/archive/paris-data/automatic_transcriptions/geniza/all_04_improved_reading_order/990053736260205171/IE168549627/IE168549627_P000001_FL168549629—reco_improved_polys_improved_reading_order.xml,990053736260205171:687:/nas/archive/paris-data/automatic_transcriptions/geniza/all_04_improved_reading_order/990053736260205171/IE168549627/IE168549627_P000001_FL168549629—reco_improved_polys_improved_reading_order.xml,ok,,56,48,reserve_not_needed,
990002031280205171,IE162825359_P000002_FL162825362.jpg,P000002,/nas/archive/paris-data/automatic_transcriptions/geniza/all_04_improved_reading_order/990002031280205171/IE162825359/IE162825359_P000002_FL162825362—reco_improved_polys_improved_reading_order.xml,990002031280205171:688:/nas/archive/paris-data/automatic_transcriptions/geniza/all_04_improved_reading_order/990002031280205171/IE162825359/IE162825359_P000002_FL162825362—reco_improved_polys_improved_reading_order.xml,ok,,57,52,reserve_not_needed,
990002031280205171,IE162825359_P000001_FL162825361.jpg,P000001,/nas/archive/paris-data/automatic_transcriptions/geniza/all_04_improved_reading_order/990002031280205171/IE162825359/IE162825359_P000001_FL162825361—reco_improved_polys_improved_reading_order.xml,990002031280205171:689:/nas/archive/paris-data/automatic_transcriptions/geniza/all_04_improved_reading_order/990002031280205171/IE162825359/IE162825359_P000001_FL162825361—reco_improved_polys_improved_reading_order.xml,ok,,531,453,reserve_not_needed,
990051378450205171,IE159130094_P000002_FL159130114.jpg,P000002,/nas/archive/paris-data/automatic_transcriptions/geniza/all_04_improved_reading_order/990051378450205171/IE159130094/IE159130094_P000002_FL159130114—reco_improved_polys_improved_reading_order.xml,990051378450205171:690:/nas/archive/paris-data/automatic_transcriptions/geniza/all_04_improved_reading_order/990051378450205171/IE159130094/IE159130094_P000002_FL159130114—reco_improved_polys_improved_reading_order.xml,ok,,378,335,reserve_not_needed,
990051378450205171,IE159130094_P000001_FL159130097.jpg,P000001,/nas/archive/paris-data/automatic_transcriptions/geniza/all_04_improved_reading_order/990051378450205171/IE159130094/IE159130094_P000001_FL159130097—reco_improved_polys_improved_reading_order.xml,990051378450205171:691:/nas/archive/paris-data/automatic_transcriptions/geniza/all_04_improved_reading_order/990051378450205171/IE159130094/IE159130094_P000001_FL159130097—reco_improved_polys_improved_reading_order.xml,ok,,215,171,reserve_not_needed,
990052327790205171,IE167887289_P000002_FL167887292.jpg,P000002,/nas/archive/paris-data/automatic_transcriptions/geniza/all_04_improved_reading_order/990052327790205171/IE167887289/IE167887289_P000002_FL167887292—reco_improved_polys_improved_reading_order.xml,990052327790205171:692:/nas/archive/paris-data/automatic_transcriptions/geniza/all_04_improved_reading_order/990052327790205171/IE167887289/IE167887289_P000002_FL167887292—reco_improved_polys_improved_reading_order.xml,ok,,203,167,reserve_not_needed,
990052327790205171,IE167887289_P000001_FL167887291.jpg,P000001,/nas/archive/paris-data/automatic_transcriptions/geniza/all_04_improved_reading_order/990052327790205171/IE167887289/IE167887289_P000001_FL167887291—reco_improved_polys_improved_reading_order.xml,990052327790205171:693:/nas/archive/paris-data/automatic_transcriptions/geniza/all_04_improved_reading_order/990052327790205171/IE167887289/IE167887289_P000001_FL167887291—reco_improved_polys_improved_reading_order.xml,ok,,199,175,reserve_not_needed,
990053477980205171,IE168107398_P000002_FL168107401.jpg,P000002,/nas/archive/paris-data/automatic_transcriptions/geniza/all_04_improved_reading_order/990053477980205171/IE168107398/IE168107398_P000002_FL168107401—reco_improved_polys_improved_reading_order.xml,990053477980205171:694:/nas/archive/paris-data/automatic_transcriptions/geniza/all_04_improved_reading_order/990053477980205171/IE168107398/IE168107398_P000002_FL168107401—reco_improved_polys_improved_reading_order.xml,ok,,386,349,reserve_not_needed,
990053477980205171,IE168107398_P000001_FL168107400.jpg,P000001,/nas/archive/paris-data/automatic_transcriptions/geniza/all_04_improved_reading_order/990053477980205171/IE168107398/IE168107398_P000001_FL168107400—reco_improved_polys_improved_reading_order.xml,990053477980205171:695:/nas/archive/paris-data/automatic_transcriptions/geniza/all_04_improved_reading_order/990053477980205171/IE168107398/IE168107398_P000001_FL168107400—reco_improved_polys_improved_reading_order.xml,ok,,386,358,reserve_not_needed,
990052413680205171,IE168208953_P000002_FL168208956.jpg,P000002,/nas/archive/paris-data/automatic_transcriptions/geniza/all_04_improved_reading_order/990052413680205171/IE168208953/IE168208953_P000002_FL168208956—reco_improved_polys_improved_reading_order.xml,990052413680205171:696:/nas/archive/paris-data/automatic_transcriptions/geniza/all_04_improved_reading_order/990052413680205171/IE168208953/IE168208953_P000002_FL168208956—reco_improved_polys_improved_reading_order.xml,ok,,7,4,reserve_not_needed,
990052413680205171,IE168208953_P000001_FL168208955.jpg,P000001,/nas/archive/paris-data/automatic_transcriptions/geniza/all_04_improved_reading_order/990052413680205171/IE168208953/IE168208953_P000001_FL168208955—reco_improved_polys_improved_reading_order.xml,990052413680205171:697:/nas/archive/paris-data/automatic_transcriptions/geniza/all_04_improved_reading_order/990052413680205171/IE168208953/IE168208953_P000001_FL168208955—reco_improved_polys_improved_reading_order.xml,ok,,320,280,reserve_not_needed,
990053903310205171,IE201503946_P000001_FL201503948.jpg,P000001,/nas/archive/paris-data/automatic_transcriptions/geniza/all_04_improved_reading_order/990053903310205171/IE201503946/IE201503946_P000001_FL201503948—reco_improved_polys_improved_reading_order.xml,990053903310205171:698:/nas/archive/paris-data/automatic_transcriptions/geniza/all_04_improved_reading_order/990053903310205171/IE201503946/IE201503946_P000001_FL201503948—reco_improved_polys_improved_reading_order.xml,ok,,527,462,reserve_not_needed,
990053903310205171,IE201503946_P000003_FL201503950.jpg,P000003,/nas/archive/paris-data/automatic_transcriptions/geniza/all_04_improved_reading_order/990053903310205171/IE201503946/IE201503946_P000003_FL201503950—reco_improved_polys_improved_reading_order.xml,990053903310205171:699:/nas/archive/paris-data/automatic_transcriptions/geniza/all_04_improved_reading_order/990053903310205171/IE201503946/IE201503946_P000003_FL201503950—reco_improved_polys_improved_reading_order.xml,ok,,574,514,reserve_not_needed,
990051230160205171,IE165605189_P000002_FL165605192.jpg,P000002,/nas/archive/paris-data/automatic_transcriptions/geniza/all_04_improved_reading_order/990051230160205171/IE165605189/IE165605189_P000002_FL165605192—reco_improved_polys_improved_reading_order.xml,990051230160205171:700:/nas/archive/paris-data/automatic_transcriptions/geniza/all_04_improved_reading_order/990051230160205171/IE165605189/IE165605189_P000002_FL165605192—reco_improved_polys_improved_reading_order.xml,ok,,1,1,reserve_not_needed,
990051230160205171,IE165605189_P000001_FL165605191.jpg,P000001,/nas/archive/paris-data/automatic_transcriptions/geniza/all_04_improved_reading_order/990051230160205171/IE165605189/IE165605189_P000001_FL165605191—reco_improved_polys_improved_reading_order.xml,990051230160205171:701:/nas/archive/paris-data/automatic_transcriptions/geniza/all_04_improved_reading_order/990051230160205171/IE165605189/IE165605189_P000001_FL165605191—reco_improved_polys_improved_reading_order.xml,ok,,309,284,reserve_not_needed,
990051267280205171,IE166234241_P000001_FL166234243.jpg,P000001,/nas/archive/paris-data/automatic_transcriptions/geniza/all_04_improved_reading_order/990051267280205171/IE166234241/IE166234241_P000001_FL166234243—reco_improved_polys_improved_reading_order.xml,990051267280205171:702:/nas/archive/paris-data/automatic_transcriptions/geniza/all_04_improved_reading_order/990051267280205171/IE166234241/IE166234241_P000001_FL166234243—reco_improved_polys_improved_reading_order.xml,ok,,670,597,reserve_not_needed,
990051267280205171,IE166234241_P000002_FL166234244.jpg,P000002,/nas/archive/paris-data/automatic_transcriptions/geniza/all_04_improved_reading_order/990051267280205171/IE166234241/IE166234241_P000002_FL166234244—reco_improved_polys_improved_reading_order.xml,990051267280205171:703:/nas/archive/paris-data/automatic_transcriptions/geniza/all_04_improved_reading_order/990051267280205171/IE166234241/IE166234241_P000002_FL166234244—reco_improved_polys_improved_reading_order.xml,ok,,628,565,reserve_not_needed,
990001529600205171,IE38281061_P000001_FL38281063.jpg,P000001,/nas/archive/paris-data/automatic_transcriptions/geniza/all_04_improved_reading_order/990001529600205171/IE38281061/IE38281061_P000001_FL38281063—reco_improved_polys_improved_reading_order.xml,990001529600205171:704:/nas/archive/paris-data/automatic_transcriptions/geniza/all_04_improved_reading_order/990001529600205171/IE38281061/IE38281061_P000001_FL38281063—reco_improved_polys_improved_reading_order.xml,ok,,0,0,reserve_not_needed,
990001529600205171,IE38281061_P000015_FL38281404.jpg,P000015,/nas/archive/paris-data/automatic_transcriptions/geniza/all_04_improved_reading_order/990001529600205171/IE38281061/IE38281061_P000015_FL38281404—reco_improved_polys_improved_reading_order.xml,990001529600205171:705:/nas/archive/paris-data/automatic_transcriptions/geniza/all_04_improved_reading_order/990001529600205171/IE38281061/IE38281061_P000015_FL38281404—reco_improved_polys_improved_reading_order.xml,ok,,5,4,reserve_not_needed,
990052250960205171,IE167274715_P000002_FL167274718.jpg,P000002,/nas/archive/paris-data/automatic_transcriptions/geniza/all_04_improved_reading_order/990052250960205171/IE167274715/IE167274715_P000002_FL167274718—reco_improved_polys_improved_reading_order.xml,990052250960205171:706:/nas/archive/paris-data/automatic_transcriptions/geniza/all_04_improved_reading_order/990052250960205171/IE167274715/IE167274715_P000002_FL167274718—reco_improved_polys_improved_reading_order.xml,ok,,15,13,reserve_not_needed,
990052250960205171,IE167274715_P000001_FL167274717.jpg,P000001,/nas/archive/paris-data/automatic_transcriptions/geniza/all_04_improved_reading_order/990052250960205171/IE167274715/IE167274715_P000001_FL167274717—reco_improved_polys_improved_reading_order.xml,990052250960205171:707:/nas/archive/paris-data/automatic_transcriptions/geniza/all_04_improved_reading_order/990052250960205171/IE167274715/IE167274715_P000001_FL167274717—reco_improved_polys_improved_reading_order.xml,ok,,18,13,reserve_not_needed,
990051919740205171,IE165822986_P000001_FL165822989.jpg,P000001,/nas/archive/paris-data/automatic_transcriptions/geniza/all_04_improved_reading_order/990051919740205171/IE165822986/IE165822986_P000001_FL165822989—reco_improved_polys_improved_reading_order.xml,990051919740205171:708:/nas/archive/paris-data/automatic_transcriptions/geniza/all_04_improved_reading_order/990051919740205171/IE165822986/IE165822986_P000001_FL165822989—reco_improved_polys_improved_reading_order.xml,ok,,9,9,reserve_not_needed,
990051919740205171,IE165822986_P000002_FL165822990.jpg,P000002,/nas/archive/paris-data/automatic_transcriptions/geniza/all_04_improved_reading_order/990051919740205171/IE165822986/IE165822986_P000002_FL165822990—reco_improved_polys_improved_reading_order.xml,990051919740205171:709:/nas/archive/paris-data/automatic_transcriptions/geniza/all_04_improved_reading_order/990051919740205171/IE165822986/IE165822986_P000002_FL165822990—reco_improved_polys_improved_reading_order.xml,ok,,19,17,reserve_not_needed,
990053687520205171,IE168591150_P000001_FL168591152.jpg,P000001,/nas/archive/paris-data/automatic_transcriptions/geniza/all_04_improved_reading_order/990053687520205171/IE168591150/IE168591150_P000001_FL168591152—reco_improved_polys_improved_reading_order.xml,990053687520205171:710:/nas/archive/paris-data/automatic_transcriptions/geniza/all_04_improved_reading_order/990053687520205171/IE168591150/IE168591150_P000001_FL168591152—reco_improved_polys_improved_reading_order.xml,ok,,0,0,reserve_not_needed,
990053687520205171,IE168591150_P000002_FL168591153.jpg,P000002,/nas/archive/paris-data/automatic_transcriptions/geniza/all_04_improved_reading_order/990053687520205171/IE168591150/IE168591150_P000002_FL168591153—reco_improved_polys_improved_reading_order.xml,990053687520205171:711:/nas/archive/paris-data/automatic_transcriptions/geniza/all_04_improved_reading_order/990053687520205171/IE168591150/IE168591150_P000002_FL168591153—reco_improved_polys_improved_reading_order.xml,ok,,7,5,reserve_not_needed,
990052315970205171,IE167790601_P000002_FL167790604.jpg,P000002,/nas/archive/paris-data/automatic_transcriptions/geniza/all_04_improved_reading_order/990052315970205171/IE167790601/IE167790601_P000002_FL167790604—reco_improved_polys_improved_reading_order.xml,990052315970205171:712:/nas/archive/paris-data/automatic_transcriptions/geniza/all_04_improved_reading_order/990052315970205171/IE167790601/IE167790601_P000002_FL167790604—reco_improved_polys_improved_reading_order.xml,ok,,118,95,reserve_not_needed,
990052315970205171,IE167790601_P000001_FL167790603.jpg,P000001,/nas/archive/paris-data/automatic_transcriptions/geniza/all_04_improved_reading_order/990052315970205171/IE167790601/IE167790601_P000001_FL167790603—reco_improved_polys_improved_reading_order.xml,990052315970205171:713:/nas/archive/paris-data/automatic_transcriptions/geniza/all_04_improved_reading_order/990052315970205171/IE167790601/IE167790601_P000001_FL167790603—reco_improved_polys_improved_reading_order.xml,ok,,102,69,reserve_not_needed,
990052347240205171,IE167960590_P000001_FL167960592.jpg,P000001,/nas/archive/paris-data/automatic_transcriptions/geniza/all_04_improved_reading_order/990052347240205171/IE167960590/IE167960590_P000001_FL167960592—reco_improved_polys_improved_reading_order.xml,990052347240205171:714:/nas/archive/paris-data/automatic_transcriptions/geniza/all_04_improved_reading_order/990052347240205171/IE167960590/IE167960590_P000001_FL167960592—reco_improved_polys_improved_reading_order.xml,ok,,772,698,reserve_not_needed,
990052347240205171,IE167960590_P000002_FL167960593.jpg,P000002,/nas/archive/paris-data/automatic_transcriptions/geniza/all_04_improved_reading_order/990052347240205171/IE167960590/IE167960590_P000002_FL167960593—reco_improved_polys_improved_reading_order.xml,990052347240205171:715:/nas/archive/paris-data/automatic_transcriptions/geniza/all_04_improved_reading_order/990052347240205171/IE167960590/IE167960590_P000002_FL167960593—reco_improved_polys_improved_reading_order.xml,ok,,427,401,reserve_not_needed,
990001696510205171,IE170617289_P000001_FL170617291.jpg,P000001,/nas/archive/paris-data/automatic_transcriptions/geniza/all_04_improved_reading_order/990001696510205171/IE170617289/IE170617289_P000001_FL170617291—reco_improved_polys_improved_reading_order.xml,990001696510205171:716:/nas/archive/paris-data/automatic_transcriptions/geniza/all_04_improved_reading_order/990001696510205171/IE170617289/IE170617289_P000001_FL170617291—reco_improved_polys_improved_reading_order.xml,ok,,83,65,reserve_not_needed,
990001696510205171,IE170617289_P000002_FL170617292.jpg,P000002,/nas/archive/paris-data/automatic_transcriptions/geniza/all_04_improved_reading_order/990001696510205171/IE170617289/IE170617289_P000002_FL170617292—reco_improved_polys_improved_reading_order.xml,990001696510205171:717:/nas/archive/paris-data/automatic_transcriptions/geniza/all_04_improved_reading_order/990001696510205171/IE170617289/IE170617289_P000002_FL170617292—reco_improved_polys_improved_reading_order.xml,ok,,69,57,reserve_not_needed,
990052365930205171,IE168049556_P000001_FL168049558.jpg,P000001,/nas/archive/paris-data/automatic_transcriptions/geniza/all_04_improved_reading_order/990052365930205171/IE168049556/IE168049556_P000001_FL168049558—reco_improved_polys_improved_reading_order.xml,990052365930205171:718:/nas/archive/paris-data/automatic_transcriptions/geniza/all_04_improved_reading_order/990052365930205171/IE168049556/IE168049556_P000001_FL168049558—reco_improved_polys_improved_reading_order.xml,empty_or_unreadable,,0,0,reserve_not_needed,
990052365930205171,IE168049556_P000002_FL168049559.jpg,P000002,/nas/archive/paris-data/automatic_transcriptions/geniza/all_04_improved_reading_order/990052365930205171/IE168049556/IE168049556_P000002_FL168049559—reco_improved_polys_improved_reading_order.xml,990052365930205171:719:/nas/archive/paris-data/automatic_transcriptions/geniza/all_04_improved_reading_order/990052365930205171/IE168049556/IE168049556_P000002_FL168049559—reco_improved_polys_improved_reading_order.xml,ok,,3,3,reserve_not_needed,
990053516200205171,IE168340563_P000001_FL168340565.jpg,P000001,/nas/archive/paris-data/automatic_transcriptions/geniza/all_04_improved_reading_order/990053516200205171/IE168340563/IE168340563_P000001_FL168340565—reco_improved_polys_improved_reading_order.xml,990053516200205171:720:/nas/archive/paris-data/automatic_transcriptions/geniza/all_04_improved_reading_order/990053516200205171/IE168340563/IE168340563_P000001_FL168340565—reco_improved_polys_improved_reading_order.xml,ok,,255,207,reserve_not_needed,
990053516200205171,IE168340563_P000002_FL168340566.jpg,P000002,/nas/archive/paris-data/automatic_transcriptions/geniza/all_04_improved_reading_order/990053516200205171/IE168340563/IE168340563_P000002_FL168340566—reco_improved_polys_improved_reading_order.xml,990053516200205171:721:/nas/archive/paris-data/automatic_transcriptions/geniza/all_04_improved_reading_order/990053516200205171/IE168340563/IE168340563_P000002_FL168340566—reco_improved_polys_improved_reading_order.xml,ok,,420,389,reserve_not_needed,
990053026230205171,IE202822351_P000002_FL202822354.jpg,P000002,/nas/archive/paris-data/automatic_transcriptions/geniza/all_04_improved_reading_order/990053026230205171/IE202822351/IE202822351_P000002_FL202822354—reco_improved_polys_improved_reading_order.xml,990053026230205171:722:/nas/archive/paris-data/automatic_transcriptions/geniza/all_04_improved_reading_order/990053026230205171/IE202822351/IE202822351_P000002_FL202822354—reco_improved_polys_improved_reading_order.xml,ok,,131,101,reserve_not_needed,
990053026230205171,IE202822351_P000001_FL202822353.jpg,P000001,/nas/archive/paris-data/automatic_transcriptions/geniza/all_04_improved_reading_order/990053026230205171/IE202822351/IE202822351_P000001_FL202822353—reco_improved_polys_improved_reading_order.xml,990053026230205171:723:/nas/archive/paris-data/automatic_transcriptions/geniza/all_04_improved_reading_order/990053026230205171/IE202822351/IE202822351_P000001_FL202822353—reco_improved_polys_improved_reading_order.xml,ok,,165,117,reserve_not_needed,
990051116150205171,IE166108954_P000001_FL166108956.jpg,P000001,/nas/archive/paris-data/automatic_transcriptions/geniza/all_04_improved_reading_order/990051116150205171/IE166108954/IE166108954_P000001_FL166108956—reco_improved_polys_improved_reading_order.xml,990051116150205171:724:/nas/archive/paris-data/automatic_transcriptions/geniza/all_04_improved_reading_order/990051116150205171/IE166108954/IE166108954_P000001_FL166108956—reco_improved_polys_improved_reading_order.xml,ok,,550,506,reserve_not_needed,
990051116150205171,IE166108954_P000002_FL166108957.jpg,P000002,/nas/archive/paris-data/automatic_transcriptions/geniza/all_04_improved_reading_order/990051116150205171/IE166108954/IE166108954_P000002_FL166108957—reco_improved_polys_improved_reading_order.xml,990051116150205171:725:/nas/archive/paris-data/automatic_transcriptions/geniza/all_04_improved_reading_order/990051116150205171/IE166108954/IE166108954_P000002_FL166108957—reco_improved_polys_improved_reading_order.xml,ok,,554,506,reserve_not_needed,
990051438030205171,IE160353510_P000001_FL160353512.jpg,P000001,/nas/archive/paris-data/automatic_transcriptions/geniza/all_04_improved_reading_order/990051438030205171/IE160353510/IE160353510_P000001_FL160353512—reco_improved_polys_improved_reading_order.xml,990051438030205171:726:/nas/archive/paris-data/automatic_transcriptions/geniza/all_04_improved_reading_order/990051438030205171/IE160353510/IE160353510_P000001_FL160353512—reco_improved_polys_improved_reading_order.xml,ok,,90,79,reserve_not_needed,
990051438030205171,IE160353510_P000002_FL160353513.jpg,P000002,/nas/archive/paris-data/automatic_transcriptions/geniza/all_04_improved_reading_order/990051438030205171/IE160353510/IE160353510_P000002_FL160353513—reco_improved_polys_improved_reading_order.xml,990051438030205171:727:/nas/archive/paris-data/automatic_transcriptions/geniza/all_04_improved_reading_order/990051438030205171/IE160353510/IE160353510_P000002_FL160353513—reco_improved_polys_improved_reading_order.xml,ok,,48,41,reserve_not_needed,
990051469040205171,IE161027860_P000001_FL161027862.jpg,P000001,/nas/archive/paris-data/automatic_transcriptions/geniza/all_04_improved_reading_order/990051469040205171/IE161027860/IE161027860_P000001_FL161027862—reco_improved_polys_improved_reading_order.xml,990051469040205171:728:/nas/archive/paris-data/automatic_transcriptions/geniza/all_04_improved_reading_order/990051469040205171/IE161027860/IE161027860_P000001_FL161027862—reco_improved_polys_improved_reading_order.xml,ok,,534,475,reserve_not_needed,
990051469040205171,IE161027860_P000002_FL161027863.jpg,P000002,/nas/archive/paris-data/automatic_transcriptions/geniza/all_04_improved_reading_order/990051469040205171/IE161027860/IE161027860_P000002_FL161027863—reco_improved_polys_improved_reading_order.xml,990051469040205171:729:/nas/archive/paris-data/automatic_transcriptions/geniza/all_04_improved_reading_order/990051469040205171/IE161027860/IE161027860_P000002_FL161027863—reco_improved_polys_improved_reading_order.xml,ok,,394,355,reserve_not_needed,
990052011250205171,IE203007839_P000002_FL203007842.jpg,P000002,/nas/archive/paris-data/automatic_transcriptions/geniza/all_04_improved_reading_order/990052011250205171/IE203007839/IE203007839_P000002_FL203007842—reco_improved_polys_improved_reading_order.xml,990052011250205171:730:/nas/archive/paris-data/automatic_transcriptions/geniza/all_04_improved_reading_order/990052011250205171/IE203007839/IE203007839_P000002_FL203007842—reco_improved_polys_improved_reading_order.xml,empty_or_unreadable,,0,0,reserve_not_needed,
990052011250205171,IE203007839_P000001_FL203007841.jpg,P000001,/nas/archive/paris-data/automatic_transcriptions/geniza/all_04_improved_reading_order/990052011250205171/IE203007839/IE203007839_P000001_FL203007841—reco_improved_polys_improved_reading_order.xml,990052011250205171:731:/nas/archive/paris-data/automatic_transcriptions/geniza/all_04_improved_reading_order/990052011250205171/IE203007839/IE203007839_P000001_FL203007841—reco_improved_polys_improved_reading_order.xml,ok,,10,4,reserve_not_needed,
990051703950205171,IE169368546_P000001_FL169368548.jpg,P000001,/nas/archive/paris-data/automatic_transcriptions/geniza/all_04_improved_reading_order/990051703950205171/IE169368546/IE169368546_P000001_FL169368548—reco_improved_polys_improved_reading_order.xml,990051703950205171:732:/nas/archive/paris-data/automatic_transcriptions/geniza/all_04_improved_reading_order/990051703950205171/IE169368546/IE169368546_P000001_FL169368548—reco_improved_polys_improved_reading_order.xml,ok,,311,281,reserve_not_needed,
990051703950205171,IE169368546_P000002_FL169368549.jpg,P000002,/nas/archive/paris-data/automatic_transcriptions/geniza/all_04_improved_reading_order/990051703950205171/IE169368546/IE169368546_P000002_FL169368549—reco_improved_polys_improved_reading_order.xml,990051703950205171:733:/nas/archive/paris-data/automatic_transcriptions/geniza/all_04_improved_reading_order/990051703950205171/IE169368546/IE169368546_P000002_FL169368549—reco_improved_polys_improved_reading_order.xml,ok,,310,286,reserve_not_needed,
990051246830205171,IE166949774_P000002_FL166949777.jpg,P000002,/nas/archive/paris-data/automatic_transcriptions/geniza/all_04_improved_reading_order/990051246830205171/IE166949774/IE166949774_P000002_FL166949777—reco_improved_polys_improved_reading_order.xml,990051246830205171:734:/nas/archive/paris-data/automatic_transcriptions/geniza/all_04_improved_reading_order/990051246830205171/IE166949774/IE166949774_P000002_FL166949777—reco_improved_polys_improved_reading_order.xml,ok,,577,476,reserve_not_needed,
990051246830205171,IE166949774_P000001_FL166949776.jpg,P000001,/nas/archive/paris-data/automatic_transcriptions/geniza/all_04_improved_reading_order/990051246830205171/IE166949774/IE166949774_P000001_FL166949776—reco_improved_polys_improved_reading_order.xml,990051246830205171:735:/nas/archive/paris-data/automatic_transcriptions/geniza/all_04_improved_reading_order/990051246830205171/IE166949774/IE166949774_P000001_FL166949776—reco_improved_polys_improved_reading_order.xml,ok,,1566,1317,reserve_not_needed,
990052393960205171,IE168146798_P000001_FL168146800.jpg,P000001,/nas/archive/paris-data/automatic_transcriptions/geniza/all_04_improved_reading_order/990052393960205171/IE168146798/IE168146798_P000001_FL168146800—reco_improved_polys_improved_reading_order.xml,990052393960205171:736:/nas/archive/paris-data/automatic_transcriptions/geniza/all_04_improved_reading_order/990052393960205171/IE168146798/IE168146798_P000001_FL168146800—reco_improved_polys_improved_reading_order.xml,ok,,77,58,reserve_not_needed,
990052393960205171,IE168146798_P000002_FL168146801.jpg,P000002,/nas/archive/paris-data/automatic_transcriptions/geniza/all_04_improved_reading_order/990052393960205171/IE168146798/IE168146798_P000002_FL168146801—reco_improved_polys_improved_reading_order.xml,990052393960205171:737:/nas/archive/paris-data/automatic_transcriptions/geniza/all_04_improved_reading_order/990052393960205171/IE168146798/IE168146798_P000002_FL168146801—reco_improved_polys_improved_reading_order.xml,ok,,73,56,reserve_not_needed,
990051877560205171,IE167348851_P000001_FL167348853.jpg,P000001,/nas/archive/paris-data/automatic_transcriptions/geniza/all_04_improved_reading_order/990051877560205171/IE167348851/IE167348851_P000001_FL167348853—reco_improved_polys_improved_reading_order.xml,990051877560205171:738:/nas/archive/paris-data/automatic_transcriptions/geniza/all_04_improved_reading_order/990051877560205171/IE167348851/IE167348851_P000001_FL167348853—reco_improved_polys_improved_reading_order.xml,ok,,558,487,reserve_not_needed,
990051877560205171,IE167348851_P000002_FL167348854.jpg,P000002,/nas/archive/paris-data/automatic_transcriptions/geniza/all_04_improved_reading_order/990051877560205171/IE167348851/IE167348851_P000002_FL167348854—reco_improved_polys_improved_reading_order.xml,990051877560205171:739:/nas/archive/paris-data/automatic_transcriptions/geniza/all_04_improved_reading_order/990051877560205171/IE167348851/IE167348851_P000002_FL167348854—reco_improved_polys_improved_reading_order.xml,ok,,6,2,reserve_not_needed,
990051137900205171,IE164081584_P000001_FL164081586.jpg,P000001,/nas/archive/paris-data/automatic_transcriptions/geniza/all_04_improved_reading_order/990051137900205171/IE164081584/IE164081584_P000001_FL164081586—reco_improved_polys_improved_reading_order.xml,990051137900205171:740:/nas/archive/paris-data/automatic_transcriptions/geniza/all_04_improved_reading_order/990051137900205171/IE164081584/IE164081584_P000001_FL164081586—reco_improved_polys_improved_reading_order.xml,ok,,151,119,reserve_not_needed,
990051137900205171,IE164081584_P000002_FL164081587.jpg,P000002,/nas/archive/paris-data/automatic_transcriptions/geniza/all_04_improved_reading_order/990051137900205171/IE164081584/IE164081584_P000002_FL164081587—reco_improved_polys_improved_reading_order.xml,990051137900205171:741:/nas/archive/paris-data/automatic_transcriptions/geniza/all_04_improved_reading_order/990051137900205171/IE164081584/IE164081584_P000002_FL164081587—reco_improved_polys_improved_reading_order.xml,ok,,154,129,reserve_not_needed,
990051834030205171,IE165445415_P000002_FL165445418.jpg,P000002,/nas/archive/paris-data/automatic_transcriptions/geniza/all_04_improved_reading_order/990051834030205171/IE165445415/IE165445415_P000002_FL165445418—reco_improved_polys_improved_reading_order.xml,990051834030205171:742:/nas/archive/paris-data/automatic_transcriptions/geniza/all_04_improved_reading_order/990051834030205171/IE165445415/IE165445415_P000002_FL165445418—reco_improved_polys_improved_reading_order.xml,missing,XML path does not exist,0,0,reserve_not_needed,
990051834030205171,IE165445415_P000001_FL165445417.jpg,P000001,/nas/archive/paris-data/automatic_transcriptions/geniza/all_04_improved_reading_order/990051834030205171/IE165445415/IE165445415_P000001_FL165445417—reco_improved_polys_improved_reading_order.xml,990051834030205171:743:/nas/archive/paris-data/automatic_transcriptions/geniza/all_04_improved_reading_order/990051834030205171/IE165445415/IE165445415_P000001_FL165445417—reco_improved_polys_improved_reading_order.xml,ok,,89,73,reserve_not_needed,
990053433500205171,IE167754912_P000001_FL167754916.jpg,P000001,/nas/archive/paris-data/automatic_transcriptions/geniza/all_04_improved_reading_order/990053433500205171/IE167754912/IE167754912_P000001_FL167754916—reco_improved_polys_improved_reading_order.xml,990053433500205171:744:/nas/archive/paris-data/automatic_transcriptions/geniza/all_04_improved_reading_order/990053433500205171/IE167754912/IE167754912_P000001_FL167754916—reco_improved_polys_improved_reading_order.xml,ok,,477,407,reserve_not_needed,
990053433500205171,IE167754912_P000002_FL167754920.jpg,P000002,/nas/archive/paris-data/automatic_transcriptions/geniza/all_04_improved_reading_order/990053433500205171/IE167754912/IE167754912_P000002_FL167754920—reco_improved_polys_improved_reading_order.xml,990053433500205171:745:/nas/archive/paris-data/automatic_transcriptions/geniza/all_04_improved_reading_order/990053433500205171/IE167754912/IE167754912_P000002_FL167754920—reco_improved_polys_improved_reading_order.xml,ok,,412,327,reserve_not_needed,
990001437870205171,IE48825711_P000005_FL48825749.jpg,P000005,/nas/archive/paris-data/automatic_transcriptions/geniza/all_04_improved_reading_order/990001437870205171/IE48825711/IE48825711_P000005_FL48825749—reco_improved_polys_improved_reading_order.xml,990001437870205171:746:/nas/archive/paris-data/automatic_transcriptions/geniza/all_04_improved_reading_order/990001437870205171/IE48825711/IE48825711_P000005_FL48825749—reco_improved_polys_improved_reading_order.xml,ok,,173,150,reserve_not_needed,
990001437870205171,IE48825711_P000039_FL48826035.jpg,P000039,/nas/archive/paris-data/automatic_transcriptions/geniza/all_04_improved_reading_order/990001437870205171/IE48825711/IE48825711_P000039_FL48826035—reco_improved_polys_improved_reading_order.xml,990001437870205171:747:/nas/archive/paris-data/automatic_transcriptions/geniza/all_04_improved_reading_order/990001437870205171/IE48825711/IE48825711_P000039_FL48826035—reco_improved_polys_improved_reading_order.xml,ok,,0,0,reserve_not_needed,
990052110520205171,IE167710312_P000001_FL167710314.jpg,P000001,/nas/archive/paris-data/automatic_transcriptions/geniza/all_04_improved_reading_order/990052110520205171/IE167710312/IE167710312_P000001_FL167710314—reco_improved_polys_improved_reading_order.xml,990052110520205171:748:/nas/archive/paris-data/automatic_transcriptions/geniza/all_04_improved_reading_order/990052110520205171/IE167710312/IE167710312_P000001_FL167710314—reco_improved_polys_improved_reading_order.xml,ok,,14,13,reserve_not_needed,
990052110520205171,IE167710312_P000002_FL167710315.jpg,P000002,/nas/archive/paris-data/automatic_transcriptions/geniza/all_04_improved_reading_order/990052110520205171/IE167710312/IE167710312_P000002_FL167710315—reco_improved_polys_improved_reading_order.xml,990052110520205171:749:/nas/archive/paris-data/automatic_transcriptions/geniza/all_04_improved_reading_order/990052110520205171/IE167710312/IE167710312_P000002_FL167710315—reco_improved_polys_improved_reading_order.xml,ok,,0,0,reserve_not_needed,
990001574270205171,IE47675045_P000006_FL47675096.jpg,P000006,/nas/archive/paris-data/automatic_transcriptions/geniza/all_04_improved_reading_order/990001574270205171/IE47675045/IE47675045_P000006_FL47675096—reco_improved_polys_improved_reading_order.xml,990001574270205171:750:/nas/archive/paris-data/automatic_transcriptions/geniza/all_04_improved_reading_order/990001574270205171/IE47675045/IE47675045_P000006_FL47675096—reco_improved_polys_improved_reading_order.xml,ok,,541,486,reserve_not_needed,
990001574270205171,IE47675045_P000003_FL47675064.jpg,P000003,/nas/archive/paris-data/automatic_transcriptions/geniza/all_04_improved_reading_order/990001574270205171/IE47675045/IE47675045_P000003_FL47675064—reco_improved_polys_improved_reading_order.xml,990001574270205171:751:/nas/archive/paris-data/automatic_transcriptions/geniza/all_04_improved_reading_order/990001574270205171/IE47675045/IE47675045_P000003_FL47675064—reco_improved_polys_improved_reading_order.xml,ok,,42,26,reserve_not_needed,
990051314870205171,IE166746381_P000002_FL166746384.jpg,P000002,/nas/archive/paris-data/automatic_transcriptions/geniza/all_04_improved_reading_order/990051314870205171/IE166746381/IE166746381_P000002_FL166746384—reco_improved_polys_improved_reading_order.xml,990051314870205171:752:/nas/archive/paris-data/automatic_transcriptions/geniza/all_04_improved_reading_order/990051314870205171/IE166746381/IE166746381_P000002_FL166746384—reco_improved_polys_improved_reading_order.xml,ok,,250,219,reserve_not_needed,
990051314870205171,IE166746381_P000001_FL166746383.jpg,P000001,/nas/archive/paris-data/automatic_transcriptions/geniza/all_04_improved_reading_order/990051314870205171/IE166746381/IE166746381_P000001_FL166746383—reco_improved_polys_improved_reading_order.xml,990051314870205171:753:/nas/archive/paris-data/automatic_transcriptions/geniza/all_04_improved_reading_order/990051314870205171/IE166746381/IE166746381_P000001_FL166746383—reco_improved_polys_improved_reading_order.xml,ok,,255,225,reserve_not_needed,
990053426120205171,IE167717936_P000001_FL167717938.jpg,P000001,/nas/archive/paris-data/automatic_transcriptions/geniza/all_04_improved_reading_order/990053426120205171/IE167717936/IE167717936_P000001_FL167717938—reco_improved_polys_improved_reading_order.xml,990053426120205171:754:/nas/archive/paris-data/automatic_transcriptions/geniza/all_04_improved_reading_order/990053426120205171/IE167717936/IE167717936_P000001_FL167717938—reco_improved_polys_improved_reading_order.xml,ok,,702,641,reserve_not_needed,
990053426120205171,IE167717936_P000002_FL167717939.jpg,P000002,/nas/archive/paris-data/automatic_transcriptions/geniza/all_04_improved_reading_order/990053426120205171/IE167717936/IE167717936_P000002_FL167717939—reco_improved_polys_improved_reading_order.xml,990053426120205171:755:/nas/archive/paris-data/automatic_transcriptions/geniza/all_04_improved_reading_order/990053426120205171/IE167717936/IE167717936_P000002_FL167717939—reco_improved_polys_improved_reading_order.xml,ok,,738,660,reserve_not_needed,
990053020700205171,IE147712094_P000002_FL147712097.jpg,P000002,/nas/archive/paris-data/automatic_transcriptions/geniza/all_04_improved_reading_order/990053020700205171/IE147712094/IE147712094_P000002_FL147712097—reco_improved_polys_improved_reading_order.xml,990053020700205171:756:/nas/archive/paris-data/automatic_transcriptions/geniza/all_04_improved_reading_order/990053020700205171/IE147712094/IE147712094_P000002_FL147712097—reco_improved_polys_improved_reading_order.xml,ok,,285,223,reserve_not_needed,
990053020700205171,IE147712094_P000001_FL147712096.jpg,P000001,/nas/archive/paris-data/automatic_transcriptions/geniza/all_04_improved_reading_order/990053020700205171/IE147712094/IE147712094_P000001_FL147712096—reco_improved_polys_improved_reading_order.xml,990053020700205171:757:/nas/archive/paris-data/automatic_transcriptions/geniza/all_04_improved_reading_order/990053020700205171/IE147712094/IE147712094_P000001_FL147712096—reco_improved_polys_improved_reading_order.xml,ok,,256,224,reserve_not_needed,
990051490330205171,IE161304229_P000001_FL161304231.jpg,P000001,/nas/archive/paris-data/automatic_transcriptions/geniza/all_04_improved_reading_order/990051490330205171/IE161304229/IE161304229_P000001_FL161304231—reco_improved_polys_improved_reading_order.xml,990051490330205171:758:/nas/archive/paris-data/automatic_transcriptions/geniza/all_04_improved_reading_order/990051490330205171/IE161304229/IE161304229_P000001_FL161304231—reco_improved_polys_improved_reading_order.xml,ok,,375,308,reserve_not_needed,
990051490330205171,IE161304229_P000002_FL161304241.jpg,P000002,/nas/archive/paris-data/automatic_transcriptions/geniza/all_04_improved_reading_order/990051490330205171/IE161304229/IE161304229_P000002_FL161304241—reco_improved_polys_improved_reading_order.xml,990051490330205171:759:/nas/archive/paris-data/automatic_transcriptions/geniza/all_04_improved_reading_order/990051490330205171/IE161304229/IE161304229_P000002_FL161304241—reco_improved_polys_improved_reading_order.xml,ok,,427,355,reserve_not_needed,
990053932090205171,IE168718901_P000001_FL168718903.jpg,P000001,/nas/archive/paris-data/automatic_transcriptions/geniza/all_04_improved_reading_order/990053932090205171/IE168718901/IE168718901_P000001_FL168718903—reco_improved_polys_improved_reading_order.xml,990053932090205171:760:/nas/archive/paris-data/automatic_transcriptions/geniza/all_04_improved_reading_order/990053932090205171/IE168718901/IE168718901_P000001_FL168718903—reco_improved_polys_improved_reading_order.xml,ok,,426,374,reserve_not_needed,
990053932090205171,IE168718901_P000002_FL168718904.jpg,P000002,/nas/archive/paris-data/automatic_transcriptions/geniza/all_04_improved_reading_order/990053932090205171/IE168718901/IE168718901_P000002_FL168718904—reco_improved_polys_improved_reading_order.xml,990053932090205171:761:/nas/archive/paris-data/automatic_transcriptions/geniza/all_04_improved_reading_order/990053932090205171/IE168718901/IE168718901_P000002_FL168718904—reco_improved_polys_improved_reading_order.xml,ok,,442,402,reserve_not_needed,
990051225180205171,IE165571817_P000001_FL165571819.jpg,P000001,/nas/archive/paris-data/automatic_transcriptions/geniza/all_04_improved_reading_order/990051225180205171/IE165571817/IE165571817_P000001_FL165571819—reco_improved_polys_improved_reading_order.xml,990051225180205171:762:/nas/archive/paris-data/automatic_transcriptions/geniza/all_04_improved_reading_order/990051225180205171/IE165571817/IE165571817_P000001_FL165571819—reco_improved_polys_improved_reading_order.xml,ok,,711,649,reserve_not_needed,
990051225180205171,IE165571817_P000002_FL165571820.jpg,P000002,/nas/archive/paris-data/automatic_transcriptions/geniza/all_04_improved_reading_order/990051225180205171/IE165571817/IE165571817_P000002_FL165571820—reco_improved_polys_improved_reading_order.xml,990051225180205171:763:/nas/archive/paris-data/automatic_transcriptions/geniza/all_04_improved_reading_order/990051225180205171/IE165571817/IE165571817_P000002_FL165571820—reco_improved_polys_improved_reading_order.xml,ok,,0,0,reserve_not_needed,
990001445410205171,IE49527333_P000010_FL49527498.jpg,P000010,/nas/archive/paris-data/automatic_transcriptions/geniza/all_04_improved_reading_order/990001445410205171/IE49527333/IE49527333_P000010_FL49527498—reco_improved_polys_improved_reading_order.xml,990001445410205171:764:/nas/archive/paris-data/automatic_transcriptions/geniza/all_04_improved_reading_order/990001445410205171/IE49527333/IE49527333_P000010_FL49527498—reco_improved_polys_improved_reading_order.xml,ok,,457,419,reserve_not_needed,
990001445410205171,IE49527333_P000015_FL49527556.jpg,P000015,/nas/archive/paris-data/automatic_transcriptions/geniza/all_04_improved_reading_order/990001445410205171/IE49527333/IE49527333_P000015_FL49527556—reco_improved_polys_improved_reading_order.xml,990001445410205171:765:/nas/archive/paris-data/automatic_transcriptions/geniza/all_04_improved_reading_order/990001445410205171/IE49527333/IE49527333_P000015_FL49527556—reco_improved_polys_improved_reading_order.xml,ok,,243,193,reserve_not_needed,
990053804000205171,IE162824595_P000002_FL162824598.jpg,P000002,/nas/archive/paris-data/automatic_transcriptions/geniza/all_04_improved_reading_order/990053804000205171/IE162824595/IE162824595_P000002_FL162824598—reco_improved_polys_improved_reading_order.xml,990053804000205171:766:/nas/archive/paris-data/automatic_transcriptions/geniza/all_04_improved_reading_order/990053804000205171/IE162824595/IE162824595_P000002_FL162824598—reco_improved_polys_improved_reading_order.xml,ok,,270,243,reserve_not_needed,
990053804000205171,IE162824595_P000001_FL162824597.jpg,P000001,/nas/archive/paris-data/automatic_transcriptions/geniza/all_04_improved_reading_order/990053804000205171/IE162824595/IE162824595_P000001_FL162824597—reco_improved_polys_improved_reading_order.xml,990053804000205171:767:/nas/archive/paris-data/automatic_transcriptions/geniza/all_04_improved_reading_order/990053804000205171/IE162824595/IE162824595_P000001_FL162824597—reco_improved_polys_improved_reading_order.xml,ok,,265,242,reserve_not_needed,
990051303090205171,IE167092577_P000002_FL167092580.jpg,P000002,/nas/archive/paris-data/automatic_transcriptions/geniza/all_04_improved_reading_order/990051303090205171/IE167092577/IE167092577_P000002_FL167092580—reco_improved_polys_improved_reading_order.xml,990051303090205171:768:/nas/archive/paris-data/automatic_transcriptions/geniza/all_04_improved_reading_order/990051303090205171/IE167092577/IE167092577_P000002_FL167092580—reco_improved_polys_improved_reading_order.xml,ok,,19,16,reserve_not_needed,
990051303090205171,IE167092577_P000001_FL167092579.jpg,P000001,/nas/archive/paris-data/automatic_transcriptions/geniza/all_04_improved_reading_order/990051303090205171/IE167092577/IE167092577_P000001_FL167092579—reco_improved_polys_improved_reading_order.xml,990051303090205171:769:/nas/archive/paris-data/automatic_transcriptions/geniza/all_04_improved_reading_order/990051303090205171/IE167092577/IE167092577_P000001_FL167092579—reco_improved_polys_improved_reading_order.xml,ok,,29,15,reserve_not_needed,
990052015860205171,IE203016716_P000002_FL203016719.jpg,P000002,/nas/archive/paris-data/automatic_transcriptions/geniza/all_04_improved_reading_order/990052015860205171/IE203016716/IE203016716_P000002_FL203016719—reco_improved_polys_improved_reading_order.xml,990052015860205171:770:/nas/archive/paris-data/automatic_transcriptions/geniza/all_04_improved_reading_order/990052015860205171/IE203016716/IE203016716_P000002_FL203016719—reco_improved_polys_improved_reading_order.xml,ok,,0,0,reserve_not_needed,
990052015860205171,IE203016716_P000001_FL203016718.jpg,P000001,/nas/archive/paris-data/automatic_transcriptions/geniza/all_04_improved_reading_order/990052015860205171/IE203016716/IE203016716_P000001_FL203016718—reco_improved_polys_improved_reading_order.xml,990052015860205171:771:/nas/archive/paris-data/automatic_transcriptions/geniza/all_04_improved_reading_order/990052015860205171/IE203016716/IE203016716_P000001_FL203016718—reco_improved_polys_improved_reading_order.xml,ok,,82,57,reserve_not_needed,
990052145240205171,IE166689198_P000001_FL166689200.jpg,P000001,/nas/archive/paris-data/automatic_transcriptions/geniza/all_04_improved_reading_order/990052145240205171/IE166689198/IE166689198_P000001_FL166689200—reco_improved_polys_improved_reading_order.xml,990052145240205171:772:/nas/archive/paris-data/automatic_transcriptions/geniza/all_04_improved_reading_order/990052145240205171/IE166689198/IE166689198_P000001_FL166689200—reco_improved_polys_improved_reading_order.xml,ok,,30,26,reserve_not_needed,
990052145240205171,IE166689198_P000002_FL166689201.jpg,P000002,/nas/archive/paris-data/automatic_transcriptions/geniza/all_04_improved_reading_order/990052145240205171/IE166689198/IE166689198_P000002_FL166689201—reco_improved_polys_improved_reading_order.xml,990052145240205171:773:/nas/archive/paris-data/automatic_transcriptions/geniza/all_04_improved_reading_order/990052145240205171/IE166689198/IE166689198_P000002_FL166689201—reco_improved_polys_improved_reading_order.xml,ok,,7,6,reserve_not_needed,
990052318630205171,IE167797096_P000002_FL167797099.jpg,P000002,/nas/archive/paris-data/automatic_transcriptions/geniza/all_04_improved_reading_order/990052318630205171/IE167797096/IE167797096_P000002_FL167797099—reco_improved_polys_improved_reading_order.xml,990052318630205171:774:/nas/archive/paris-data/automatic_transcriptions/geniza/all_04_improved_reading_order/990052318630205171/IE167797096/IE167797096_P000002_FL167797099—reco_improved_polys_improved_reading_order.xml,ok,,65,57,reserve_not_needed,
990052318630205171,IE167797096_P000001_FL167797098.jpg,P000001,/nas/archive/paris-data/automatic_transcriptions/geniza/all_04_improved_reading_order/990052318630205171/IE167797096/IE167797096_P000001_FL167797098—reco_improved_polys_improved_reading_order.xml,990052318630205171:775:/nas/archive/paris-data/automatic_transcriptions/geniza/all_04_improved_reading_order/990052318630205171/IE167797096/IE167797096_P000001_FL167797098—reco_improved_polys_improved_reading_order.xml,ok,,25,19,reserve_not_needed,
990051108510205171,IE169371909_P000001_FL169371911.jpg,P000001,/nas/archive/paris-data/automatic_transcriptions/geniza/all_04_improved_reading_order/990051108510205171/IE169371909/IE169371909_P000001_FL169371911—reco_improved_polys_improved_reading_order.xml,990051108510205171:776:/nas/archive/paris-data/automatic_transcriptions/geniza/all_04_improved_reading_order/990051108510205171/IE169371909/IE169371909_P000001_FL169371911—reco_improved_polys_improved_reading_order.xml,ok,,1279,990,reserve_not_needed,
990051108510205171,IE169371909_P000002_FL169371912.jpg,P000002,/nas/archive/paris-data/automatic_transcriptions/geniza/all_04_improved_reading_order/990051108510205171/IE169371909/IE169371909_P000002_FL169371912—reco_improved_polys_improved_reading_order.xml,990051108510205171:777:/nas/archive/paris-data/automatic_transcriptions/geniza/all_04_improved_reading_order/990051108510205171/IE169371909/IE169371909_P000002_FL169371912—reco_improved_polys_improved_reading_order.xml,ok,,1152,885,reserve_not_needed,
990052180760205171,IE166816105_P000002_FL166816108.jpg,P000002,/nas/archive/paris-data/automatic_transcriptions/geniza/all_04_improved_reading_order/990052180760205171/IE166816105/IE166816105_P000002_FL166816108—reco_improved_polys_improved_reading_order.xml,990052180760205171:778:/nas/archive/paris-data/automatic_transcriptions/geniza/all_04_improved_reading_order/990052180760205171/IE166816105/IE166816105_P000002_FL166816108—reco_improved_polys_improved_reading_order.xml,ok,,1,1,reserve_not_needed,
990052180760205171,IE166816105_P000001_FL166816107.jpg,P000001,/nas/archive/paris-data/automatic_transcriptions/geniza/all_04_improved_reading_order/990052180760205171/IE166816105/IE166816105_P000001_FL166816107—reco_improved_polys_improved_reading_order.xml,990052180760205171:779:/nas/archive/paris-data/automatic_transcriptions/geniza/all_04_improved_reading_order/990052180760205171/IE166816105/IE166816105_P000001_FL166816107—reco_improved_polys_improved_reading_order.xml,ok,,70,59,reserve_not_needed,
990052222080205171,IE167042350_P000001_FL167042352.jpg,P000001,/nas/archive/paris-data/automatic_transcriptions/geniza/all_04_improved_reading_order/990052222080205171/IE167042350/IE167042350_P000001_FL167042352—reco_improved_polys_improved_reading_order.xml,990052222080205171:780:/nas/archive/paris-data/automatic_transcriptions/geniza/all_04_improved_reading_order/990052222080205171/IE167042350/IE167042350_P000001_FL167042352—reco_improved_polys_improved_reading_order.xml,ok,,7,5,reserve_not_needed,
990052222080205171,IE167042350_P000002_FL167042353.jpg,P000002,/nas/archive/paris-data/automatic_transcriptions/geniza/all_04_improved_reading_order/990052222080205171/IE167042350/IE167042350_P000002_FL167042353—reco_improved_polys_improved_reading_order.xml,990052222080205171:781:/nas/archive/paris-data/automatic_transcriptions/geniza/all_04_improved_reading_order/990052222080205171/IE167042350/IE167042350_P000002_FL167042353—reco_improved_polys_improved_reading_order.xml,empty_or_unreadable,,0,0,reserve_not_needed,
990051224220205171,IE165557923_P000002_FL165557926.jpg,P000002,/nas/archive/paris-data/automatic_transcriptions/geniza/all_04_improved_reading_order/990051224220205171/IE165557923/IE165557923_P000002_FL165557926—reco_improved_polys_improved_reading_order.xml,990051224220205171:782:/nas/archive/paris-data/automatic_transcriptions/geniza/all_04_improved_reading_order/990051224220205171/IE165557923/IE165557923_P000002_FL165557926—reco_improved_polys_improved_reading_order.xml,ok,,0,0,reserve_not_needed,
990051224220205171,IE165557923_P000001_FL165557925.jpg,P000001,/nas/archive/paris-data/automatic_transcriptions/geniza/all_04_improved_reading_order/990051224220205171/IE165557923/IE165557923_P000001_FL165557925—reco_improved_polys_improved_reading_order.xml,990051224220205171:783:/nas/archive/paris-data/automatic_transcriptions/geniza/all_04_improved_reading_order/990051224220205171/IE165557923/IE165557923_P000001_FL165557925—reco_improved_polys_improved_reading_order.xml,ok,,493,446,reserve_not_needed,
990051680900205171,IE169458169_P000001_FL169458171.jpg,P000001,/nas/archive/paris-data/automatic_transcriptions/geniza/all_04_improved_reading_order/990051680900205171/IE169458169/IE169458169_P000001_FL169458171—reco_improved_polys_improved_reading_order.xml,990051680900205171:784:/nas/archive/paris-data/automatic_transcriptions/geniza/all_04_improved_reading_order/990051680900205171/IE169458169/IE169458169_P000001_FL169458171—reco_improved_polys_improved_reading_order.xml,ok,,3158,2920,reserve_not_needed,
990051680900205171,IE169458169_P000002_FL169458172.jpg,P000002,/nas/archive/paris-data/automatic_transcriptions/geniza/all_04_improved_reading_order/990051680900205171/IE169458169/IE169458169_P000002_FL169458172—reco_improved_polys_improved_reading_order.xml,990051680900205171:785:/nas/archive/paris-data/automatic_transcriptions/geniza/all_04_improved_reading_order/990051680900205171/IE169458169/IE169458169_P000002_FL169458172—reco_improved_polys_improved_reading_order.xml,ok,,2996,2711,reserve_not_needed,
990051331070205171,IE166896446_P000002_FL166896449.jpg,P000002,/nas/archive/paris-data/automatic_transcriptions/geniza/all_04_improved_reading_order/990051331070205171/IE166896446/IE166896446_P000002_FL166896449—reco_improved_polys_improved_reading_order.xml,990051331070205171:786:/nas/archive/paris-data/automatic_transcriptions/geniza/all_04_improved_reading_order/990051331070205171/IE166896446/IE166896446_P000002_FL166896449—reco_improved_polys_improved_reading_order.xml,ok,,2,2,reserve_not_needed,
990051331070205171,IE166896446_P000001_FL166896448.jpg,P000001,/nas/archive/paris-data/automatic_transcriptions/geniza/all_04_improved_reading_order/990051331070205171/IE166896446/IE166896446_P000001_FL166896448—reco_improved_polys_improved_reading_order.xml,990051331070205171:787:/nas/archive/paris-data/automatic_transcriptions/geniza/all_04_improved_reading_order/990051331070205171/IE166896446/IE166896446_P000001_FL166896448—reco_improved_polys_improved_reading_order.xml,ok,,235,200,reserve_not_needed,
990051198580205171,IE202923865_P000002_FL202923868.jpg,P000002,/nas/archive/paris-data/automatic_transcriptions/geniza/all_04_improved_reading_order/990051198580205171/IE202923865/IE202923865_P000002_FL202923868—reco_improved_polys_improved_reading_order.xml,990051198580205171:788:/nas/archive/paris-data/automatic_transcriptions/geniza/all_04_improved_reading_order/990051198580205171/IE202923865/IE202923865_P000002_FL202923868—reco_improved_polys_improved_reading_order.xml,ok,,563,489,reserve_not_needed,
990051198580205171,IE202923865_P000001_FL202923867.jpg,P000001,/nas/archive/paris-data/automatic_transcriptions/geniza/all_04_improved_reading_order/990051198580205171/IE202923865/IE202923865_P000001_FL202923867—reco_improved_polys_improved_reading_order.xml,990051198580205171:789:/nas/archive/paris-data/automatic_transcriptions/geniza/all_04_improved_reading_order/990051198580205171/IE202923865/IE202923865_P000001_FL202923867—reco_improved_polys_improved_reading_order.xml,ok,,500,448,reserve_not_needed,
990051573580205171,IE162829097_P000002_FL162829100.jpg,P000002,/nas/archive/paris-data/automatic_transcriptions/geniza/all_04_improved_reading_order/990051573580205171/IE162829097/IE162829097_P000002_FL162829100—reco_improved_polys_improved_reading_order.xml,990051573580205171:790:/nas/archive/paris-data/automatic_transcriptions/geniza/all_04_improved_reading_order/990051573580205171/IE162829097/IE162829097_P000002_FL162829100—reco_improved_polys_improved_reading_order.xml,ok,,368,277,reserve_not_needed,
990051573580205171,IE162829097_P000001_FL162829099.jpg,P000001,/nas/archive/paris-data/automatic_transcriptions/geniza/all_04_improved_reading_order/990051573580205171/IE162829097/IE162829097_P000001_FL162829099—reco_improved_polys_improved_reading_order.xml,990051573580205171:791:/nas/archive/paris-data/automatic_transcriptions/geniza/all_04_improved_reading_order/990051573580205171/IE162829097/IE162829097_P000001_FL162829099—reco_improved_polys_improved_reading_order.xml,ok,,277,246,reserve_not_needed,
990051331650205171,IE166901175_P000001_FL166901177.jpg,P000001,/nas/archive/paris-data/automatic_transcriptions/geniza/all_04_improved_reading_order/990051331650205171/IE166901175/IE166901175_P000001_FL166901177—reco_improved_polys_improved_reading_order.xml,990051331650205171:792:/nas/archive/paris-data/automatic_transcriptions/geniza/all_04_improved_reading_order/990051331650205171/IE166901175/IE166901175_P000001_FL166901177—reco_improved_polys_improved_reading_order.xml,ok,,136,105,reserve_not_needed,
990051331650205171,IE166901175_P000002_FL166901178.jpg,P000002,/nas/archive/paris-data/automatic_transcriptions/geniza/all_04_improved_reading_order/990051331650205171/IE166901175/IE166901175_P000002_FL166901178—reco_improved_polys_improved_reading_order.xml,990051331650205171:793:/nas/archive/paris-data/automatic_transcriptions/geniza/all_04_improved_reading_order/990051331650205171/IE166901175/IE166901175_P000002_FL166901178—reco_improved_polys_improved_reading_order.xml,ok,,0,0,reserve_not_needed,
990053336330205171,IE155857769_P000002_FL155857778.jpg,P000002,/nas/archive/paris-data/automatic_transcriptions/geniza/all_04_improved_reading_order/990053336330205171/IE155857769/IE155857769_P000002_FL155857778—reco_improved_polys_improved_reading_order.xml,990053336330205171:794:/nas/archive/paris-data/automatic_transcriptions/geniza/all_04_improved_reading_order/990053336330205171/IE155857769/IE155857769_P000002_FL155857778—reco_improved_polys_improved_reading_order.xml,ok,,349,313,reserve_not_needed,
990053336330205171,IE155857769_P000001_FL155857771.jpg,P000001,/nas/archive/paris-data/automatic_transcriptions/geniza/all_04_improved_reading_order/990053336330205171/IE155857769/IE155857769_P000001_FL155857771—reco_improved_polys_improved_reading_order.xml,990053336330205171:795:/nas/archive/paris-data/automatic_transcriptions/geniza/all_04_improved_reading_order/990053336330205171/IE155857769/IE155857769_P000001_FL155857771—reco_improved_polys_improved_reading_order.xml,ok,,352,322,reserve_not_needed,
990051656110205171,IE169371919_P000002_FL169371922.jpg,P000002,/nas/archive/paris-data/automatic_transcriptions/geniza/all_04_improved_reading_order/990051656110205171/IE169371919/IE169371919_P000002_FL169371922—reco_improved_polys_improved_reading_order.xml,990051656110205171:796:/nas/archive/paris-data/automatic_transcriptions/geniza/all_04_improved_reading_order/990051656110205171/IE169371919/IE169371919_P000002_FL169371922—reco_improved_polys_improved_reading_order.xml,ok,,210,181,reserve_not_needed,
990051656110205171,IE169371919_P000001_FL169371921.jpg,P000001,/nas/archive/paris-data/automatic_transcriptions/geniza/all_04_improved_reading_order/990051656110205171/IE169371919/IE169371919_P000001_FL169371921—reco_improved_polys_improved_reading_order.xml,990051656110205171:797:/nas/archive/paris-data/automatic_transcriptions/geniza/all_04_improved_reading_order/990051656110205171/IE169371919/IE169371919_P000001_FL169371921—reco_improved_polys_improved_reading_order.xml,ok,,390,356,reserve_not_needed,
990051490900205171,IE161304963_P000001_FL161304965.jpg,P000001,/nas/archive/paris-data/automatic_transcriptions/geniza/all_04_improved_reading_order/990051490900205171/IE161304963/IE161304963_P000001_FL161304965—reco_improved_polys_improved_reading_order.xml,990051490900205171:798:/nas/archive/paris-data/automatic_transcriptions/geniza/all_04_improved_reading_order/990051490900205171/IE161304963/IE161304963_P000001_FL161304965—reco_improved_polys_improved_reading_order.xml,ok,,167,104,reserve_not_needed,
990051490900205171,IE161304963_P000002_FL161304973.jpg,P000002,/nas/archive/paris-data/automatic_transcriptions/geniza/all_04_improved_reading_order/990051490900205171/IE161304963/IE161304963_P000002_FL161304973—reco_improved_polys_improved_reading_order.xml,990051490900205171:799:/nas/archive/paris-data/automatic_transcriptions/geniza/all_04_improved_reading_order/990051490900205171/IE161304963/IE161304963_P000002_FL161304973—reco_improved_polys_improved_reading_order.xml,ok,,772,653,reserve_not_needed,
990053455490205171,IE167907579_P000002_FL167907582.jpg,P000002,/nas/archive/paris-data/automatic_transcriptions/geniza/all_04_improved_reading_order/990053455490205171/IE167907579/IE167907579_P000002_FL167907582—reco_improved_polys_improved_reading_order.xml,990053455490205171:800:/nas/archive/paris-data/automatic_transcriptions/geniza/all_04_improved_reading_order/990053455490205171/IE167907579/IE167907579_P000002_FL167907582—reco_improved_polys_improved_reading_order.xml,ok,,498,443,reserve_not_needed,
990053455490205171,IE167907579_P000001_FL167907581.jpg,P000001,/nas/archive/paris-data/automatic_transcriptions/geniza/all_04_improved_reading_order/990053455490205171/IE167907579/IE167907579_P000001_FL167907581—reco_improved_polys_improved_reading_order.xml,990053455490205171:801:/nas/archive/paris-data/automatic_transcriptions/geniza/all_04_improved_reading_order/990053455490205171/IE167907579/IE167907579_P000001_FL167907581—reco_improved_polys_improved_reading_order.xml,ok,,490,414,reserve_not_needed,
990052359260205171,IE168008659_P000002_FL168008662.jpg,P000002,/nas/archive/paris-data/automatic_transcriptions/geniza/all_04_improved_reading_order/990052359260205171/IE168008659/IE168008659_P000002_FL168008662—reco_improved_polys_improved_reading_order.xml,990052359260205171:802:/nas/archive/paris-data/automatic_transcriptions/geniza/all_04_improved_reading_order/990052359260205171/IE168008659/IE168008659_P000002_FL168008662—reco_improved_polys_improved_reading_order.xml,ok,,59,47,reserve_not_needed,
990052359260205171,IE168008659_P000001_FL168008661.jpg,P000001,/nas/archive/paris-data/automatic_transcriptions/geniza/all_04_improved_reading_order/990052359260205171/IE168008659/IE168008659_P000001_FL168008661—reco_improved_polys_improved_reading_order.xml,990052359260205171:803:/nas/archive/paris-data/automatic_transcriptions/geniza/all_04_improved_reading_order/990052359260205171/IE168008659/IE168008659_P000001_FL168008661—reco_improved_polys_improved_reading_order.xml,ok,,38,32,reserve_not_needed,
990052202980205171,IE166895674_P000002_FL166895677.jpg,P000002,/nas/archive/paris-data/automatic_transcriptions/geniza/all_04_improved_reading_order/990052202980205171/IE166895674/IE166895674_P000002_FL166895677—reco_improved_polys_improved_reading_order.xml,990052202980205171:804:/nas/archive/paris-data/automatic_transcriptions/geniza/all_04_improved_reading_order/990052202980205171/IE166895674/IE166895674_P000002_FL166895677—reco_improved_polys_improved_reading_order.xml,ok,,22,9,reserve_not_needed,
990052202980205171,IE166895674_P000001_FL166895676.jpg,P000001,/nas/archive/paris-data/automatic_transcriptions/geniza/all_04_improved_reading_order/990052202980205171/IE166895674/IE166895674_P000001_FL166895676—reco_improved_polys_improved_reading_order.xml,990052202980205171:805:/nas/archive/paris-data/automatic_transcriptions/geniza/all_04_improved_reading_order/990052202980205171/IE166895674/IE166895674_P000001_FL166895676—reco_improved_polys_improved_reading_order.xml,ok,,67,45,reserve_not_needed,
990053633950205171,IE167871919_P000002_FL167871922.jpg,P000002,/nas/archive/paris-data/automatic_transcriptions/geniza/all_04_improved_reading_order/990053633950205171/IE167871919/IE167871919_P000002_FL167871922—reco_improved_polys_improved_reading_order.xml,990053633950205171:806:/nas/archive/paris-data/automatic_transcriptions/geniza/all_04_improved_reading_order/990053633950205171/IE167871919/IE167871919_P000002_FL167871922—reco_improved_polys_improved_reading_order.xml,ok,,393,351,reserve_not_needed,
990053633950205171,IE167871919_P000001_FL167871921.jpg,P000001,/nas/archive/paris-data/automatic_transcriptions/geniza/all_04_improved_reading_order/990053633950205171/IE167871919/IE167871919_P000001_FL167871921—reco_improved_polys_improved_reading_order.xml,990053633950205171:807:/nas/archive/paris-data/automatic_transcriptions/geniza/all_04_improved_reading_order/990053633950205171/IE167871919/IE167871919_P000001_FL167871921—reco_improved_polys_improved_reading_order.xml,ok,,404,372,reserve_not_needed,
990051959050205171,IE166124429_P000002_FL166124432.jpg,P000002,/nas/archive/paris-data/automatic_transcriptions/geniza/all_04_improved_reading_order/990051959050205171/IE166124429/IE166124429_P000002_FL166124432—reco_improved_polys_improved_reading_order.xml,990051959050205171:808:/nas/archive/paris-data/automatic_transcriptions/geniza/all_04_improved_reading_order/990051959050205171/IE166124429/IE166124429_P000002_FL166124432—reco_improved_polys_improved_reading_order.xml,ok,,35,22,reserve_not_needed,
990051959050205171,IE166124429_P000001_FL166124431.jpg,P000001,/nas/archive/paris-data/automatic_transcriptions/geniza/all_04_improved_reading_order/990051959050205171/IE166124429/IE166124429_P000001_FL166124431—reco_improved_polys_improved_reading_order.xml,990051959050205171:809:/nas/archive/paris-data/automatic_transcriptions/geniza/all_04_improved_reading_order/990051959050205171/IE166124429/IE166124429_P000001_FL166124431—reco_improved_polys_improved_reading_order.xml,ok,,9,6,reserve_not_needed,
990002049730205171,IE162831129_P000002_FL162831132.jpg,P000002,/nas/archive/paris-data/automatic_transcriptions/geniza/all_04_improved_reading_order/990002049730205171/IE162831129/IE162831129_P000002_FL162831132—reco_improved_polys_improved_reading_order.xml,990002049730205171:810:/nas/archive/paris-data/automatic_transcriptions/geniza/all_04_improved_reading_order/990002049730205171/IE162831129/IE162831129_P000002_FL162831132—reco_improved_polys_improved_reading_order.xml,ok,,2,0,reserve_not_needed,
990002049730205171,IE162831129_P000001_FL162831131.jpg,P000001,/nas/archive/paris-data/automatic_transcriptions/geniza/all_04_improved_reading_order/990002049730205171/IE162831129/IE162831129_P000001_FL162831131—reco_improved_polys_improved_reading_order.xml,990002049730205171:811:/nas/archive/paris-data/automatic_transcriptions/geniza/all_04_improved_reading_order/990002049730205171/IE162831129/IE162831129_P000001_FL162831131—reco_improved_polys_improved_reading_order.xml,ok,,329,278,reserve_not_needed,
990002050850205171,IE162832821_P000001_FL162832823.jpg,P000001,/nas/archive/paris-data/automatic_transcriptions/geniza/all_04_improved_reading_order/990002050850205171/IE162832821/IE162832821_P000001_FL162832823—reco_improved_polys_improved_reading_order.xml,990002050850205171:812:/nas/archive/paris-data/automatic_transcriptions/geniza/all_04_improved_reading_order/990002050850205171/IE162832821/IE162832821_P000001_FL162832823—reco_improved_polys_improved_reading_order.xml,ok,,378,319,reserve_not_needed,
990002050850205171,IE162832821_P000002_FL162832824.jpg,P000002,/nas/archive/paris-data/automatic_transcriptions/geniza/all_04_improved_reading_order/990002050850205171/IE162832821/IE162832821_P000002_FL162832824—reco_improved_polys_improved_reading_order.xml,990002050850205171:813:/nas/archive/paris-data/automatic_transcriptions/geniza/all_04_improved_reading_order/990002050850205171/IE162832821/IE162832821_P000002_FL162832824—reco_improved_polys_improved_reading_order.xml,ok,,1,0,reserve_not_needed,
990053681160205171,IE168559283_P000001_FL168559285.jpg,P000001,/nas/archive/paris-data/automatic_transcriptions/geniza/all_04_improved_reading_order/990053681160205171/IE168559283/IE168559283_P000001_FL168559285—reco_improved_polys_improved_reading_order.xml,990053681160205171:814:/nas/archive/paris-data/automatic_transcriptions/geniza/all_04_improved_reading_order/990053681160205171/IE168559283/IE168559283_P000001_FL168559285—reco_improved_polys_improved_reading_order.xml,ok,,85,80,reserve_not_needed,
990053681160205171,IE168559283_P000002_FL168559286.jpg,P000002,/nas/archive/paris-data/automatic_transcriptions/geniza/all_04_improved_reading_order/990053681160205171/IE168559283/IE168559283_P000002_FL168559286—reco_improved_polys_improved_reading_order.xml,990053681160205171:815:/nas/archive/paris-data/automatic_transcriptions/geniza/all_04_improved_reading_order/990053681160205171/IE168559283/IE168559283_P000002_FL168559286—reco_improved_polys_improved_reading_order.xml,ok,,68,62,reserve_not_needed,
990001433340205171,IE48855820_P000007_FL48855872.jpg,P000007,/nas/archive/paris-data/automatic_transcriptions/geniza/all_04_improved_reading_order/990001433340205171/IE48855820/IE48855820_P000007_FL48855872—reco_improved_polys_improved_reading_order.xml,990001433340205171:816:/nas/archive/paris-data/automatic_transcriptions/geniza/all_04_improved_reading_order/990001433340205171/IE48855820/IE48855820_P000007_FL48855872—reco_improved_polys_improved_reading_order.xml,ok,,755,703,reserve_not_needed,
990001433340205171,IE48855820_P000069_FL48856616.jpg,P000069,/nas/archive/paris-data/automatic_transcriptions/geniza/all_04_improved_reading_order/990001433340205171/IE48855820/IE48855820_P000069_FL48856616—reco_improved_polys_improved_reading_order.xml,990001433340205171:817:/nas/archive/paris-data/automatic_transcriptions/geniza/all_04_improved_reading_order/990001433340205171/IE48855820/IE48855820_P000069_FL48856616—reco_improved_polys_improved_reading_order.xml,ok,,1057,882,reserve_not_needed,
990053648420205171,IE168348040_P000001_FL168348042.jpg,P000001,/nas/archive/paris-data/automatic_transcriptions/geniza/all_04_improved_reading_order/990053648420205171/IE168348040/IE168348040_P000001_FL168348042—reco_improved_polys_improved_reading_order.xml,990053648420205171:818:/nas/archive/paris-data/automatic_transcriptions/geniza/all_04_improved_reading_order/990053648420205171/IE168348040/IE168348040_P000001_FL168348042—reco_improved_polys_improved_reading_order.xml,ok,,403,307,reserve_not_needed,
990053648420205171,IE168348040_P000002_FL168348043.jpg,P000002,/nas/archive/paris-data/automatic_transcriptions/geniza/all_04_improved_reading_order/990053648420205171/IE168348040/IE168348040_P000002_FL168348043—reco_improved_polys_improved_reading_order.xml,990053648420205171:819:/nas/archive/paris-data/automatic_transcriptions/geniza/all_04_improved_reading_order/990053648420205171/IE168348040/IE168348040_P000002_FL168348043—reco_improved_polys_improved_reading_order.xml,ok,,612,541,reserve_not_needed,
990053773200205171,IE168714275_P000004_FL168714280.jpg,P000004,/nas/archive/paris-data/automatic_transcriptions/geniza/all_04_improved_reading_order/990053773200205171/IE168714275/IE168714275_P000004_FL168714280—reco_improved_polys_improved_reading_order.xml,990053773200205171:820:/nas/archive/paris-data/automatic_transcriptions/geniza/all_04_improved_reading_order/990053773200205171/IE168714275/IE168714275_P000004_FL168714280—reco_improved_polys_improved_reading_order.xml,ok,,5,5,reserve_not_needed,
990053773200205171,IE168714275_P000002_FL168714278.jpg,P000002,/nas/archive/paris-data/automatic_transcriptions/geniza/all_04_improved_reading_order/990053773200205171/IE168714275/IE168714275_P000002_FL168714278—reco_improved_polys_improved_reading_order.xml,990053773200205171:821:/nas/archive/paris-data/automatic_transcriptions/geniza/all_04_improved_reading_order/990053773200205171/IE168714275/IE168714275_P000002_FL168714278—reco_improved_polys_improved_reading_order.xml,ok,,136,106,reserve_not_needed,
990051165480205171,IE203718005_P000001_FL203718007.jpg,P000001,/nas/archive/paris-data/automatic_transcriptions/geniza/all_04_improved_reading_order/990051165480205171/IE203718005/IE203718005_P000001_FL203718007—reco_improved_polys_improved_reading_order.xml,990051165480205171:822:/nas/archive/paris-data/automatic_transcriptions/geniza/all_04_improved_reading_order/990051165480205171/IE203718005/IE203718005_P000001_FL203718007—reco_improved_polys_improved_reading_order.xml,ok,,1922,1626,reserve_not_needed,
990051165480205171,IE203718005_P000002_FL203718008.jpg,P000002,/nas/archive/paris-data/automatic_transcriptions/geniza/all_04_improved_reading_order/990051165480205171/IE203718005/IE203718005_P000002_FL203718008—reco_improved_polys_improved_reading_order.xml,990051165480205171:823:/nas/archive/paris-data/automatic_transcriptions/geniza/all_04_improved_reading_order/990051165480205171/IE203718005/IE203718005_P000002_FL203718008—reco_improved_polys_improved_reading_order.xml,ok,,1695,1465,reserve_not_needed,
990053429660205171,IE167741639_P000001_FL167741641.jpg,P000001,/nas/archive/paris-data/automatic_transcriptions/geniza/all_04_improved_reading_order/990053429660205171/IE167741639/IE167741639_P000001_FL167741641—reco_improved_polys_improved_reading_order.xml,990053429660205171:824:/nas/archive/paris-data/automatic_transcriptions/geniza/all_04_improved_reading_order/990053429660205171/IE167741639/IE167741639_P000001_FL167741641—reco_improved_polys_improved_reading_order.xml,ok,,438,383,reserve_not_needed,
990053429660205171,IE167741639_P000002_FL167741642.jpg,P000002,/nas/archive/paris-data/automatic_transcriptions/geniza/all_04_improved_reading_order/990053429660205171/IE167741639/IE167741639_P000002_FL167741642—reco_improved_polys_improved_reading_order.xml,990053429660205171:825:/nas/archive/paris-data/automatic_transcriptions/geniza/all_04_improved_reading_order/990053429660205171/IE167741639/IE167741639_P000002_FL167741642—reco_improved_polys_improved_reading_order.xml,ok,,466,423,reserve_not_needed,
990053259860205171,IE159260373_P000002_FL159260377.jpg,P000002,/nas/archive/paris-data/automatic_transcriptions/geniza/all_04_improved_reading_order/990053259860205171/IE159260373/IE159260373_P000002_FL159260377—reco_improved_polys_improved_reading_order.xml,990053259860205171:826:/nas/archive/paris-data/automatic_transcriptions/geniza/all_04_improved_reading_order/990053259860205171/IE159260373/IE159260373_P000002_FL159260377—reco_improved_polys_improved_reading_order.xml,ok,,94,80,reserve_not_needed,
990053259860205171,IE159260373_P000001_FL159260376.jpg,P000001,/nas/archive/paris-data/automatic_transcriptions/geniza/all_04_improved_reading_order/990053259860205171/IE159260373/IE159260373_P000001_FL159260376—reco_improved_polys_improved_reading_order.xml,990053259860205171:827:/nas/archive/paris-data/automatic_transcriptions/geniza/all_04_improved_reading_order/990053259860205171/IE159260373/IE159260373_P000001_FL159260376—reco_improved_polys_improved_reading_order.xml,ok,,1,1,reserve_not_needed,
990053515460205171,IE168333656_P000002_FL168333659.jpg,P000002,/nas/archive/paris-data/automatic_transcriptions/geniza/all_04_improved_reading_order/990053515460205171/IE168333656/IE168333656_P000002_FL168333659—reco_improved_polys_improved_reading_order.xml,990053515460205171:828:/nas/archive/paris-data/automatic_transcriptions/geniza/all_04_improved_reading_order/990053515460205171/IE168333656/IE168333656_P000002_FL168333659—reco_improved_polys_improved_reading_order.xml,ok,,388,350,reserve_not_needed,
990053515460205171,IE168333656_P000001_FL168333658.jpg,P000001,/nas/archive/paris-data/automatic_transcriptions/geniza/all_04_improved_reading_order/990053515460205171/IE168333656/IE168333656_P000001_FL168333658—reco_improved_polys_improved_reading_order.xml,990053515460205171:829:/nas/archive/paris-data/automatic_transcriptions/geniza/all_04_improved_reading_order/990053515460205171/IE168333656/IE168333656_P000001_FL168333658—reco_improved_polys_improved_reading_order.xml,ok,,452,403,reserve_not_needed,
990051934020205171,IE167443630_P000001_FL167443632.jpg,P000001,/nas/archive/paris-data/automatic_transcriptions/geniza/all_04_improved_reading_order/990051934020205171/IE167443630/IE167443630_P000001_FL167443632—reco_improved_polys_improved_reading_order.xml,990051934020205171:830:/nas/archive/paris-data/automatic_transcriptions/geniza/all_04_improved_reading_order/990051934020205171/IE167443630/IE167443630_P000001_FL167443632—reco_improved_polys_improved_reading_order.xml,ok,,83,74,reserve_not_needed,
990051934020205171,IE167443630_P000002_FL167443633.jpg,P000002,/nas/archive/paris-data/automatic_transcriptions/geniza/all_04_improved_reading_order/990051934020205171/IE167443630/IE167443630_P000002_FL167443633—reco_improved_polys_improved_reading_order.xml,990051934020205171:831:/nas/archive/paris-data/automatic_transcriptions/geniza/all_04_improved_reading_order/990051934020205171/IE167443630/IE167443630_P000002_FL167443633—reco_improved_polys_improved_reading_order.xml,ok,,110,88,reserve_not_needed,
990053680100205171,IE168551355_P000004_FL168551360.jpg,P000004,/nas/archive/paris-data/automatic_transcriptions/geniza/all_04_improved_reading_order/990053680100205171/IE168551355/IE168551355_P000004_FL168551360—reco_improved_polys_improved_reading_order.xml,990053680100205171:832:/nas/archive/paris-data/automatic_transcriptions/geniza/all_04_improved_reading_order/990053680100205171/IE168551355/IE168551355_P000004_FL168551360—reco_improved_polys_improved_reading_order.xml,ok,,0,0,reserve_not_needed,
990053680100205171,IE168551355_P000002_FL168551358.jpg,P000002,/nas/archive/paris-data/automatic_transcriptions/geniza/all_04_improved_reading_order/990053680100205171/IE168551355/IE168551355_P000002_FL168551358—reco_improved_polys_improved_reading_order.xml,990053680100205171:833:/nas/archive/paris-data/automatic_transcriptions/geniza/all_04_improved_reading_order/990053680100205171/IE168551355/IE168551355_P000002_FL168551358—reco_improved_polys_improved_reading_order.xml,ok,,10,9,reserve_not_needed,
990051843110205171,IE165598226_P000001_FL165598228.jpg,P000001,/nas/archive/paris-data/automatic_transcriptions/geniza/all_04_improved_reading_order/990051843110205171/IE165598226/IE165598226_P000001_FL165598228—reco_improved_polys_improved_reading_order.xml,990051843110205171:834:/nas/archive/paris-data/automatic_transcriptions/geniza/all_04_improved_reading_order/990051843110205171/IE165598226/IE165598226_P000001_FL165598228—reco_improved_polys_improved_reading_order.xml,ok,,118,103,reserve_not_needed,
990051843110205171,IE165598226_P000002_FL165598230.jpg,P000002,/nas/archive/paris-data/automatic_transcriptions/geniza/all_04_improved_reading_order/990051843110205171/IE165598226/IE165598226_P000002_FL165598230—reco_improved_polys_improved_reading_order.xml,990051843110205171:835:/nas/archive/paris-data/automatic_transcriptions/geniza/all_04_improved_reading_order/990051843110205171/IE165598226/IE165598226_P000002_FL165598230—reco_improved_polys_improved_reading_order.xml,ok,,107,80,reserve_not_needed,
990052064540205171,IE167625971_P000001_FL167625973.jpg,P000001,/nas/archive/paris-data/automatic_transcriptions/geniza/all_04_improved_reading_order/990052064540205171/IE167625971/IE167625971_P000001_FL167625973—reco_improved_polys_improved_reading_order.xml,990052064540205171:836:/nas/archive/paris-data/automatic_transcriptions/geniza/all_04_improved_reading_order/990052064540205171/IE167625971/IE167625971_P000001_FL167625973—reco_improved_polys_improved_reading_order.xml,ok,,19,11,reserve_not_needed,
990052064540205171,IE167625971_P000002_FL167625974.jpg,P000002,/nas/archive/paris-data/automatic_transcriptions/geniza/all_04_improved_reading_order/990052064540205171/IE167625971/IE167625971_P000002_FL167625974—reco_improved_polys_improved_reading_order.xml,990052064540205171:837:/nas/archive/paris-data/automatic_transcriptions/geniza/all_04_improved_reading_order/990052064540205171/IE167625971/IE167625971_P000002_FL167625974—reco_improved_polys_improved_reading_order.xml,ok,,23,17,reserve_not_needed,
990053167050205171,IE155848816_P000001_FL155848821.jpg,P000001,/nas/archive/paris-data/automatic_transcriptions/geniza/all_04_improved_reading_order/990053167050205171/IE155848816/IE155848816_P000001_FL155848821—reco_improved_polys_improved_reading_order.xml,990053167050205171:838:/nas/archive/paris-data/automatic_transcriptions/geniza/all_04_improved_reading_order/990053167050205171/IE155848816/IE155848816_P000001_FL155848821—reco_improved_polys_improved_reading_order.xml,ok,,459,401,reserve_not_needed,
990053167050205171,IE155848816_P000002_FL155848827.jpg,P000002,/nas/archive/paris-data/automatic_transcriptions/geniza/all_04_improved_reading_order/990053167050205171/IE155848816/IE155848816_P000002_FL155848827—reco_improved_polys_improved_reading_order.xml,990053167050205171:839:/nas/archive/paris-data/automatic_transcriptions/geniza/all_04_improved_reading_order/990053167050205171/IE155848816/IE155848816_P000002_FL155848827—reco_improved_polys_improved_reading_order.xml,ok,,421,364,reserve_not_needed,
990051549880205171,IE167167762_P000001_FL167167764.jpg,P000001,/nas/archive/paris-data/automatic_transcriptions/geniza/all_04_improved_reading_order/990051549880205171/IE167167762/IE167167762_P000001_FL167167764—reco_improved_polys_improved_reading_order.xml,990051549880205171:840:/nas/archive/paris-data/automatic_transcriptions/geniza/all_04_improved_reading_order/990051549880205171/IE167167762/IE167167762_P000001_FL167167764—reco_improved_polys_improved_reading_order.xml,ok,,130,111,reserve_not_needed,
990051549880205171,IE167167762_P000002_FL167167765.jpg,P000002,/nas/archive/paris-data/automatic_transcriptions/geniza/all_04_improved_reading_order/990051549880205171/IE167167762/IE167167762_P000002_FL167167765—reco_improved_polys_improved_reading_order.xml,990051549880205171:841:/nas/archive/paris-data/automatic_transcriptions/geniza/all_04_improved_reading_order/990051549880205171/IE167167762/IE167167762_P000002_FL167167765—reco_improved_polys_improved_reading_order.xml,ok,,1,1,reserve_not_needed,
990001660540205171,IE57554267_P000006_FL57554328.jpg,P000006,/nas/archive/paris-data/automatic_transcriptions/geniza/all_04_improved_reading_order/990001660540205171/IE57554267/IE57554267_P000006_FL57554328—reco_improved_polys_improved_reading_order.xml,990001660540205171:842:/nas/archive/paris-data/automatic_transcriptions/geniza/all_04_improved_reading_order/990001660540205171/IE57554267/IE57554267_P000006_FL57554328—reco_improved_polys_improved_reading_order.xml,ok,,106,97,reserve_not_needed,
990001660540205171,IE57554267_P000007_FL57554333.jpg,P000007,/nas/archive/paris-data/automatic_transcriptions/geniza/all_04_improved_reading_order/990001660540205171/IE57554267/IE57554267_P000007_FL57554333—reco_improved_polys_improved_reading_order.xml,990001660540205171:843:/nas/archive/paris-data/automatic_transcriptions/geniza/all_04_improved_reading_order/990001660540205171/IE57554267/IE57554267_P000007_FL57554333—reco_improved_polys_improved_reading_order.xml,ok,,0,0,reserve_not_needed,
990051324120205171,IE166832401_P000002_FL166832404.jpg,P000002,/nas/archive/paris-data/automatic_transcriptions/geniza/all_04_improved_reading_order/990051324120205171/IE166832401/IE166832401_P000002_FL166832404—reco_improved_polys_improved_reading_order.xml,990051324120205171:844:/nas/archive/paris-data/automatic_transcriptions/geniza/all_04_improved_reading_order/990051324120205171/IE166832401/IE166832401_P000002_FL166832404—reco_improved_polys_improved_reading_order.xml,ok,,521,411,reserve_not_needed,
990051324120205171,IE166832401_P000001_FL166832403.jpg,P000001,/nas/archive/paris-data/automatic_transcriptions/geniza/all_04_improved_reading_order/990051324120205171/IE166832401/IE166832401_P000001_FL166832403—reco_improved_polys_improved_reading_order.xml,990051324120205171:845:/nas/archive/paris-data/automatic_transcriptions/geniza/all_04_improved_reading_order/990051324120205171/IE166832401/IE166832401_P000001_FL166832403—reco_improved_polys_improved_reading_order.xml,ok,,518,466,reserve_not_needed,
990053648120205171,IE168346661_P000002_FL168346664.jpg,P000002,/nas/archive/paris-data/automatic_transcriptions/geniza/all_04_improved_reading_order/990053648120205171/IE168346661/IE168346661_P000002_FL168346664—reco_improved_polys_improved_reading_order.xml,990053648120205171:846:/nas/archive/paris-data/automatic_transcriptions/geniza/all_04_improved_reading_order/990053648120205171/IE168346661/IE168346661_P000002_FL168346664—reco_improved_polys_improved_reading_order.xml,ok,,650,587,reserve_not_needed,
990053648120205171,IE168346661_P000001_FL168346663.jpg,P000001,/nas/archive/paris-data/automatic_transcriptions/geniza/all_04_improved_reading_order/990053648120205171/IE168346661/IE168346661_P000001_FL168346663—reco_improved_polys_improved_reading_order.xml,990053648120205171:847:/nas/archive/paris-data/automatic_transcriptions/geniza/all_04_improved_reading_order/990053648120205171/IE168346661/IE168346661_P000001_FL168346663—reco_improved_polys_improved_reading_order.xml,ok,,616,560,reserve_not_needed,
990051882070205171,IE167357916_P000002_FL167357919.jpg,P000002,/nas/archive/paris-data/automatic_transcriptions/geniza/all_04_improved_reading_order/990051882070205171/IE167357916/IE167357916_P000002_FL167357919—reco_improved_polys_improved_reading_order.xml,990051882070205171:848:/nas/archive/paris-data/automatic_transcriptions/geniza/all_04_improved_reading_order/990051882070205171/IE167357916/IE167357916_P000002_FL167357919—reco_improved_polys_improved_reading_order.xml,empty_or_unreadable,,0,0,reserve_not_needed,
990051882070205171,IE167357916_P000001_FL167357918.jpg,P000001,/nas/archive/paris-data/automatic_transcriptions/geniza/all_04_improved_reading_order/990051882070205171/IE167357916/IE167357916_P000001_FL167357918—reco_improved_polys_improved_reading_order.xml,990051882070205171:849:/nas/archive/paris-data/automatic_transcriptions/geniza/all_04_improved_reading_order/990051882070205171/IE167357916/IE167357916_P000001_FL167357918—reco_improved_polys_improved_reading_order.xml,ok,,21,16,reserve_not_needed,
990053161730205171,IE155338248_P000002_FL155338252.jpg,P000002,/nas/archive/paris-data/automatic_transcriptions/geniza/all_04_improved_reading_order/990053161730205171/IE155338248/IE155338248_P000002_FL155338252—reco_improved_polys_improved_reading_order.xml,990053161730205171:850:/nas/archive/paris-data/automatic_transcriptions/geniza/all_04_improved_reading_order/990053161730205171/IE155338248/IE155338248_P000002_FL155338252—reco_improved_polys_improved_reading_order.xml,ok,,397,308,reserve_not_needed,
990053161730205171,IE155338248_P000001_FL155338251.jpg,P000001,/nas/archive/paris-data/automatic_transcriptions/geniza/all_04_improved_reading_order/990053161730205171/IE155338248/IE155338248_P000001_FL155338251—reco_improved_polys_improved_reading_order.xml,990053161730205171:851:/nas/archive/paris-data/automatic_transcriptions/geniza/all_04_improved_reading_order/990053161730205171/IE155338248/IE155338248_P000001_FL155338251—reco_improved_polys_improved_reading_order.xml,ok,,420,341,reserve_not_needed,
990051938430205171,IE167449759_P000002_FL167449762.jpg,P000002,/nas/archive/paris-data/automatic_transcriptions/geniza/all_04_improved_reading_order/990051938430205171/IE167449759/IE167449759_P000002_FL167449762—reco_improved_polys_improved_reading_order.xml,990051938430205171:852:/nas/archive/paris-data/automatic_transcriptions/geniza/all_04_improved_reading_order/990051938430205171/IE167449759/IE167449759_P000002_FL167449762—reco_improved_polys_improved_reading_order.xml,ok,,49,39,reserve_not_needed,
990051938430205171,IE167449759_P000001_FL167449761.jpg,P000001,/nas/archive/paris-data/automatic_transcriptions/geniza/all_04_improved_reading_order/990051938430205171/IE167449759/IE167449759_P000001_FL167449761—reco_improved_polys_improved_reading_order.xml,990051938430205171:853:/nas/archive/paris-data/automatic_transcriptions/geniza/all_04_improved_reading_order/990051938430205171/IE167449759/IE167449759_P000001_FL167449761—reco_improved_polys_improved_reading_order.xml,ok,,134,121,reserve_not_needed,
990051715460205171,IE169464430_P000001_FL169464432.jpg,P000001,/nas/archive/paris-data/automatic_transcriptions/geniza/all_04_improved_reading_order/990051715460205171/IE169464430/IE169464430_P000001_FL169464432—reco_improved_polys_improved_reading_order.xml,990051715460205171:854:/nas/archive/paris-data/automatic_transcriptions/geniza/all_04_improved_reading_order/990051715460205171/IE169464430/IE169464430_P000001_FL169464432—reco_improved_polys_improved_reading_order.xml,ok,,414,327,reserve_not_needed,
990051715460205171,IE169464430_P000002_FL169464433.jpg,P000002,/nas/archive/paris-data/automatic_transcriptions/geniza/all_04_improved_reading_order/990051715460205171/IE169464430/IE169464430_P000002_FL169464433—reco_improved_polys_improved_reading_order.xml,990051715460205171:855:/nas/archive/paris-data/automatic_transcriptions/geniza/all_04_improved_reading_order/990051715460205171/IE169464430/IE169464430_P000002_FL169464433—reco_improved_polys_improved_reading_order.xml,ok,,46,33,reserve_not_needed,
990052362320205171,IE168015570_P000001_FL168015572.jpg,P000001,/nas/archive/paris-data/automatic_transcriptions/geniza/all_04_improved_reading_order/990052362320205171/IE168015570/IE168015570_P000001_FL168015572—reco_improved_polys_improved_reading_order.xml,990052362320205171:856:/nas/archive/paris-data/automatic_transcriptions/geniza/all_04_improved_reading_order/990052362320205171/IE168015570/IE168015570_P000001_FL168015572—reco_improved_polys_improved_reading_order.xml,ok,,278,223,reserve_not_needed,
990052362320205171,IE168015570_P000002_FL168015573.jpg,P000002,/nas/archive/paris-data/automatic_transcriptions/geniza/all_04_improved_reading_order/990052362320205171/IE168015570/IE168015570_P000002_FL168015573—reco_improved_polys_improved_reading_order.xml,990052362320205171:857:/nas/archive/paris-data/automatic_transcriptions/geniza/all_04_improved_reading_order/990052362320205171/IE168015570/IE168015570_P000002_FL168015573—reco_improved_polys_improved_reading_order.xml,ok,,219,169,reserve_not_needed,
990001518560205171,IE50314235_P000006_FL50314259.jpg,P000006,/nas/archive/paris-data/automatic_transcriptions/geniza/all_04_improved_reading_order/990001518560205171/IE50314235/IE50314235_P000006_FL50314259—reco_improved_polys_improved_reading_order.xml,990001518560205171:858:/nas/archive/paris-data/automatic_transcriptions/geniza/all_04_improved_reading_order/990001518560205171/IE50314235/IE50314235_P000006_FL50314259—reco_improved_polys_improved_reading_order.xml,ok,,0,0,reserve_not_needed,
990001518560205171,IE50314235_P000003_FL50314243.jpg,P000003,/nas/archive/paris-data/automatic_transcriptions/geniza/all_04_improved_reading_order/990001518560205171/IE50314235/IE50314235_P000003_FL50314243—reco_improved_polys_improved_reading_order.xml,990001518560205171:859:/nas/archive/paris-data/automatic_transcriptions/geniza/all_04_improved_reading_order/990001518560205171/IE50314235/IE50314235_P000003_FL50314243—reco_improved_polys_improved_reading_order.xml,ok,,0,0,reserve_not_needed,
990052131370205171,IE167733922_P000001_FL167733924.jpg,P000001,/nas/archive/paris-data/automatic_transcriptions/geniza/all_04_improved_reading_order/990052131370205171/IE167733922/IE167733922_P000001_FL167733924—reco_improved_polys_improved_reading_order.xml,990052131370205171:860:/nas/archive/paris-data/automatic_transcriptions/geniza/all_04_improved_reading_order/990052131370205171/IE167733922/IE167733922_P000001_FL167733924—reco_improved_polys_improved_reading_order.xml,ok,,202,166,reserve_not_needed,
990052131370205171,IE167733922_P000002_FL167733925.jpg,P000002,/nas/archive/paris-data/automatic_transcriptions/geniza/all_04_improved_reading_order/990052131370205171/IE167733922/IE167733922_P000002_FL167733925—reco_improved_polys_improved_reading_order.xml,990052131370205171:861:/nas/archive/paris-data/automatic_transcriptions/geniza/all_04_improved_reading_order/990052131370205171/IE167733922/IE167733922_P000002_FL167733925—reco_improved_polys_improved_reading_order.xml,ok,,102,73,reserve_not_needed,
990051378770205171,IE159130507_P000001_FL159130509.jpg,P000001,/nas/archive/paris-data/automatic_transcriptions/geniza/all_04_improved_reading_order/990051378770205171/IE159130507/IE159130507_P000001_FL159130509—reco_improved_polys_improved_reading_order.xml,990051378770205171:862:/nas/archive/paris-data/automatic_transcriptions/geniza/all_04_improved_reading_order/990051378770205171/IE159130507/IE159130507_P000001_FL159130509—reco_improved_polys_improved_reading_order.xml,ok,,772,650,reserve_not_needed,
990051378770205171,IE159130507_P000002_FL159130530.jpg,P000002,/nas/archive/paris-data/automatic_transcriptions/geniza/all_04_improved_reading_order/990051378770205171/IE159130507/IE159130507_P000002_FL159130530—reco_improved_polys_improved_reading_order.xml,990051378770205171:863:/nas/archive/paris-data/automatic_transcriptions/geniza/all_04_improved_reading_order/990051378770205171/IE159130507/IE159130507_P000002_FL159130530—reco_improved_polys_improved_reading_order.xml,ok,,636,541,reserve_not_needed,
990052102210205171,IE167699834_P000002_FL167699837.jpg,P000002,/nas/archive/paris-data/automatic_transcriptions/geniza/all_04_improved_reading_order/990052102210205171/IE167699834/IE167699834_P000002_FL167699837—reco_improved_polys_improved_reading_order.xml,990052102210205171:864:/nas/archive/paris-data/automatic_transcriptions/geniza/all_04_improved_reading_order/990052102210205171/IE167699834/IE167699834_P000002_FL167699837—reco_improved_polys_improved_reading_order.xml,empty_or_unreadable,,0,0,reserve_not_needed,
990052102210205171,IE167699834_P000001_FL167699836.jpg,P000001,/nas/archive/paris-data/automatic_transcriptions/geniza/all_04_improved_reading_order/990052102210205171/IE167699834/IE167699834_P000001_FL167699836—reco_improved_polys_improved_reading_order.xml,990052102210205171:865:/nas/archive/paris-data/automatic_transcriptions/geniza/all_04_improved_reading_order/990052102210205171/IE167699834/IE167699834_P000001_FL167699836—reco_improved_polys_improved_reading_order.xml,ok,,17,13,reserve_not_needed,
990053606580205171,IE154202750_P000001_FL154202752.jpg,P000001,/nas/archive/paris-data/automatic_transcriptions/geniza/all_04_improved_reading_order/990053606580205171/IE154202750/IE154202750_P000001_FL154202752—reco_improved_polys_improved_reading_order.xml,990053606580205171:866:/nas/archive/paris-data/automatic_transcriptions/geniza/all_04_improved_reading_order/990053606580205171/IE154202750/IE154202750_P000001_FL154202752—reco_improved_polys_improved_reading_order.xml,ok,,249,212,reserve_not_needed,
990053606580205171,IE154202750_P000002_FL154202753.jpg,P000002,/nas/archive/paris-data/automatic_transcriptions/geniza/all_04_improved_reading_order/990053606580205171/IE154202750/IE154202750_P000002_FL154202753—reco_improved_polys_improved_reading_order.xml,990053606580205171:867:/nas/archive/paris-data/automatic_transcriptions/geniza/all_04_improved_reading_order/990053606580205171/IE154202750/IE154202750_P000002_FL154202753—reco_improved_polys_improved_reading_order.xml,ok,,340,291,reserve_not_needed,
990052048320205171,IE167583219_P000002_FL167583222.jpg,P000002,/nas/archive/paris-data/automatic_transcriptions/geniza/all_04_improved_reading_order/990052048320205171/IE167583219/IE167583219_P000002_FL167583222—reco_improved_polys_improved_reading_order.xml,990052048320205171:868:/nas/archive/paris-data/automatic_transcriptions/geniza/all_04_improved_reading_order/990052048320205171/IE167583219/IE167583219_P000002_FL167583222—reco_improved_polys_improved_reading_order.xml,ok,,546,474,reserve_not_needed,
990052048320205171,IE167583219_P000001_FL167583221.jpg,P000001,/nas/archive/paris-data/automatic_transcriptions/geniza/all_04_improved_reading_order/990052048320205171/IE167583219/IE167583219_P000001_FL167583221—reco_improved_polys_improved_reading_order.xml,990052048320205171:869:/nas/archive/paris-data/automatic_transcriptions/geniza/all_04_improved_reading_order/990052048320205171/IE167583219/IE167583219_P000001_FL167583221—reco_improved_polys_improved_reading_order.xml,ok,,392,318,reserve_not_needed,
990051531740205171,IE167133800_P000001_FL167133802.jpg,P000001,/nas/archive/paris-data/automatic_transcriptions/geniza/all_04_improved_reading_order/990051531740205171/IE167133800/IE167133800_P000001_FL167133802—reco_improved_polys_improved_reading_order.xml,990051531740205171:870:/nas/archive/paris-data/automatic_transcriptions/geniza/all_04_improved_reading_order/990051531740205171/IE167133800/IE167133800_P000001_FL167133802—reco_improved_polys_improved_reading_order.xml,ok,,603,565,reserve_not_needed,
990051531740205171,IE167133800_P000002_FL167133803.jpg,P000002,/nas/archive/paris-data/automatic_transcriptions/geniza/all_04_improved_reading_order/990051531740205171/IE167133800/IE167133800_P000002_FL167133803—reco_improved_polys_improved_reading_order.xml,990051531740205171:871:/nas/archive/paris-data/automatic_transcriptions/geniza/all_04_improved_reading_order/990051531740205171/IE167133800/IE167133800_P000002_FL167133803—reco_improved_polys_improved_reading_order.xml,ok,,641,601,reserve_not_needed,
990051248650205171,IE166957147_P000001_FL166957149.jpg,P000001,/nas/archive/paris-data/automatic_transcriptions/geniza/all_04_improved_reading_order/990051248650205171/IE166957147/IE166957147_P000001_FL166957149—reco_improved_polys_improved_reading_order.xml,990051248650205171:872:/nas/archive/paris-data/automatic_transcriptions/geniza/all_04_improved_reading_order/990051248650205171/IE166957147/IE166957147_P000001_FL166957149—reco_improved_polys_improved_reading_order.xml,ok,,610,506,reserve_not_needed,
990051248650205171,IE166957147_P000002_FL166957150.jpg,P000002,/nas/archive/paris-data/automatic_transcriptions/geniza/all_04_improved_reading_order/990051248650205171/IE166957147/IE166957147_P000002_FL166957150—reco_improved_polys_improved_reading_order.xml,990051248650205171:873:/nas/archive/paris-data/automatic_transcriptions/geniza/all_04_improved_reading_order/990051248650205171/IE166957147/IE166957147_P000002_FL166957150—reco_improved_polys_improved_reading_order.xml,ok,,49,37,reserve_not_needed,
990052258000205171,IE167325739_P000002_FL167325742.jpg,P000002,/nas/archive/paris-data/automatic_transcriptions/geniza/all_04_improved_reading_order/990052258000205171/IE167325739/IE167325739_P000002_FL167325742—reco_improved_polys_improved_reading_order.xml,990052258000205171:874:/nas/archive/paris-data/automatic_transcriptions/geniza/all_04_improved_reading_order/990052258000205171/IE167325739/IE167325739_P000002_FL167325742—reco_improved_polys_improved_reading_order.xml,ok,,15,10,reserve_not_needed,
990052258000205171,IE167325739_P000001_FL167325741.jpg,P000001,/nas/archive/paris-data/automatic_transcriptions/geniza/all_04_improved_reading_order/990052258000205171/IE167325739/IE167325739_P000001_FL167325741—reco_improved_polys_improved_reading_order.xml,990052258000205171:875:/nas/archive/paris-data/automatic_transcriptions/geniza/all_04_improved_reading_order/990052258000205171/IE167325739/IE167325739_P000001_FL167325741—reco_improved_polys_improved_reading_order.xml,ok,,50,33,reserve_not_needed,
990051706090205171,IE169376948_P000001_FL169376950.jpg,P000001,/nas/archive/paris-data/automatic_transcriptions/geniza/all_04_improved_reading_order/990051706090205171/IE169376948/IE169376948_P000001_FL169376950—reco_improved_polys_improved_reading_order.xml,990051706090205171:876:/nas/archive/paris-data/automatic_transcriptions/geniza/all_04_improved_reading_order/990051706090205171/IE169376948/IE169376948_P000001_FL169376950—reco_improved_polys_improved_reading_order.xml,ok,,22,10,reserve_not_needed,
990051706090205171,IE169376948_P000002_FL169376951.jpg,P000002,/nas/archive/paris-data/automatic_transcriptions/geniza/all_04_improved_reading_order/990051706090205171/IE169376948/IE169376948_P000002_FL169376951—reco_improved_polys_improved_reading_order.xml,990051706090205171:877:/nas/archive/paris-data/automatic_transcriptions/geniza/all_04_improved_reading_order/990051706090205171/IE169376948/IE169376948_P000002_FL169376951—reco_improved_polys_improved_reading_order.xml,ok,,219,174,reserve_not_needed,
990052254270205171,IE167287672_P000002_FL167287675.jpg,P000002,/nas/archive/paris-data/automatic_transcriptions/geniza/all_04_improved_reading_order/990052254270205171/IE167287672/IE167287672_P000002_FL167287675—reco_improved_polys_improved_reading_order.xml,990052254270205171:878:/nas/archive/paris-data/automatic_transcriptions/geniza/all_04_improved_reading_order/990052254270205171/IE167287672/IE167287672_P000002_FL167287675—reco_improved_polys_improved_reading_order.xml,ok,,4,1,reserve_not_needed,
990052254270205171,IE167287672_P000001_FL167287674.jpg,P000001,/nas/archive/paris-data/automatic_transcriptions/geniza/all_04_improved_reading_order/990052254270205171/IE167287672/IE167287672_P000001_FL167287674—reco_improved_polys_improved_reading_order.xml,990052254270205171:879:/nas/archive/paris-data/automatic_transcriptions/geniza/all_04_improved_reading_order/990052254270205171/IE167287672/IE167287672_P000001_FL167287674—reco_improved_polys_improved_reading_order.xml,ok,,5,3,reserve_not_needed,
990051911700205171,IE167423288_P000001_FL167423290.jpg,P000001,/nas/archive/paris-data/automatic_transcriptions/geniza/all_04_improved_reading_order/990051911700205171/IE167423288/IE167423288_P000001_FL167423290—reco_improved_polys_improved_reading_order.xml,990051911700205171:880:/nas/archive/paris-data/automatic_transcriptions/geniza/all_04_improved_reading_order/990051911700205171/IE167423288/IE167423288_P000001_FL167423290—reco_improved_polys_improved_reading_order.xml,ok,,411,374,reserve_not_needed,
990051911700205171,IE167423288_P000002_FL167423292.jpg,P000002,/nas/archive/paris-data/automatic_transcriptions/geniza/all_04_improved_reading_order/990051911700205171/IE167423288/IE167423288_P000002_FL167423292—reco_improved_polys_improved_reading_order.xml,990051911700205171:881:/nas/archive/paris-data/automatic_transcriptions/geniza/all_04_improved_reading_order/990051911700205171/IE167423288/IE167423288_P000002_FL167423292—reco_improved_polys_improved_reading_order.xml,ok,,503,442,reserve_not_needed,
990051443860205171,IE168429949_P000002_FL168429952.jpg,P000002,/nas/archive/paris-data/automatic_transcriptions/geniza/all_04_improved_reading_order/990051443860205171/IE168429949/IE168429949_P000002_FL168429952—reco_improved_polys_improved_reading_order.xml,990051443860205171:882:/nas/archive/paris-data/automatic_transcriptions/geniza/all_04_improved_reading_order/990051443860205171/IE168429949/IE168429949_P000002_FL168429952—reco_improved_polys_improved_reading_order.xml,ok,,2020,1775,reserve_not_needed,
990051443860205171,IE168429949_P000001_FL168429951.jpg,P000001,/nas/archive/paris-data/automatic_transcriptions/geniza/all_04_improved_reading_order/990051443860205171/IE168429949/IE168429949_P000001_FL168429951—reco_improved_polys_improved_reading_order.xml,990051443860205171:883:/nas/archive/paris-data/automatic_transcriptions/geniza/all_04_improved_reading_order/990051443860205171/IE168429949/IE168429949_P000001_FL168429951—reco_improved_polys_improved_reading_order.xml,ok,,1971,1759,reserve_not_needed,
990053242090205171,IE158988508_P000002_FL158988520.jpg,P000002,/nas/archive/paris-data/automatic_transcriptions/geniza/all_04_improved_reading_order/990053242090205171/IE158988508/IE158988508_P000002_FL158988520—reco_improved_polys_improved_reading_order.xml,990053242090205171:884:/nas/archive/paris-data/automatic_transcriptions/geniza/all_04_improved_reading_order/990053242090205171/IE158988508/IE158988508_P000002_FL158988520—reco_improved_polys_improved_reading_order.xml,ok,,431,400,reserve_not_needed,
990053242090205171,IE158988508_P000001_FL158988510.jpg,P000001,/nas/archive/paris-data/automatic_transcriptions/geniza/all_04_improved_reading_order/990053242090205171/IE158988508/IE158988508_P000001_FL158988510—reco_improved_polys_improved_reading_order.xml,990053242090205171:885:/nas/archive/paris-data/automatic_transcriptions/geniza/all_04_improved_reading_order/990053242090205171/IE158988508/IE158988508_P000001_FL158988510—reco_improved_polys_improved_reading_order.xml,ok,,399,374,reserve_not_needed,
990039377370205171,IE57611776_P000004_FL57611785.jpg,P000004,/nas/archive/paris-data/automatic_transcriptions/geniza/all_04_improved_reading_order/990039377370205171/IE57611776/IE57611776_P000004_FL57611785—reco_improved_polys_improved_reading_order.xml,990039377370205171:886:/nas/archive/paris-data/automatic_transcriptions/geniza/all_04_improved_reading_order/990039377370205171/IE57611776/IE57611776_P000004_FL57611785—reco_improved_polys_improved_reading_order.xml,ok,,1,1,reserve_not_needed,
990039377370205171,IE57611926_P000008_FL57611935.jpg,P000008,/nas/archive/paris-data/automatic_transcriptions/geniza/all_04_improved_reading_order/990039377370205171/IE57611926/IE57611926_P000008_FL57611935—reco_improved_polys_improved_reading_order.xml,990039377370205171:887:/nas/archive/paris-data/automatic_transcriptions/geniza/all_04_improved_reading_order/990039377370205171/IE57611926/IE57611926_P000008_FL57611935—reco_improved_polys_improved_reading_order.xml,empty_or_unreadable,,0,0,reserve_not_needed,
990052077830205171,IE167655397_P000001_FL167655399.jpg,P000001,/nas/archive/paris-data/automatic_transcriptions/geniza/all_04_improved_reading_order/990052077830205171/IE167655397/IE167655397_P000001_FL167655399—reco_improved_polys_improved_reading_order.xml,990052077830205171:888:/nas/archive/paris-data/automatic_transcriptions/geniza/all_04_improved_reading_order/990052077830205171/IE167655397/IE167655397_P000001_FL167655399—reco_improved_polys_improved_reading_order.xml,ok,,72,63,reserve_not_needed,
990052077830205171,IE167655397_P000002_FL167655400.jpg,P000002,/nas/archive/paris-data/automatic_transcriptions/geniza/all_04_improved_reading_order/990052077830205171/IE167655397/IE167655397_P000002_FL167655400—reco_improved_polys_improved_reading_order.xml,990052077830205171:889:/nas/archive/paris-data/automatic_transcriptions/geniza/all_04_improved_reading_order/990052077830205171/IE167655397/IE167655397_P000002_FL167655400—reco_improved_polys_improved_reading_order.xml,ok,,36,28,reserve_not_needed,
990052241260205171,IE167200749_P000002_FL167200752.jpg,P000002,/nas/archive/paris-data/automatic_transcriptions/geniza/all_04_improved_reading_order/990052241260205171/IE167200749/IE167200749_P000002_FL167200752—reco_improved_polys_improved_reading_order.xml,990052241260205171:890:/nas/archive/paris-data/automatic_transcriptions/geniza/all_04_improved_reading_order/990052241260205171/IE167200749/IE167200749_P000002_FL167200752—reco_improved_polys_improved_reading_order.xml,ok,,100,85,reserve_not_needed,
990052241260205171,IE167200749_P000001_FL167200751.jpg,P000001,/nas/archive/paris-data/automatic_transcriptions/geniza/all_04_improved_reading_order/990052241260205171/IE167200749/IE167200749_P000001_FL167200751—reco_improved_polys_improved_reading_order.xml,990052241260205171:891:/nas/archive/paris-data/automatic_transcriptions/geniza/all_04_improved_reading_order/990052241260205171/IE167200749/IE167200749_P000001_FL167200751—reco_improved_polys_improved_reading_order.xml,ok,,17,10,reserve_not_needed,
990051815490205171,IE167267908_P000002_FL167267911.jpg,P000002,/nas/archive/paris-data/automatic_transcriptions/geniza/all_04_improved_reading_order/990051815490205171/IE167267908/IE167267908_P000002_FL167267911—reco_improved_polys_improved_reading_order.xml,990051815490205171:892:/nas/archive/paris-data/automatic_transcriptions/geniza/all_04_improved_reading_order/990051815490205171/IE167267908/IE167267908_P000002_FL167267911—reco_improved_polys_improved_reading_order.xml,ok,,23,18,reserve_not_needed,
990051815490205171,IE167267908_P000001_FL167267910.jpg,P000001,/nas/archive/paris-data/automatic_transcriptions/geniza/all_04_improved_reading_order/990051815490205171/IE167267908/IE167267908_P000001_FL167267910—reco_improved_polys_improved_reading_order.xml,990051815490205171:893:/nas/archive/paris-data/automatic_transcriptions/geniza/all_04_improved_reading_order/990051815490205171/IE167267908/IE167267908_P000001_FL167267910—reco_improved_polys_improved_reading_order.xml,ok,,27,23,reserve_not_needed,
990053460940205171,IE167948041_P000001_FL167948043.jpg,P000001,/nas/archive/paris-data/automatic_transcriptions/geniza/all_04_improved_reading_order/990053460940205171/IE167948041/IE167948041_P000001_FL167948043—reco_improved_polys_improved_reading_order.xml,990053460940205171:894:/nas/archive/paris-data/automatic_transcriptions/geniza/all_04_improved_reading_order/990053460940205171/IE167948041/IE167948041_P000001_FL167948043—reco_improved_polys_improved_reading_order.xml,ok,,539,484,reserve_not_needed,
990053460940205171,IE167948041_P000002_FL167948044.jpg,P000002,/nas/archive/paris-data/automatic_transcriptions/geniza/all_04_improved_reading_order/990053460940205171/IE167948041/IE167948041_P000002_FL167948044—reco_improved_polys_improved_reading_order.xml,990053460940205171:895:/nas/archive/paris-data/automatic_transcriptions/geniza/all_04_improved_reading_order/990053460940205171/IE167948041/IE167948041_P000002_FL167948044—reco_improved_polys_improved_reading_order.xml,ok,,525,469,reserve_not_needed,
990053251660205171,IE159181717_P000001_FL159181719.jpg,P000001,/nas/archive/paris-data/automatic_transcriptions/geniza/all_04_improved_reading_order/990053251660205171/IE159181717/IE159181717_P000001_FL159181719—reco_improved_polys_improved_reading_order.xml,990053251660205171:896:/nas/archive/paris-data/automatic_transcriptions/geniza/all_04_improved_reading_order/990053251660205171/IE159181717/IE159181717_P000001_FL159181719—reco_improved_polys_improved_reading_order.xml,ok,,230,175,reserve_not_needed,
990053251660205171,IE159181717_P000002_FL159181727.jpg,P000002,/nas/archive/paris-data/automatic_transcriptions/geniza/all_04_improved_reading_order/990053251660205171/IE159181717/IE159181717_P000002_FL159181727—reco_improved_polys_improved_reading_order.xml,990053251660205171:897:/nas/archive/paris-data/automatic_transcriptions/geniza/all_04_improved_reading_order/990053251660205171/IE159181717/IE159181717_P000002_FL159181727—reco_improved_polys_improved_reading_order.xml,ok,,320,244,reserve_not_needed,
990051079910205171,IE201572438_P000002_FL201572441.jpg,P000002,/nas/archive/paris-data/automatic_transcriptions/geniza/all_04_improved_reading_order/990051079910205171/IE201572438/IE201572438_P000002_FL201572441—reco_improved_polys_improved_reading_order.xml,990051079910205171:898:/nas/archive/paris-data/automatic_transcriptions/geniza/all_04_improved_reading_order/990051079910205171/IE201572438/IE201572438_P000002_FL201572441—reco_improved_polys_improved_reading_order.xml,ok,,1350,1267,reserve_not_needed,
990051079910205171,IE201572438_P000001_FL201572440.jpg,P000001,/nas/archive/paris-data/automatic_transcriptions/geniza/all_04_improved_reading_order/990051079910205171/IE201572438/IE201572438_P000001_FL201572440—reco_improved_polys_improved_reading_order.xml,990051079910205171:899:/nas/archive/paris-data/automatic_transcriptions/geniza/all_04_improved_reading_order/990051079910205171/IE201572438/IE201572438_P000001_FL201572440—reco_improved_polys_improved_reading_order.xml,ok,,1333,1253,reserve_not_needed,
990053959890205171,IE168390913_P000002_FL168390916.jpg,P000002,/nas/archive/paris-data/automatic_transcriptions/geniza/all_04_improved_reading_order/990053959890205171/IE168390913/IE168390913_P000002_FL168390916—reco_improved_polys_improved_reading_order.xml,990053959890205171:900:/nas/archive/paris-data/automatic_transcriptions/geniza/all_04_improved_reading_order/990053959890205171/IE168390913/IE168390913_P000002_FL168390916—reco_improved_polys_improved_reading_order.xml,ok,,417,354,reserve_not_needed,
990053959890205171,IE168390913_P000001_FL168390915.jpg,P000001,/nas/archive/paris-data/automatic_transcriptions/geniza/all_04_improved_reading_order/990053959890205171/IE168390913/IE168390913_P000001_FL168390915—reco_improved_polys_improved_reading_order.xml,990053959890205171:901:/nas/archive/paris-data/automatic_transcriptions/geniza/all_04_improved_reading_order/990053959890205171/IE168390913/IE168390913_P000001_FL168390915—reco_improved_polys_improved_reading_order.xml,ok,,380,330,reserve_not_needed,
990053958720205171,IE160087870_P000002_FL160087873.jpg,P000002,/nas/archive/paris-data/automatic_transcriptions/geniza/all_04_improved_reading_order/990053958720205171/IE160087870/IE160087870_P000002_FL160087873—reco_improved_polys_improved_reading_order.xml,990053958720205171:902:/nas/archive/paris-data/automatic_transcriptions/geniza/all_04_improved_reading_order/990053958720205171/IE160087870/IE160087870_P000002_FL160087873—reco_improved_polys_improved_reading_order.xml,ok,,27,17,reserve_not_needed,
990053958720205171,IE160087870_P000001_FL160087872.jpg,P000001,/nas/archive/paris-data/automatic_transcriptions/geniza/all_04_improved_reading_order/990053958720205171/IE160087870/IE160087870_P000001_FL160087872—reco_improved_polys_improved_reading_order.xml,990053958720205171:903:/nas/archive/paris-data/automatic_transcriptions/geniza/all_04_improved_reading_order/990053958720205171/IE160087870/IE160087870_P000001_FL160087872—reco_improved_polys_improved_reading_order.xml,ok,,241,204,reserve_not_needed,
990051706820205171,IE169378704_P000001_FL169378706.jpg,P000001,/nas/archive/paris-data/automatic_transcriptions/geniza/all_04_improved_reading_order/990051706820205171/IE169378704/IE169378704_P000001_FL169378706—reco_improved_polys_improved_reading_order.xml,990051706820205171:904:/nas/archive/paris-data/automatic_transcriptions/geniza/all_04_improved_reading_order/990051706820205171/IE169378704/IE169378704_P000001_FL169378706—reco_improved_polys_improved_reading_order.xml,ok,,95,58,reserve_not_needed,
990051706820205171,IE169378704_P000002_FL169378707.jpg,P000002,/nas/archive/paris-data/automatic_transcriptions/geniza/all_04_improved_reading_order/990051706820205171/IE169378704/IE169378704_P000002_FL169378707—reco_improved_polys_improved_reading_order.xml,990051706820205171:905:/nas/archive/paris-data/automatic_transcriptions/geniza/all_04_improved_reading_order/990051706820205171/IE169378704/IE169378704_P000002_FL169378707—reco_improved_polys_improved_reading_order.xml,ok,,96,71,reserve_not_needed,
990001566530205171,IE47685887_P000207_FL47688188.jpg,P000207,/nas/archive/paris-data/automatic_transcriptions/geniza/all_04_improved_reading_order/990001566530205171/IE47685887/IE47685887_P000207_FL47688188—reco_improved_polys_improved_reading_order.xml,990001566530205171:906:/nas/archive/paris-data/automatic_transcriptions/geniza/all_04_improved_reading_order/990001566530205171/IE47685887/IE47685887_P000207_FL47688188—reco_improved_polys_improved_reading_order.xml,ok,,848,751,reserve_not_needed,
990001566530205171,IE47685887_P000203_FL47688128.jpg,P000203,/nas/archive/paris-data/automatic_transcriptions/geniza/all_04_improved_reading_order/990001566530205171/IE47685887/IE47685887_P000203_FL47688128—reco_improved_polys_improved_reading_order.xml,990001566530205171:907:/nas/archive/paris-data/automatic_transcriptions/geniza/all_04_improved_reading_order/990001566530205171/IE47685887/IE47685887_P000203_FL47688128—reco_improved_polys_improved_reading_order.xml,ok,,832,753,reserve_not_needed,
990051076860205171,IE157538564_P000001_FL157538566.jpg,P000001,/nas/archive/paris-data/automatic_transcriptions/geniza/all_04_improved_reading_order/990051076860205171/IE157538564/IE157538564_P000001_FL157538566—reco_improved_polys_improved_reading_order.xml,990051076860205171:908:/nas/archive/paris-data/automatic_transcriptions/geniza/all_04_improved_reading_order/990051076860205171/IE157538564/IE157538564_P000001_FL157538566—reco_improved_polys_improved_reading_order.xml,ok,,322,282,reserve_not_needed,
990051076860205171,IE157538564_P000002_FL157538567.jpg,P000002,/nas/archive/paris-data/automatic_transcriptions/geniza/all_04_improved_reading_order/990051076860205171/IE157538564/IE157538564_P000002_FL157538567—reco_improved_polys_improved_reading_order.xml,990051076860205171:909:/nas/archive/paris-data/automatic_transcriptions/geniza/all_04_improved_reading_order/990051076860205171/IE157538564/IE157538564_P000002_FL157538567—reco_improved_polys_improved_reading_order.xml,ok,,335,308,reserve_not_needed,
990001555140205171,IE47543353_P000005_FL47543408.jpg,P000005,/nas/archive/paris-data/automatic_transcriptions/geniza/all_04_improved_reading_order/990001555140205171/IE47543353/IE47543353_P000005_FL47543408—reco_improved_polys_improved_reading_order.xml,990001555140205171:910:/nas/archive/paris-data/automatic_transcriptions/geniza/all_04_improved_reading_order/990001555140205171/IE47543353/IE47543353_P000005_FL47543408—reco_improved_polys_improved_reading_order.xml,ok,,433,339,reserve_not_needed,
990001555140205171,IE47543353_P000025_FL47543598.jpg,P000025,/nas/archive/paris-data/automatic_transcriptions/geniza/all_04_improved_reading_order/990001555140205171/IE47543353/IE47543353_P000025_FL47543598—reco_improved_polys_improved_reading_order.xml,990001555140205171:911:/nas/archive/paris-data/automatic_transcriptions/geniza/all_04_improved_reading_order/990001555140205171/IE47543353/IE47543353_P000025_FL47543598—reco_improved_polys_improved_reading_order.xml,ok,,991,886,reserve_not_needed,
990051722470205171,IE164913475_P000001_FL164913477.jpg,P000001,/nas/archive/paris-data/automatic_transcriptions/geniza/all_04_improved_reading_order/990051722470205171/IE164913475/IE164913475_P000001_FL164913477—reco_improved_polys_improved_reading_order.xml,990051722470205171:912:/nas/archive/paris-data/automatic_transcriptions/geniza/all_04_improved_reading_order/990051722470205171/IE164913475/IE164913475_P000001_FL164913477—reco_improved_polys_improved_reading_order.xml,ok,,453,382,reserve_not_needed,
990051722470205171,IE164913475_P000002_FL164913478.jpg,P000002,/nas/archive/paris-data/automatic_transcriptions/geniza/all_04_improved_reading_order/990051722470205171/IE164913475/IE164913475_P000002_FL164913478—reco_improved_polys_improved_reading_order.xml,990051722470205171:913:/nas/archive/paris-data/automatic_transcriptions/geniza/all_04_improved_reading_order/990051722470205171/IE164913475/IE164913475_P000002_FL164913478—reco_improved_polys_improved_reading_order.xml,ok,,342,283,reserve_not_needed,
990051444790205171,IE168431205_P000002_FL168431208.jpg,P000002,/nas/archive/paris-data/automatic_transcriptions/geniza/all_04_improved_reading_order/990051444790205171/IE168431205/IE168431205_P000002_FL168431208—reco_improved_polys_improved_reading_order.xml,990051444790205171:914:/nas/archive/paris-data/automatic_transcriptions/geniza/all_04_improved_reading_order/990051444790205171/IE168431205/IE168431205_P000002_FL168431208—reco_improved_polys_improved_reading_order.xml,ok,,237,206,reserve_not_needed,
990051444790205171,IE168431205_P000001_FL168431207.jpg,P000001,/nas/archive/paris-data/automatic_transcriptions/geniza/all_04_improved_reading_order/990051444790205171/IE168431205/IE168431205_P000001_FL168431207—reco_improved_polys_improved_reading_order.xml,990051444790205171:915:/nas/archive/paris-data/automatic_transcriptions/geniza/all_04_improved_reading_order/990051444790205171/IE168431205/IE168431205_P000001_FL168431207—reco_improved_polys_improved_reading_order.xml,ok,,232,195,reserve_not_needed,
990001617870205171,IE48736626_P000006_FL48736660.jpg,P000006,/nas/archive/paris-data/automatic_transcriptions/geniza/all_04_improved_reading_order/990001617870205171/IE48736626/IE48736626_P000006_FL48736660—reco_improved_polys_improved_reading_order.xml,990001617870205171:916:/nas/archive/paris-data/automatic_transcriptions/geniza/all_04_improved_reading_order/990001617870205171/IE48736626/IE48736626_P000006_FL48736660—reco_improved_polys_improved_reading_order.xml,ok,,281,253,reserve_not_needed,
990001617870205171,IE48736626_P000001_FL48736628.jpg,P000001,/nas/archive/paris-data/automatic_transcriptions/geniza/all_04_improved_reading_order/990001617870205171/IE48736626/IE48736626_P000001_FL48736628—reco_improved_polys_improved_reading_order.xml,990001617870205171:917:/nas/archive/paris-data/automatic_transcriptions/geniza/all_04_improved_reading_order/990001617870205171/IE48736626/IE48736626_P000001_FL48736628—reco_improved_polys_improved_reading_order.xml,ok,,0,0,reserve_not_needed,
990051980390205171,IE167493177_P000001_FL167493179.jpg,P000001,/nas/archive/paris-data/automatic_transcriptions/geniza/all_04_improved_reading_order/990051980390205171/IE167493177/IE167493177_P000001_FL167493179—reco_improved_polys_improved_reading_order.xml,990051980390205171:918:/nas/archive/paris-data/automatic_transcriptions/geniza/all_04_improved_reading_order/990051980390205171/IE167493177/IE167493177_P000001_FL167493179—reco_improved_polys_improved_reading_order.xml,ok,,272,181,reserve_not_needed,
990051980390205171,IE167493177_P000002_FL167493180.jpg,P000002,/nas/archive/paris-data/automatic_transcriptions/geniza/all_04_improved_reading_order/990051980390205171/IE167493177/IE167493177_P000002_FL167493180—reco_improved_polys_improved_reading_order.xml,990051980390205171:919:/nas/archive/paris-data/automatic_transcriptions/geniza/all_04_improved_reading_order/990051980390205171/IE167493177/IE167493177_P000002_FL167493180—reco_improved_polys_improved_reading_order.xml,ok,,2,2,reserve_not_needed,
990051574810205171,IE162832109_P000002_FL162832112.jpg,P000002,/nas/archive/paris-data/automatic_transcriptions/geniza/all_04_improved_reading_order/990051574810205171/IE162832109/IE162832109_P000002_FL162832112—reco_improved_polys_improved_reading_order.xml,990051574810205171:920:/nas/archive/paris-data/automatic_transcriptions/geniza/all_04_improved_reading_order/990051574810205171/IE162832109/IE162832109_P000002_FL162832112—reco_improved_polys_improved_reading_order.xml,ok,,298,261,reserve_not_needed,
990051574810205171,IE162832109_P000001_FL162832111.jpg,P000001,/nas/archive/paris-data/automatic_transcriptions/geniza/all_04_improved_reading_order/990051574810205171/IE162832109/IE162832109_P000001_FL162832111—reco_improved_polys_improved_reading_order.xml,990051574810205171:921:/nas/archive/paris-data/automatic_transcriptions/geniza/all_04_improved_reading_order/990051574810205171/IE162832109/IE162832109_P000001_FL162832111—reco_improved_polys_improved_reading_order.xml,ok,,323,277,reserve_not_needed,
990051273670205171,IE166999062_P000002_FL166999069.jpg,P000002,/nas/archive/paris-data/automatic_transcriptions/geniza/all_04_improved_reading_order/990051273670205171/IE166999062/IE166999062_P000002_FL166999069—reco_improved_polys_improved_reading_order.xml,990051273670205171:922:/nas/archive/paris-data/automatic_transcriptions/geniza/all_04_improved_reading_order/990051273670205171/IE166999062/IE166999062_P000002_FL166999069—reco_improved_polys_improved_reading_order.xml,ok,,1174,1055,reserve_not_needed,
990051273670205171,IE166999062_P000001_FL166999065.jpg,P000001,/nas/archive/paris-data/automatic_transcriptions/geniza/all_04_improved_reading_order/990051273670205171/IE166999062/IE166999062_P000001_FL166999065—reco_improved_polys_improved_reading_order.xml,990051273670205171:923:/nas/archive/paris-data/automatic_transcriptions/geniza/all_04_improved_reading_order/990051273670205171/IE166999062/IE166999062_P000001_FL166999065—reco_improved_polys_improved_reading_order.xml,ok,,1083,958,reserve_not_needed,
990052176990205171,IE166800494_P000002_FL166800497.jpg,P000002,/nas/archive/paris-data/automatic_transcriptions/geniza/all_04_improved_reading_order/990052176990205171/IE166800494/IE166800494_P000002_FL166800497—reco_improved_polys_improved_reading_order.xml,990052176990205171:924:/nas/archive/paris-data/automatic_transcriptions/geniza/all_04_improved_reading_order/990052176990205171/IE166800494/IE166800494_P000002_FL166800497—reco_improved_polys_improved_reading_order.xml,ok,,20,18,reserve_not_needed,
990052176990205171,IE166800494_P000001_FL166800496.jpg,P000001,/nas/archive/paris-data/automatic_transcriptions/geniza/all_04_improved_reading_order/990052176990205171/IE166800494/IE166800494_P000001_FL166800496—reco_improved_polys_improved_reading_order.xml,990052176990205171:925:/nas/archive/paris-data/automatic_transcriptions/geniza/all_04_improved_reading_order/990052176990205171/IE166800494/IE166800494_P000001_FL166800496—reco_improved_polys_improved_reading_order.xml,ok,,46,40,reserve_not_needed,
990051932290205171,IE167441006_P000001_FL167441008.jpg,P000001,/nas/archive/paris-data/automatic_transcriptions/geniza/all_04_improved_reading_order/990051932290205171/IE167441006/IE167441006_P000001_FL167441008—reco_improved_polys_improved_reading_order.xml,990051932290205171:926:/nas/archive/paris-data/automatic_transcriptions/geniza/all_04_improved_reading_order/990051932290205171/IE167441006/IE167441006_P000001_FL167441008—reco_improved_polys_improved_reading_order.xml,ok,,862,787,reserve_not_needed,
990051932290205171,IE167441006_P000002_FL167441009.jpg,P000002,/nas/archive/paris-data/automatic_transcriptions/geniza/all_04_improved_reading_order/990051932290205171/IE167441006/IE167441006_P000002_FL167441009—reco_improved_polys_improved_reading_order.xml,990051932290205171:927:/nas/archive/paris-data/automatic_transcriptions/geniza/all_04_improved_reading_order/990051932290205171/IE167441006/IE167441006_P000002_FL167441009—reco_improved_polys_improved_reading_order.xml,ok,,862,775,reserve_not_needed,
990051477140205171,IE161171101_P000002_FL161171113.jpg,P000002,/nas/archive/paris-data/automatic_transcriptions/geniza/all_04_improved_reading_order/990051477140205171/IE161171101/IE161171101_P000002_FL161171113—reco_improved_polys_improved_reading_order.xml,990051477140205171:928:/nas/archive/paris-data/automatic_transcriptions/geniza/all_04_improved_reading_order/990051477140205171/IE161171101/IE161171101_P000002_FL161171113—reco_improved_polys_improved_reading_order.xml,ok,,783,685,reserve_not_needed,
990051477140205171,IE161171101_P000001_FL161171103.jpg,P000001,/nas/archive/paris-data/automatic_transcriptions/geniza/all_04_improved_reading_order/990051477140205171/IE161171101/IE161171101_P000001_FL161171103—reco_improved_polys_improved_reading_order.xml,990051477140205171:929:/nas/archive/paris-data/automatic_transcriptions/geniza/all_04_improved_reading_order/990051477140205171/IE161171101/IE161171101_P000001_FL161171103—reco_improved_polys_improved_reading_order.xml,ok,,913,796,reserve_not_needed,
990051424080205171,IE160219458_P000002_FL160219462.jpg,P000002,/nas/archive/paris-data/automatic_transcriptions/geniza/all_04_improved_reading_order/990051424080205171/IE160219458/IE160219458_P000002_FL160219462—reco_improved_polys_improved_reading_order.xml,990051424080205171:930:/nas/archive/paris-data/automatic_transcriptions/geniza/all_04_improved_reading_order/990051424080205171/IE160219458/IE160219458_P000002_FL160219462—reco_improved_polys_improved_reading_order.xml,ok,,31,26,reserve_not_needed,
990051424080205171,IE160219458_P000001_FL160219460.jpg,P000001,/nas/archive/paris-data/automatic_transcriptions/geniza/all_04_improved_reading_order/990051424080205171/IE160219458/IE160219458_P000001_FL160219460—reco_improved_polys_improved_reading_order.xml,990051424080205171:931:/nas/archive/paris-data/automatic_transcriptions/geniza/all_04_improved_reading_order/990051424080205171/IE160219458/IE160219458_P000001_FL160219460—reco_improved_polys_improved_reading_order.xml,ok,,29,21,reserve_not_needed,
990053736170205171,IE168549231_P000002_FL168549234.jpg,P000002,/nas/archive/paris-data/automatic_transcriptions/geniza/all_04_improved_reading_order/990053736170205171/IE168549231/IE168549231_P000002_FL168549234—reco_improved_polys_improved_reading_order.xml,990053736170205171:932:/nas/archive/paris-data/automatic_transcriptions/geniza/all_04_improved_reading_order/990053736170205171/IE168549231/IE168549231_P000002_FL168549234—reco_improved_polys_improved_reading_order.xml,ok,,14,11,reserve_not_needed,
990053736170205171,IE168549231_P000001_FL168549233.jpg,P000001,/nas/archive/paris-data/automatic_transcriptions/geniza/all_04_improved_reading_order/990053736170205171/IE168549231/IE168549231_P000001_FL168549233—reco_improved_polys_improved_reading_order.xml,990053736170205171:933:/nas/archive/paris-data/automatic_transcriptions/geniza/all_04_improved_reading_order/990053736170205171/IE168549231/IE168549231_P000001_FL168549233—reco_improved_polys_improved_reading_order.xml,ok,,20,15,reserve_not_needed,
990001569200205171,IE80778913_P000004_FL80778923.jpg,P000004,/nas/archive/paris-data/automatic_transcriptions/geniza/all_04_improved_reading_order/990001569200205171/IE80778913/IE80778913_P000004_FL80778923—reco_improved_polys_improved_reading_order.xml,990001569200205171:934:/nas/archive/paris-data/automatic_transcriptions/geniza/all_04_improved_reading_order/990001569200205171/IE80778913/IE80778913_P000004_FL80778923—reco_improved_polys_improved_reading_order.xml,ok,,329,290,reserve_not_needed,
990001569200205171,IE80778913_P000003_FL80778921.jpg,P000003,/nas/archive/paris-data/automatic_transcriptions/geniza/all_04_improved_reading_order/990001569200205171/IE80778913/IE80778913_P000003_FL80778921—reco_improved_polys_improved_reading_order.xml,990001569200205171:935:/nas/archive/paris-data/automatic_transcriptions/geniza/all_04_improved_reading_order/990001569200205171/IE80778913/IE80778913_P000003_FL80778921—reco_improved_polys_improved_reading_order.xml,ok,,368,329,reserve_not_needed,
990051729610205171,IE164923334_P000001_FL164923336.jpg,P000001,/nas/archive/paris-data/automatic_transcriptions/geniza/all_04_improved_reading_order/990051729610205171/IE164923334/IE164923334_P000001_FL164923336—reco_improved_polys_improved_reading_order.xml,990051729610205171:936:/nas/archive/paris-data/automatic_transcriptions/geniza/all_04_improved_reading_order/990051729610205171/IE164923334/IE164923334_P000001_FL164923336—reco_improved_polys_improved_reading_order.xml,ok,,654,503,reserve_not_needed,
990051729610205171,IE164923334_P000002_FL164923337.jpg,P000002,/nas/archive/paris-data/automatic_transcriptions/geniza/all_04_improved_reading_order/990051729610205171/IE164923334/IE164923334_P000002_FL164923337—reco_improved_polys_improved_reading_order.xml,990051729610205171:937:/nas/archive/paris-data/automatic_transcriptions/geniza/all_04_improved_reading_order/990051729610205171/IE164923334/IE164923334_P000002_FL164923337—reco_improved_polys_improved_reading_order.xml,ok,,743,600,reserve_not_needed,
990052366950205171,IE168055593_P000002_FL168055596.jpg,P000002,/nas/archive/paris-data/automatic_transcriptions/geniza/all_04_improved_reading_order/990052366950205171/IE168055593/IE168055593_P000002_FL168055596—reco_improved_polys_improved_reading_order.xml,990052366950205171:938:/nas/archive/paris-data/automatic_transcriptions/geniza/all_04_improved_reading_order/990052366950205171/IE168055593/IE168055593_P000002_FL168055596—reco_improved_polys_improved_reading_order.xml,ok,,9,7,reserve_not_needed,
990052366950205171,IE168055593_P000001_FL168055595.jpg,P000001,/nas/archive/paris-data/automatic_transcriptions/geniza/all_04_improved_reading_order/990052366950205171/IE168055593/IE168055593_P000001_FL168055595—reco_improved_polys_improved_reading_order.xml,990052366950205171:939:/nas/archive/paris-data/automatic_transcriptions/geniza/all_04_improved_reading_order/990052366950205171/IE168055593/IE168055593_P000001_FL168055595—reco_improved_polys_improved_reading_order.xml,ok,,3,2,reserve_not_needed,
990051685380205171,IE169492443_P000001_FL169492445.jpg,P000001,/nas/archive/paris-data/automatic_transcriptions/geniza/all_04_improved_reading_order/990051685380205171/IE169492443/IE169492443_P000001_FL169492445—reco_improved_polys_improved_reading_order.xml,990051685380205171:940:/nas/archive/paris-data/automatic_transcriptions/geniza/all_04_improved_reading_order/990051685380205171/IE169492443/IE169492443_P000001_FL169492445—reco_improved_polys_improved_reading_order.xml,ok,,2113,1913,reserve_not_needed,
990051685380205171,IE169492443_P000002_FL169492446.jpg,P000002,/nas/archive/paris-data/automatic_transcriptions/geniza/all_04_improved_reading_order/990051685380205171/IE169492443/IE169492443_P000002_FL169492446—reco_improved_polys_improved_reading_order.xml,990051685380205171:941:/nas/archive/paris-data/automatic_transcriptions/geniza/all_04_improved_reading_order/990051685380205171/IE169492443/IE169492443_P000002_FL169492446—reco_improved_polys_improved_reading_order.xml,ok,,2201,1990,reserve_not_needed,
990053639150205171,IE168217789_P000002_FL168217792.jpg,P000002,/nas/archive/paris-data/automatic_transcriptions/geniza/all_04_improved_reading_order/990053639150205171/IE168217789/IE168217789_P000002_FL168217792—reco_improved_polys_improved_reading_order.xml,990053639150205171:942:/nas/archive/paris-data/automatic_transcriptions/geniza/all_04_improved_reading_order/990053639150205171/IE168217789/IE168217789_P000002_FL168217792—reco_improved_polys_improved_reading_order.xml,ok,,693,614,reserve_not_needed,
990053639150205171,IE168217789_P000001_FL168217791.jpg,P000001,/nas/archive/paris-data/automatic_transcriptions/geniza/all_04_improved_reading_order/990053639150205171/IE168217789/IE168217789_P000001_FL168217791—reco_improved_polys_improved_reading_order.xml,990053639150205171:943:/nas/archive/paris-data/automatic_transcriptions/geniza/all_04_improved_reading_order/990053639150205171/IE168217789/IE168217789_P000001_FL168217791—reco_improved_polys_improved_reading_order.xml,ok,,675,610,reserve_not_needed,
990053408080205171,IE167523382_P000001_FL167523384.jpg,P000001,/nas/archive/paris-data/automatic_transcriptions/geniza/all_04_improved_reading_order/990053408080205171/IE167523382/IE167523382_P000001_FL167523384—reco_improved_polys_improved_reading_order.xml,990053408080205171:944:/nas/archive/paris-data/automatic_transcriptions/geniza/all_04_improved_reading_order/990053408080205171/IE167523382/IE167523382_P000001_FL167523384—reco_improved_polys_improved_reading_order.xml,ok,,600,569,reserve_not_needed,
990053408080205171,IE167523382_P000002_FL167523385.jpg,P000002,/nas/archive/paris-data/automatic_transcriptions/geniza/all_04_improved_reading_order/990053408080205171/IE167523382/IE167523382_P000002_FL167523385—reco_improved_polys_improved_reading_order.xml,990053408080205171:945:/nas/archive/paris-data/automatic_transcriptions/geniza/all_04_improved_reading_order/990053408080205171/IE167523382/IE167523382_P000002_FL167523385—reco_improved_polys_improved_reading_order.xml,ok,,616,561,reserve_not_needed,
990001555740205171,IE47457818_P000049_FL47458036.jpg,P000049,/nas/archive/paris-data/automatic_transcriptions/geniza/all_04_improved_reading_order/990001555740205171/IE47457818/IE47457818_P000049_FL47458036—reco_improved_polys_improved_reading_order.xml,990001555740205171:946:/nas/archive/paris-data/automatic_transcriptions/geniza/all_04_improved_reading_order/990001555740205171/IE47457818/IE47457818_P000049_FL47458036—reco_improved_polys_improved_reading_order.xml,ok,,1265,1135,reserve_not_needed,
990001555740205171,IE47457818_P000112_FL47458203.jpg,P000112,/nas/archive/paris-data/automatic_transcriptions/geniza/all_04_improved_reading_order/990001555740205171/IE47457818/IE47457818_P000112_FL47458203—reco_improved_polys_improved_reading_order.xml,990001555740205171:947:/nas/archive/paris-data/automatic_transcriptions/geniza/all_04_improved_reading_order/990001555740205171/IE47457818/IE47457818_P000112_FL47458203—reco_improved_polys_improved_reading_order.xml,ok,,1195,973,reserve_not_needed,
990051538230205171,IE167152274_P000002_FL167152277.jpg,P000002,/nas/archive/paris-data/automatic_transcriptions/geniza/all_04_improved_reading_order/990051538230205171/IE167152274/IE167152274_P000002_FL167152277—reco_improved_polys_improved_reading_order.xml,990051538230205171:948:/nas/archive/paris-data/automatic_transcriptions/geniza/all_04_improved_reading_order/990051538230205171/IE167152274/IE167152274_P000002_FL167152277—reco_improved_polys_improved_reading_order.xml,ok,,251,224,reserve_not_needed,
990051538230205171,IE167152274_P000001_FL167152276.jpg,P000001,/nas/archive/paris-data/automatic_transcriptions/geniza/all_04_improved_reading_order/990051538230205171/IE167152274/IE167152274_P000001_FL167152276—reco_improved_polys_improved_reading_order.xml,990051538230205171:949:/nas/archive/paris-data/automatic_transcriptions/geniza/all_04_improved_reading_order/990051538230205171/IE167152274/IE167152274_P000001_FL167152276—reco_improved_polys_improved_reading_order.xml,ok,,284,268,reserve_not_needed,
990052185820205171,IE166838832_P000001_FL166838834.jpg,P000001,/nas/archive/paris-data/automatic_transcriptions/geniza/all_04_improved_reading_order/990052185820205171/IE166838832/IE166838832_P000001_FL166838834—reco_improved_polys_improved_reading_order.xml,990052185820205171:950:/nas/archive/paris-data/automatic_transcriptions/geniza/all_04_improved_reading_order/990052185820205171/IE166838832/IE166838832_P000001_FL166838834—reco_improved_polys_improved_reading_order.xml,ok,,38,31,reserve_not_needed,
990052185820205171,IE166838832_P000002_FL166838835.jpg,P000002,/nas/archive/paris-data/automatic_transcriptions/geniza/all_04_improved_reading_order/990052185820205171/IE166838832/IE166838832_P000002_FL166838835—reco_improved_polys_improved_reading_order.xml,990052185820205171:951:/nas/archive/paris-data/automatic_transcriptions/geniza/all_04_improved_reading_order/990052185820205171/IE166838832/IE166838832_P000002_FL166838835—reco_improved_polys_improved_reading_order.xml,ok,,28,21,reserve_not_needed,
990053073760205171,IE202937070_P000002_FL202937073.jpg,P000002,/nas/archive/paris-data/automatic_transcriptions/geniza/all_04_improved_reading_order/990053073760205171/IE202937070/IE202937070_P000002_FL202937073—reco_improved_polys_improved_reading_order.xml,990053073760205171:952:/nas/archive/paris-data/automatic_transcriptions/geniza/all_04_improved_reading_order/990053073760205171/IE202937070/IE202937070_P000002_FL202937073—reco_improved_polys_improved_reading_order.xml,ok,,0,0,reserve_not_needed,
990053073760205171,IE202937070_P000001_FL202937072.jpg,P000001,/nas/archive/paris-data/automatic_transcriptions/geniza/all_04_improved_reading_order/990053073760205171/IE202937070/IE202937070_P000001_FL202937072—reco_improved_polys_improved_reading_order.xml,990053073760205171:953:/nas/archive/paris-data/automatic_transcriptions/geniza/all_04_improved_reading_order/990053073760205171/IE202937070/IE202937070_P000001_FL202937072—reco_improved_polys_improved_reading_order.xml,ok,,19,14,reserve_not_needed,
990052181360205171,IE166820351_P000002_FL166820354.jpg,P000002,/nas/archive/paris-data/automatic_transcriptions/geniza/all_04_improved_reading_order/990052181360205171/IE166820351/IE166820351_P000002_FL166820354—reco_improved_polys_improved_reading_order.xml,990052181360205171:954:/nas/archive/paris-data/automatic_transcriptions/geniza/all_04_improved_reading_order/990052181360205171/IE166820351/IE166820351_P000002_FL166820354—reco_improved_polys_improved_reading_order.xml,ok,,22,13,reserve_not_needed,
990052181360205171,IE166820351_P000001_FL166820353.jpg,P000001,/nas/archive/paris-data/automatic_transcriptions/geniza/all_04_improved_reading_order/990052181360205171/IE166820351/IE166820351_P000001_FL166820353—reco_improved_polys_improved_reading_order.xml,990052181360205171:955:/nas/archive/paris-data/automatic_transcriptions/geniza/all_04_improved_reading_order/990052181360205171/IE166820351/IE166820351_P000001_FL166820353—reco_improved_polys_improved_reading_order.xml,ok,,61,38,reserve_not_needed,
990053927620205171,IE168652265_P000001_FL168652267.jpg,P000001,/nas/archive/paris-data/automatic_transcriptions/geniza/all_04_improved_reading_order/990053927620205171/IE168652265/IE168652265_P000001_FL168652267—reco_improved_polys_improved_reading_order.xml,990053927620205171:956:/nas/archive/paris-data/automatic_transcriptions/geniza/all_04_improved_reading_order/990053927620205171/IE168652265/IE168652265_P000001_FL168652267—reco_improved_polys_improved_reading_order.xml,ok,,134,122,reserve_not_needed,
990053927620205171,IE168652265_P000002_FL168652268.jpg,P000002,/nas/archive/paris-data/automatic_transcriptions/geniza/all_04_improved_reading_order/990053927620205171/IE168652265/IE168652265_P000002_FL168652268—reco_improved_polys_improved_reading_order.xml,990053927620205171:957:/nas/archive/paris-data/automatic_transcriptions/geniza/all_04_improved_reading_order/990053927620205171/IE168652265/IE168652265_P000002_FL168652268—reco_improved_polys_improved_reading_order.xml,ok,,116,101,reserve_not_needed,
990051965080205171,IE166147291_P000001_FL166147293.jpg,P000001,/nas/archive/paris-data/automatic_transcriptions/geniza/all_04_improved_reading_order/990051965080205171/IE166147291/IE166147291_P000001_FL166147293—reco_improved_polys_improved_reading_order.xml,990051965080205171:958:/nas/archive/paris-data/automatic_transcriptions/geniza/all_04_improved_reading_order/990051965080205171/IE166147291/IE166147291_P000001_FL166147293—reco_improved_polys_improved_reading_order.xml,ok,,9,8,reserve_not_needed,
990051965080205171,IE166147291_P000002_FL166147294.jpg,P000002,/nas/archive/paris-data/automatic_transcriptions/geniza/all_04_improved_reading_order/990051965080205171/IE166147291/IE166147291_P000002_FL166147294—reco_improved_polys_improved_reading_order.xml,990051965080205171:959:/nas/archive/paris-data/automatic_transcriptions/geniza/all_04_improved_reading_order/990051965080205171/IE166147291/IE166147291_P000002_FL166147294—reco_improved_polys_improved_reading_order.xml,ok,,0,0,reserve_not_needed,
990053777760205171,IE168815988_P000001_FL168815990.jpg,P000001,/nas/archive/paris-data/automatic_transcriptions/geniza/all_04_improved_reading_order/990053777760205171/IE168815988/IE168815988_P000001_FL168815990—reco_improved_polys_improved_reading_order.xml,990053777760205171:960:/nas/archive/paris-data/automatic_transcriptions/geniza/all_04_improved_reading_order/990053777760205171/IE168815988/IE168815988_P000001_FL168815990—reco_improved_polys_improved_reading_order.xml,ok,,7,5,reserve_not_needed,
990053777760205171,IE168815988_P000002_FL168815991.jpg,P000002,/nas/archive/paris-data/automatic_transcriptions/geniza/all_04_improved_reading_order/990053777760205171/IE168815988/IE168815988_P000002_FL168815991—reco_improved_polys_improved_reading_order.xml,990053777760205171:961:/nas/archive/paris-data/automatic_transcriptions/geniza/all_04_improved_reading_order/990053777760205171/IE168815988/IE168815988_P000002_FL168815991—reco_improved_polys_improved_reading_order.xml,ok,,2,2,reserve_not_needed,
990002090890205171,IE168600539_P000002_FL168600542.jpg,P000002,/nas/archive/paris-data/automatic_transcriptions/geniza/all_04_improved_reading_order/990002090890205171/IE168600539/IE168600539_P000002_FL168600542—reco_improved_polys_improved_reading_order.xml,990002090890205171:962:/nas/archive/paris-data/automatic_transcriptions/geniza/all_04_improved_reading_order/990002090890205171/IE168600539/IE168600539_P000002_FL168600542—reco_improved_polys_improved_reading_order.xml,ok,,0,0,reserve_not_needed,
990002090890205171,IE168600539_P000001_FL168600541.jpg,P000001,/nas/archive/paris-data/automatic_transcriptions/geniza/all_04_improved_reading_order/990002090890205171/IE168600539/IE168600539_P000001_FL168600541—reco_improved_polys_improved_reading_order.xml,990002090890205171:963:/nas/archive/paris-data/automatic_transcriptions/geniza/all_04_improved_reading_order/990002090890205171/IE168600539/IE168600539_P000001_FL168600541—reco_improved_polys_improved_reading_order.xml,ok,,206,175,reserve_not_needed,
990051706180205171,IE169377299_P000002_FL169377302.jpg,P000002,/nas/archive/paris-data/automatic_transcriptions/geniza/all_04_improved_reading_order/990051706180205171/IE169377299/IE169377299_P000002_FL169377302—reco_improved_polys_improved_reading_order.xml,990051706180205171:964:/nas/archive/paris-data/automatic_transcriptions/geniza/all_04_improved_reading_order/990051706180205171/IE169377299/IE169377299_P000002_FL169377302—reco_improved_polys_improved_reading_order.xml,ok,,412,340,reserve_not_needed,
990051706180205171,IE169377299_P000001_FL169377301.jpg,P000001,/nas/archive/paris-data/automatic_transcriptions/geniza/all_04_improved_reading_order/990051706180205171/IE169377299/IE169377299_P000001_FL169377301—reco_improved_polys_improved_reading_order.xml,990051706180205171:965:/nas/archive/paris-data/automatic_transcriptions/geniza/all_04_improved_reading_order/990051706180205171/IE169377299/IE169377299_P000001_FL169377301—reco_improved_polys_improved_reading_order.xml,ok,,427,366,reserve_not_needed,
990052270930205171,IE167474161_P000002_FL167474164.jpg,P000002,/nas/archive/paris-data/automatic_transcriptions/geniza/all_04_improved_reading_order/990052270930205171/IE167474161/IE167474161_P000002_FL167474164—reco_improved_polys_improved_reading_order.xml,990052270930205171:966:/nas/archive/paris-data/automatic_transcriptions/geniza/all_04_improved_reading_order/990052270930205171/IE167474161/IE167474161_P000002_FL167474164—reco_improved_polys_improved_reading_order.xml,ok,,31,18,reserve_not_needed,
990052270930205171,IE167474161_P000001_FL167474163.jpg,P000001,/nas/archive/paris-data/automatic_transcriptions/geniza/all_04_improved_reading_order/990052270930205171/IE167474161/IE167474161_P000001_FL167474163—reco_improved_polys_improved_reading_order.xml,990052270930205171:967:/nas/archive/paris-data/automatic_transcriptions/geniza/all_04_improved_reading_order/990052270930205171/IE167474161/IE167474161_P000001_FL167474163—reco_improved_polys_improved_reading_order.xml,ok,,61,33,reserve_not_needed,
990000868780205171,IE38172163_P000190_FL38174457.jpg,P000190,/nas/archive/paris-data/automatic_transcriptions/geniza/all_04_improved_reading_order/990000868780205171/IE38172163/IE38172163_P000190_FL38174457—reco_improved_polys_improved_reading_order.xml,990000868780205171:968:/nas/archive/paris-data/automatic_transcriptions/geniza/all_04_improved_reading_order/990000868780205171/IE38172163/IE38172163_P000190_FL38174457—reco_improved_polys_improved_reading_order.xml,ok,,603,546,reserve_not_needed,
990000868780205171,IE80718070_P000017_FL80718156.jpg,P000017,/nas/archive/paris-data/automatic_transcriptions/geniza/all_04_improved_reading_order/990000868780205171/IE80718070/IE80718070_P000017_FL80718156—reco_improved_polys_improved_reading_order.xml,990000868780205171:969:/nas/archive/paris-data/automatic_transcriptions/geniza/all_04_improved_reading_order/990000868780205171/IE80718070/IE80718070_P000017_FL80718156—reco_improved_polys_improved_reading_order.xml,ok,,960,798,reserve_not_needed,
990051933540205171,IE167443138_P000001_FL167443140.jpg,P000001,/nas/archive/paris-data/automatic_transcriptions/geniza/all_04_improved_reading_order/990051933540205171/IE167443138/IE167443138_P000001_FL167443140—reco_improved_polys_improved_reading_order.xml,990051933540205171:970:/nas/archive/paris-data/automatic_transcriptions/geniza/all_04_improved_reading_order/990051933540205171/IE167443138/IE167443138_P000001_FL167443140—reco_improved_polys_improved_reading_order.xml,ok,,346,252,reserve_not_needed,
990051933540205171,IE167443138_P000002_FL167443141.jpg,P000002,/nas/archive/paris-data/automatic_transcriptions/geniza/all_04_improved_reading_order/990051933540205171/IE167443138/IE167443138_P000002_FL167443141—reco_improved_polys_improved_reading_order.xml,990051933540205171:971:/nas/archive/paris-data/automatic_transcriptions/geniza/all_04_improved_reading_order/990051933540205171/IE167443138/IE167443138_P000002_FL167443141—reco_improved_polys_improved_reading_order.xml,ok,,396,320,reserve_not_needed,
990051092270205171,IE162641046_P000002_FL162641049.jpg,P000002,/nas/archive/paris-data/automatic_transcriptions/geniza/all_04_improved_reading_order/990051092270205171/IE162641046/IE162641046_P000002_FL162641049—reco_improved_polys_improved_reading_order.xml,990051092270205171:972:/nas/archive/paris-data/automatic_transcriptions/geniza/all_04_improved_reading_order/990051092270205171/IE162641046/IE162641046_P000002_FL162641049—reco_improved_polys_improved_reading_order.xml,ok,,462,373,reserve_not_needed,
990051092270205171,IE162641046_P000001_FL162641048.jpg,P000001,/nas/archive/paris-data/automatic_transcriptions/geniza/all_04_improved_reading_order/990051092270205171/IE162641046/IE162641046_P000001_FL162641048—reco_improved_polys_improved_reading_order.xml,990051092270205171:973:/nas/archive/paris-data/automatic_transcriptions/geniza/all_04_improved_reading_order/990051092270205171/IE162641046/IE162641046_P000001_FL162641048—reco_improved_polys_improved_reading_order.xml,ok,,498,424,reserve_not_needed,
990051517320205171,IE161656372_P000001_FL161656374.jpg,P000001,/nas/archive/paris-data/automatic_transcriptions/geniza/all_04_improved_reading_order/990051517320205171/IE161656372/IE161656372_P000001_FL161656374—reco_improved_polys_improved_reading_order.xml,990051517320205171:974:/nas/archive/paris-data/automatic_transcriptions/geniza/all_04_improved_reading_order/990051517320205171/IE161656372/IE161656372_P000001_FL161656374—reco_improved_polys_improved_reading_order.xml,ok,,144,127,reserve_not_needed,
990051517320205171,IE161656372_P000002_FL161656375.jpg,P000002,/nas/archive/paris-data/automatic_transcriptions/geniza/all_04_improved_reading_order/990051517320205171/IE161656372/IE161656372_P000002_FL161656375—reco_improved_polys_improved_reading_order.xml,990051517320205171:975:/nas/archive/paris-data/automatic_transcriptions/geniza/all_04_improved_reading_order/990051517320205171/IE161656372/IE161656372_P000002_FL161656375—reco_improved_polys_improved_reading_order.xml,ok,,163,144,reserve_not_needed,
990051866550205171,IE167288999_P000002_FL167289002.jpg,P000002,/nas/archive/paris-data/automatic_transcriptions/geniza/all_04_improved_reading_order/990051866550205171/IE167288999/IE167288999_P000002_FL167289002—reco_improved_polys_improved_reading_order.xml,990051866550205171:976:/nas/archive/paris-data/automatic_transcriptions/geniza/all_04_improved_reading_order/990051866550205171/IE167288999/IE167288999_P000002_FL167289002—reco_improved_polys_improved_reading_order.xml,ok,,148,124,reserve_not_needed,
990051866550205171,IE167288999_P000001_FL167289001.jpg,P000001,/nas/archive/paris-data/automatic_transcriptions/geniza/all_04_improved_reading_order/990051866550205171/IE167288999/IE167288999_P000001_FL167289001—reco_improved_polys_improved_reading_order.xml,990051866550205171:977:/nas/archive/paris-data/automatic_transcriptions/geniza/all_04_improved_reading_order/990051866550205171/IE167288999/IE167288999_P000001_FL167289001—reco_improved_polys_improved_reading_order.xml,ok,,137,106,reserve_not_needed,
990053564660205171,IE168529357_P000001_FL168529359.jpg,P000001,/nas/archive/paris-data/automatic_transcriptions/geniza/all_04_improved_reading_order/990053564660205171/IE168529357/IE168529357_P000001_FL168529359—reco_improved_polys_improved_reading_order.xml,990053564660205171:978:/nas/archive/paris-data/automatic_transcriptions/geniza/all_04_improved_reading_order/990053564660205171/IE168529357/IE168529357_P000001_FL168529359—reco_improved_polys_improved_reading_order.xml,ok,,14,10,reserve_not_needed,
990053564660205171,IE168529357_P000002_FL168529360.jpg,P000002,/nas/archive/paris-data/automatic_transcriptions/geniza/all_04_improved_reading_order/990053564660205171/IE168529357/IE168529357_P000002_FL168529360—reco_improved_polys_improved_reading_order.xml,990053564660205171:979:/nas/archive/paris-data/automatic_transcriptions/geniza/all_04_improved_reading_order/990053564660205171/IE168529357/IE168529357_P000002_FL168529360—reco_improved_polys_improved_reading_order.xml,ok,,3,2,reserve_not_needed,
990051751460205171,IE164976168_P000001_FL164976170.jpg,P000001,/nas/archive/paris-data/automatic_transcriptions/geniza/all_04_improved_reading_order/990051751460205171/IE164976168/IE164976168_P000001_FL164976170—reco_improved_polys_improved_reading_order.xml,990051751460205171:980:/nas/archive/paris-data/automatic_transcriptions/geniza/all_04_improved_reading_order/990051751460205171/IE164976168/IE164976168_P000001_FL164976170—reco_improved_polys_improved_reading_order.xml,ok,,309,279,reserve_not_needed,
990051751460205171,IE164976168_P000002_FL164976171.jpg,P000002,/nas/archive/paris-data/automatic_transcriptions/geniza/all_04_improved_reading_order/990051751460205171/IE164976168/IE164976168_P000002_FL164976171—reco_improved_polys_improved_reading_order.xml,990051751460205171:981:/nas/archive/paris-data/automatic_transcriptions/geniza/all_04_improved_reading_order/990051751460205171/IE164976168/IE164976168_P000002_FL164976171—reco_improved_polys_improved_reading_order.xml,ok,,6,2,reserve_not_needed,
990052348350205171,IE167963518_P000002_FL167963521.jpg,P000002,/nas/archive/paris-data/automatic_transcriptions/geniza/all_04_improved_reading_order/990052348350205171/IE167963518/IE167963518_P000002_FL167963521—reco_improved_polys_improved_reading_order.xml,990052348350205171:982:/nas/archive/paris-data/automatic_transcriptions/geniza/all_04_improved_reading_order/990052348350205171/IE167963518/IE167963518_P000002_FL167963521—reco_improved_polys_improved_reading_order.xml,ok,,37,32,reserve_not_needed,
990052348350205171,IE167963518_P000001_FL167963520.jpg,P000001,/nas/archive/paris-data/automatic_transcriptions/geniza/all_04_improved_reading_order/990052348350205171/IE167963518/IE167963518_P000001_FL167963520—reco_improved_polys_improved_reading_order.xml,990052348350205171:983:/nas/archive/paris-data/automatic_transcriptions/geniza/all_04_improved_reading_order/990052348350205171/IE167963518/IE167963518_P000001_FL167963520—reco_improved_polys_improved_reading_order.xml,ok,,23,13,reserve_not_needed,
990051533470205171,IE167141527_P000002_FL167141530.jpg,P000002,/nas/archive/paris-data/automatic_transcriptions/geniza/all_04_improved_reading_order/990051533470205171/IE167141527/IE167141527_P000002_FL167141530—reco_improved_polys_improved_reading_order.xml,990051533470205171:984:/nas/archive/paris-data/automatic_transcriptions/geniza/all_04_improved_reading_order/990051533470205171/IE167141527/IE167141527_P000002_FL167141530—reco_improved_polys_improved_reading_order.xml,ok,,251,232,reserve_not_needed,
990051533470205171,IE167141527_P000001_FL167141529.jpg,P000001,/nas/archive/paris-data/automatic_transcriptions/geniza/all_04_improved_reading_order/990051533470205171/IE167141527/IE167141527_P000001_FL167141529—reco_improved_polys_improved_reading_order.xml,990051533470205171:985:/nas/archive/paris-data/automatic_transcriptions/geniza/all_04_improved_reading_order/990051533470205171/IE167141527/IE167141527_P000001_FL167141529—reco_improved_polys_improved_reading_order.xml,ok,,258,239,reserve_not_needed,
990052254900205171,IE167293000_P000002_FL167293003.jpg,P000002,/nas/archive/paris-data/automatic_transcriptions/geniza/all_04_improved_reading_order/990052254900205171/IE167293000/IE167293000_P000002_FL167293003—reco_improved_polys_improved_reading_order.xml,990052254900205171:986:/nas/archive/paris-data/automatic_transcriptions/geniza/all_04_improved_reading_order/990052254900205171/IE167293000/IE167293000_P000002_FL167293003—reco_improved_polys_improved_reading_order.xml,ok,,47,35,reserve_not_needed,
990052254900205171,IE167293000_P000001_FL167293002.jpg,P000001,/nas/archive/paris-data/automatic_transcriptions/geniza/all_04_improved_reading_order/990052254900205171/IE167293000/IE167293000_P000001_FL167293002—reco_improved_polys_improved_reading_order.xml,990052254900205171:987:/nas/archive/paris-data/automatic_transcriptions/geniza/all_04_improved_reading_order/990052254900205171/IE167293000/IE167293000_P000001_FL167293002—reco_improved_polys_improved_reading_order.xml,ok,,0,0,reserve_not_needed,
990051485180205171,IE161270136_P000002_FL161270142.jpg,P000002,/nas/archive/paris-data/automatic_transcriptions/geniza/all_04_improved_reading_order/990051485180205171/IE161270136/IE161270136_P000002_FL161270142—reco_improved_polys_improved_reading_order.xml,990051485180205171:988:/nas/archive/paris-data/automatic_transcriptions/geniza/all_04_improved_reading_order/990051485180205171/IE161270136/IE161270136_P000002_FL161270142—reco_improved_polys_improved_reading_order.xml,ok,,171,123,reserve_not_needed,
990051485180205171,IE161270136_P000001_FL161270138.jpg,P000001,/nas/archive/paris-data/automatic_transcriptions/geniza/all_04_improved_reading_order/990051485180205171/IE161270136/IE161270136_P000001_FL161270138—reco_improved_polys_improved_reading_order.xml,990051485180205171:989:/nas/archive/paris-data/automatic_transcriptions/geniza/all_04_improved_reading_order/990051485180205171/IE161270136/IE161270136_P000001_FL161270138—reco_improved_polys_improved_reading_order.xml,ok,,379,309,reserve_not_needed,
990053475270205171,IE168056940_P000002_FL168056943.jpg,P000002,/nas/archive/paris-data/automatic_transcriptions/geniza/all_04_improved_reading_order/990053475270205171/IE168056940/IE168056940_P000002_FL168056943—reco_improved_polys_improved_reading_order.xml,990053475270205171:990:/nas/archive/paris-data/automatic_transcriptions/geniza/all_04_improved_reading_order/990053475270205171/IE168056940/IE168056940_P000002_FL168056943—reco_improved_polys_improved_reading_order.xml,ok,,246,227,reserve_not_needed,
990053475270205171,IE168056940_P000001_FL168056942.jpg,P000001,/nas/archive/paris-data/automatic_transcriptions/geniza/all_04_improved_reading_order/990053475270205171/IE168056940/IE168056940_P000001_FL168056942—reco_improved_polys_improved_reading_order.xml,990053475270205171:991:/nas/archive/paris-data/automatic_transcriptions/geniza/all_04_improved_reading_order/990053475270205171/IE168056940/IE168056940_P000001_FL168056942—reco_improved_polys_improved_reading_order.xml,ok,,225,206,reserve_not_needed,
990053026440205171,IE147748273_P000001_FL147748275.jpg,P000001,/nas/archive/paris-data/automatic_transcriptions/geniza/all_04_improved_reading_order/990053026440205171/IE147748273/IE147748273_P000001_FL147748275—reco_improved_polys_improved_reading_order.xml,990053026440205171:992:/nas/archive/paris-data/automatic_transcriptions/geniza/all_04_improved_reading_order/990053026440205171/IE147748273/IE147748273_P000001_FL147748275—reco_improved_polys_improved_reading_order.xml,ok,,59,48,reserve_not_needed,
990053026440205171,IE147748273_P000002_FL147748276.jpg,P000002,/nas/archive/paris-data/automatic_transcriptions/geniza/all_04_improved_reading_order/990053026440205171/IE147748273/IE147748273_P000002_FL147748276—reco_improved_polys_improved_reading_order.xml,990053026440205171:993:/nas/archive/paris-data/automatic_transcriptions/geniza/all_04_improved_reading_order/990053026440205171/IE147748273/IE147748273_P000002_FL147748276—reco_improved_polys_improved_reading_order.xml,ok,,0,0,reserve_not_needed,
990052100020205171,IE167696740_P000002_FL167696743.jpg,P000002,/nas/archive/paris-data/automatic_transcriptions/geniza/all_04_improved_reading_order/990052100020205171/IE167696740/IE167696740_P000002_FL167696743—reco_improved_polys_improved_reading_order.xml,990052100020205171:994:/nas/archive/paris-data/automatic_transcriptions/geniza/all_04_improved_reading_order/990052100020205171/IE167696740/IE167696740_P000002_FL167696743—reco_improved_polys_improved_reading_order.xml,ok,,0,0,reserve_not_needed,
990052100020205171,IE167696740_P000001_FL167696742.jpg,P000001,/nas/archive/paris-data/automatic_transcriptions/geniza/all_04_improved_reading_order/990052100020205171/IE167696740/IE167696740_P000001_FL167696742—reco_improved_polys_improved_reading_order.xml,990052100020205171:995:/nas/archive/paris-data/automatic_transcriptions/geniza/all_04_improved_reading_order/990052100020205171/IE167696740/IE167696740_P000001_FL167696742—reco_improved_polys_improved_reading_order.xml,empty_or_unreadable,,0,0,reserve_not_needed,
990053203630205171,IE157428017_P000002_FL157428027.jpg,P000002,/nas/archive/paris-data/automatic_transcriptions/geniza/all_04_improved_reading_order/990053203630205171/IE157428017/IE157428017_P000002_FL157428027—reco_improved_polys_improved_reading_order.xml,990053203630205171:996:/nas/archive/paris-data/automatic_transcriptions/geniza/all_04_improved_reading_order/990053203630205171/IE157428017/IE157428017_P000002_FL157428027—reco_improved_polys_improved_reading_order.xml,ok,,97,79,reserve_not_needed,
990053203630205171,IE157428017_P000001_FL157428020.jpg,P000001,/nas/archive/paris-data/automatic_transcriptions/geniza/all_04_improved_reading_order/990053203630205171/IE157428017/IE157428017_P000001_FL157428020—reco_improved_polys_improved_reading_order.xml,990053203630205171:997:/nas/archive/paris-data/automatic_transcriptions/geniza/all_04_improved_reading_order/990053203630205171/IE157428017/IE157428017_P000001_FL157428020—reco_improved_polys_improved_reading_order.xml,ok,,1278,1025,reserve_not_needed,
990051726800205171,IE164917843_P000001_FL164917845.jpg,P000001,/nas/archive/paris-data/automatic_transcriptions/geniza/all_04_improved_reading_order/990051726800205171/IE164917843/IE164917843_P000001_FL164917845—reco_improved_polys_improved_reading_order.xml,990051726800205171:998:/nas/archive/paris-data/automatic_transcriptions/geniza/all_04_improved_reading_order/990051726800205171/IE164917843/IE164917843_P000001_FL164917845—reco_improved_polys_improved_reading_order.xml,ok,,890,774,reserve_not_needed,
990051726800205171,IE164917843_P000002_FL164917846.jpg,P000002,/nas/archive/paris-data/automatic_transcriptions/geniza/all_04_improved_reading_order/990051726800205171/IE164917843/IE164917843_P000002_FL164917846—reco_improved_polys_improved_reading_order.xml,990051726800205171:999:/nas/archive/paris-data/automatic_transcriptions/geniza/all_04_improved_reading_order/990051726800205171/IE164917843/IE164917843_P000002_FL164917846—reco_improved_polys_improved_reading_order.xml,ok,,1044,934,reserve_not_needed,
