manuscript_id,picture_id,page_number,xml_path,page_key,status,error,hebrew_glyph_count,selected_glyph_count,selection_status,selection_reason
990051265390205171,IE166198408_P000002_FL166198412.jpg,P000002,/nas/archive/paris-data/automatic_transcriptions/geniza/all_04_improved_reading_order/990051265390205171/IE166198408/IE166198408_P000002_FL166198412—reco_improved_polys_improved_reading_order.xml,990051265390205171:0:/nas/archive/paris-data/automatic_transcriptions/geniza/all_04_improved_reading_order/990051265390205171/IE166198408/IE166198408_P000002_FL166198412—reco_improved_polys_improved_reading_order.xml,ok,,578,519,accepted,
990051265390205171,IE166198408_P000001_FL166198411.jpg,P000001,/nas/archive/paris-data/automatic_transcriptions/geniza/all_04_improved_reading_order/990051265390205171/IE166198408/IE166198408_P000001_FL166198411—reco_improved_polys_improved_reading_order.xml,990051265390205171:1:/nas/archive/paris-data/automatic_transcriptions/geniza/all_04_improved_reading_order/990051265390205171/IE166198408/IE166198408_P000001_FL166198411—reco_improved_polys_improved_reading_order.xml,ok,,508,464,accepted,
990052318410205171,IE167796806_P000001_FL167796808.jpg,P000001,/nas/archive/paris-data/automatic_transcriptions/geniza/all_04_improved_reading_order/990052318410205171/IE167796806/IE167796806_P000001_FL167796808—reco_improved_polys_improved_reading_order.xml,990052318410205171:2:/nas/archive/paris-data/automatic_transcriptions/geniza/all_04_improved_reading_order/990052318410205171/IE167796806/IE167796806_P000001_FL167796808—reco_improved_polys_improved_reading_order.xml,ok,,27,19,accepted,
990052318410205171,IE167796806_P000002_FL167796809.jpg,P000002,/nas/archive/paris-data/automatic_transcriptions/geniza/all_04_improved_reading_order/990052318410205171/IE167796806/IE167796806_P000002_FL167796809—reco_improved_polys_improved_reading_order.xml,990052318410205171:3:/nas/archive/paris-data/automatic_transcriptions/geniza/all_04_improved_reading_order/990052318410205171/IE167796806/IE167796806_P000002_FL167796809—reco_improved_polys_improved_reading_order.xml,ok,,1,1,accepted,
990052132350205171,IE167734902_P000001_FL167734904.jpg,P000001,/nas/archive/paris-data/automatic_transcriptions/geniza/all_04_improved_reading_order/990052132350205171/IE167734902/IE167734902_P000001_FL167734904—reco_improved_polys_improved_reading_order.xml,990052132350205171:4:/nas/archive/paris-data/automatic_transcriptions/geniza/all_04_improved_reading_order/990052132350205171/IE167734902/IE167734902_P000001_FL167734904—reco_improved_polys_improved_reading_order.xml,ok,,466,378,accepted,
990052132350205171,IE167734902_P000002_FL167734905.jpg,P000002,/nas/archive/paris-data/automatic_transcriptions/geniza/all_04_improved_reading_order/990052132350205171/IE167734902/IE167734902_P000002_FL167734905—reco_improved_polys_improved_reading_order.xml,990052132350205171:5:/nas/archive/paris-data/automatic_transcriptions/geniza/all_04_improved_reading_order/990052132350205171/IE167734902/IE167734902_P000002_FL167734905—reco_improved_polys_improved_reading_order.xml,ok,,491,399,accepted,
990053580500205171,IE153201032_P000001_FL153201034.jpg,P000001,/nas/archive/paris-data/automatic_transcriptions/geniza/all_04_improved_reading_order/990053580500205171/IE153201032/IE153201032_P000001_FL153201034—reco_improved_polys_improved_reading_order.xml,990053580500205171:6:/nas/archive/paris-data/automatic_transcriptions/geniza/all_04_improved_reading_order/990053580500205171/IE153201032/IE153201032_P000001_FL153201034—reco_improved_polys_improved_reading_order.xml,ok,,788,722,accepted,
990053580500205171,IE153201032_P000002_FL153201061.jpg,P000002,/nas/archive/paris-data/automatic_transcriptions/geniza/all_04_improved_reading_order/990053580500205171/IE153201032/IE153201032_P000002_FL153201061—reco_improved_polys_improved_reading_order.xml,990053580500205171:7:/nas/archive/paris-data/automatic_transcriptions/geniza/all_04_improved_reading_order/990053580500205171/IE153201032/IE153201032_P000002_FL153201061—reco_improved_polys_improved_reading_order.xml,ok,,688,609,accepted,
990051476570205171,IE161170166_P000001_FL161170168.jpg,P000001,/nas/archive/paris-data/automatic_transcriptions/geniza/all_04_improved_reading_order/990051476570205171/IE161170166/IE161170166_P000001_FL161170168—reco_improved_polys_improved_reading_order.xml,990051476570205171:8:/nas/archive/paris-data/automatic_transcriptions/geniza/all_04_improved_reading_order/990051476570205171/IE161170166/IE161170166_P000001_FL161170168—reco_improved_polys_improved_reading_order.xml,ok,,228,198,accepted,
990051476570205171,IE161170166_P000002_FL161170169.jpg,P000002,/nas/archive/paris-data/automatic_transcriptions/geniza/all_04_improved_reading_order/990051476570205171/IE161170166/IE161170166_P000002_FL161170169—reco_improved_polys_improved_reading_order.xml,990051476570205171:9:/nas/archive/paris-data/automatic_transcriptions/geniza/all_04_improved_reading_order/990051476570205171/IE161170166/IE161170166_P000002_FL161170169—reco_improved_polys_improved_reading_order.xml,ok,,202,167,accepted,
990051303080205171,IE167092567_P000001_FL167092569.jpg,P000001,/nas/archive/paris-data/automatic_transcriptions/geniza/all_04_improved_reading_order/990051303080205171/IE167092567/IE167092567_P000001_FL167092569—reco_improved_polys_improved_reading_order.xml,990051303080205171:10:/nas/archive/paris-data/automatic_transcriptions/geniza/all_04_improved_reading_order/990051303080205171/IE167092567/IE167092567_P000001_FL167092569—reco_improved_polys_improved_reading_order.xml,ok,,164,87,accepted,
990051303080205171,IE167092567_P000002_FL167092570.jpg,P000002,/nas/archive/paris-data/automatic_transcriptions/geniza/all_04_improved_reading_order/990051303080205171/IE167092567/IE167092567_P000002_FL167092570—reco_improved_polys_improved_reading_order.xml,990051303080205171:11:/nas/archive/paris-data/automatic_transcriptions/geniza/all_04_improved_reading_order/990051303080205171/IE167092567/IE167092567_P000002_FL167092570—reco_improved_polys_improved_reading_order.xml,ok,,6,3,accepted,
990053407510205171,IE167514101_P000001_FL167514103.jpg,P000001,/nas/archive/paris-data/automatic_transcriptions/geniza/all_04_improved_reading_order/990053407510205171/IE167514101/IE167514101_P000001_FL167514103—reco_improved_polys_improved_reading_order.xml,990053407510205171:12:/nas/archive/paris-data/automatic_transcriptions/geniza/all_04_improved_reading_order/990053407510205171/IE167514101/IE167514101_P000001_FL167514103—reco_improved_polys_improved_reading_order.xml,ok,,645,597,accepted,
990053407510205171,IE167514101_P000002_FL167514110.jpg,P000002,/nas/archive/paris-data/automatic_transcriptions/geniza/all_04_improved_reading_order/990053407510205171/IE167514101/IE167514101_P000002_FL167514110—reco_improved_polys_improved_reading_order.xml,990053407510205171:13:/nas/archive/paris-data/automatic_transcriptions/geniza/all_04_improved_reading_order/990053407510205171/IE167514101/IE167514101_P000002_FL167514110—reco_improved_polys_improved_reading_order.xml,ok,,724,671,accepted,
990051506040205171,IE161474885_P000001_FL161474891.jpg,P000001,/nas/archive/paris-data/automatic_transcriptions/geniza/all_04_improved_reading_order/990051506040205171/IE161474885/IE161474885_P000001_FL161474891—reco_improved_polys_improved_reading_order.xml,990051506040205171:14:/nas/archive/paris-data/automatic_transcriptions/geniza/all_04_improved_reading_order/990051506040205171/IE161474885/IE161474885_P000001_FL161474891—reco_improved_polys_improved_reading_order.xml,ok,,627,518,accepted,
990051506040205171,IE161474885_P000002_FL161474895.jpg,P000002,/nas/archive/paris-data/automatic_transcriptions/geniza/all_04_improved_reading_order/990051506040205171/IE161474885/IE161474885_P000002_FL161474895—reco_improved_polys_improved_reading_order.xml,990051506040205171:15:/nas/archive/paris-data/automatic_transcriptions/geniza/all_04_improved_reading_order/990051506040205171/IE161474885/IE161474885_P000002_FL161474895—reco_improved_polys_improved_reading_order.xml,ok,,343,306,accepted,
990051571010205171,IE162823539_P000001_FL162823541.jpg,P000001,/nas/archive/paris-data/automatic_transcriptions/geniza/all_04_improved_reading_order/990051571010205171/IE162823539/IE162823539_P000001_FL162823541—reco_improved_polys_improved_reading_order.xml,990051571010205171:16:/nas/archive/paris-data/automatic_transcriptions/geniza/all_04_improved_reading_order/990051571010205171/IE162823539/IE162823539_P000001_FL162823541—reco_improved_polys_improved_reading_order.xml,ok,,357,300,accepted,
990051571010205171,IE162823539_P000002_FL162823542.jpg,P000002,/nas/archive/paris-data/automatic_transcriptions/geniza/all_04_improved_reading_order/990051571010205171/IE162823539/IE162823539_P000002_FL162823542—reco_improved_polys_improved_reading_order.xml,990051571010205171:17:/nas/archive/paris-data/automatic_transcriptions/geniza/all_04_improved_reading_order/990051571010205171/IE162823539/IE162823539_P000002_FL162823542—reco_improved_polys_improved_reading_order.xml,ok,,411,352,accepted,
990053158010205171,IE155301813_P000002_FL155301818.jpg,P000002,/nas/archive/paris-data/automatic_transcriptions/geniza/all_04_improved_reading_order/990053158010205171/IE155301813/IE155301813_P000002_FL155301818—reco_improved_polys_improved_reading_order.xml,990053158010205171:18:/nas/archive/paris-data/automatic_transcriptions/geniza/all_04_improved_reading_order/990053158010205171/IE155301813/IE155301813_P000002_FL155301818—reco_improved_polys_improved_reading_order.xml,ok,,149,109,accepted,
990053158010205171,IE155301813_P000001_FL155301815.jpg,P000001,/nas/archive/paris-data/automatic_transcriptions/geniza/all_04_improved_reading_order/990053158010205171/IE155301813/IE155301813_P000001_FL155301815—reco_improved_polys_improved_reading_order.xml,990053158010205171:19:/nas/archive/paris-data/automatic_transcriptions/geniza/all_04_improved_reading_order/990053158010205171/IE155301813/IE155301813_P000001_FL155301815—reco_improved_polys_improved_reading_order.xml,ok,,190,153,accepted,
990053634760205171,IE167907471_P000001_FL167907473.jpg,P000001,/nas/archive/paris-data/automatic_transcriptions/geniza/all_04_improved_reading_order/990053634760205171/IE167907471/IE167907471_P000001_FL167907473—reco_improved_polys_improved_reading_order.xml,990053634760205171:20:/nas/archive/paris-data/automatic_transcriptions/geniza/all_04_improved_reading_order/990053634760205171/IE167907471/IE167907471_P000001_FL167907473—reco_improved_polys_improved_reading_order.xml,ok,,252,193,accepted,
990053634760205171,IE167907471_P000002_FL167907474.jpg,P000002,/nas/archive/paris-data/automatic_transcriptions/geniza/all_04_improved_reading_order/990053634760205171/IE167907471/IE167907471_P000002_FL167907474—reco_improved_polys_improved_reading_order.xml,990053634760205171:21:/nas/archive/paris-data/automatic_transcriptions/geniza/all_04_improved_reading_order/990053634760205171/IE167907471/IE167907471_P000002_FL167907474—reco_improved_polys_improved_reading_order.xml,ok,,459,403,accepted,
990002033940205171,IE162829377_P000002_FL162829380.jpg,P000002,/nas/archive/paris-data/automatic_transcriptions/geniza/all_04_improved_reading_order/990002033940205171/IE162829377/IE162829377_P000002_FL162829380—reco_improved_polys_improved_reading_order.xml,990002033940205171:22:/nas/archive/paris-data/automatic_transcriptions/geniza/all_04_improved_reading_order/990002033940205171/IE162829377/IE162829377_P000002_FL162829380—reco_improved_polys_improved_reading_order.xml,ok,,208,188,accepted,
990002033940205171,IE162829377_P000001_FL162829379.jpg,P000001,/nas/archive/paris-data/automatic_transcriptions/geniza/all_04_improved_reading_order/990002033940205171/IE162829377/IE162829377_P000001_FL162829379—reco_improved_polys_improved_reading_order.xml,990002033940205171:23:/nas/archive/paris-data/automatic_transcriptions/geniza/all_04_improved_reading_order/990002033940205171/IE162829377/IE162829377_P000001_FL162829379—reco_improved_polys_improved_reading_order.xml,ok,,205,188,accepted,
990053353580205171,IE156879564_P000001_FL156879566.jpg,P000001,/nas/archive/paris-data/automatic_transcriptions/geniza/all_04_improved_reading_order/990053353580205171/IE156879564/IE156879564_P000001_FL156879566—reco_improved_polys_improved_reading_order.xml,990053353580205171:24:/nas/archive/paris-data/automatic_transcriptions/geniza/all_04_improved_reading_order/990053353580205171/IE156879564/IE156879564_P000001_FL156879566—reco_improved_polys_improved_reading_order.xml,ok,,218,191,accepted,
990053353580205171,IE156879564_P000002_FL156879567.jpg,P000002,/nas/archive/paris-data/automatic_transcriptions/geniza/all_04_improved_reading_order/990053353580205171/IE156879564/IE156879564_P000002_FL156879567—reco_improved_polys_improved_reading_order.xml,990053353580205171:25:/nas/archive/paris-data/automatic_transcriptions/geniza/all_04_improved_reading_order/990053353580205171/IE156879564/IE156879564_P000002_FL156879567—reco_improved_polys_improved_reading_order.xml,ok,,359,317,accepted,
990053276550205171,IE151463308_P000001_FL151463310.jpg,P000001,/nas/archive/paris-data/automatic_transcriptions/geniza/all_04_improved_reading_order/990053276550205171/IE151463308/IE151463308_P000001_FL151463310—reco_improved_polys_improved_reading_order.xml,990053276550205171:26:/nas/archive/paris-data/automatic_transcriptions/geniza/all_04_improved_reading_order/990053276550205171/IE151463308/IE151463308_P000001_FL151463310—reco_improved_polys_improved_reading_order.xml,ok,,9,6,accepted,
990052316320205171,IE167791450_P000001_FL167791452.jpg,P000001,/nas/archive/paris-data/automatic_transcriptions/geniza/all_04_improved_reading_order/990052316320205171/IE167791450/IE167791450_P000001_FL167791452—reco_improved_polys_improved_reading_order.xml,990052316320205171:28:/nas/archive/paris-data/automatic_transcriptions/geniza/all_04_improved_reading_order/990052316320205171/IE167791450/IE167791450_P000001_FL167791452—reco_improved_polys_improved_reading_order.xml,ok,,113,93,accepted,
990052316320205171,IE167791450_P000002_FL167791453.jpg,P000002,/nas/archive/paris-data/automatic_transcriptions/geniza/all_04_improved_reading_order/990052316320205171/IE167791450/IE167791450_P000002_FL167791453—reco_improved_polys_improved_reading_order.xml,990052316320205171:29:/nas/archive/paris-data/automatic_transcriptions/geniza/all_04_improved_reading_order/990052316320205171/IE167791450/IE167791450_P000002_FL167791453—reco_improved_polys_improved_reading_order.xml,ok,,85,70,accepted,
990052359990205171,IE168010231_P000002_FL168010234.jpg,P000002,/nas/archive/paris-data/automatic_transcriptions/geniza/all_04_improved_reading_order/990052359990205171/IE168010231/IE168010231_P000002_FL168010234—reco_improved_polys_improved_reading_order.xml,990052359990205171:30:/nas/archive/paris-data/automatic_transcriptions/geniza/all_04_improved_reading_order/990052359990205171/IE168010231/IE168010231_P000002_FL168010234—reco_improved_polys_improved_reading_order.xml,ok,,52,41,accepted,
990052359990205171,IE168010231_P000001_FL168010233.jpg,P000001,/nas/archive/paris-data/automatic_transcriptions/geniza/all_04_improved_reading_order/990052359990205171/IE168010231/IE168010231_P000001_FL168010233—reco_improved_polys_improved_reading_order.xml,990052359990205171:31:/nas/archive/paris-data/automatic_transcriptions/geniza/all_04_improved_reading_order/990052359990205171/IE168010231/IE168010231_P000001_FL168010233—reco_improved_polys_improved_reading_order.xml,ok,,62,44,accepted,
990053274560205171,IE159702459_P000001_FL159702461.jpg,P000001,/nas/archive/paris-data/automatic_transcriptions/geniza/all_04_improved_reading_order/990053274560205171/IE159702459/IE159702459_P000001_FL159702461—reco_improved_polys_improved_reading_order.xml,990053274560205171:32:/nas/archive/paris-data/automatic_transcriptions/geniza/all_04_improved_reading_order/990053274560205171/IE159702459/IE159702459_P000001_FL159702461—reco_improved_polys_improved_reading_order.xml,ok,,515,453,accepted,
990053274560205171,IE159702459_P000002_FL159702462.jpg,P000002,/nas/archive/paris-data/automatic_transcriptions/geniza/all_04_improved_reading_order/990053274560205171/IE159702459/IE159702459_P000002_FL159702462—reco_improved_polys_improved_reading_order.xml,990053274560205171:33:/nas/archive/paris-data/automatic_transcriptions/geniza/all_04_improved_reading_order/990053274560205171/IE159702459/IE159702459_P000002_FL159702462—reco_improved_polys_improved_reading_order.xml,ok,,515,465,accepted,
990025163750205171,IE9284955_P000002_FL9284958.jpg,P000002,/nas/archive/paris-data/automatic_transcriptions/geniza/all_04_improved_reading_order/990025163750205171/IE9284955/IE9284955_P000002_FL9284958—reco_improved_polys_improved_reading_order.xml,990025163750205171:34:/nas/archive/paris-data/automatic_transcriptions/geniza/all_04_improved_reading_order/990025163750205171/IE9284955/IE9284955_P000002_FL9284958—reco_improved_polys_improved_reading_order.xml,ok,,729,569,accepted,
990025163750205171,IE9284955_P000001_FL9284957.jpg,P000001,/nas/archive/paris-data/automatic_transcriptions/geniza/all_04_improved_reading_order/990025163750205171/IE9284955/IE9284955_P000001_FL9284957—reco_improved_polys_improved_reading_order.xml,990025163750205171:35:/nas/archive/paris-data/automatic_transcriptions/geniza/all_04_improved_reading_order/990025163750205171/IE9284955/IE9284955_P000001_FL9284957—reco_improved_polys_improved_reading_order.xml,ok,,318,184,accepted,
990051088700205171,IE167117361_P000001_FL167117363.jpg,P000001,/nas/archive/paris-data/automatic_transcriptions/geniza/all_04_improved_reading_order/990051088700205171/IE167117361/IE167117361_P000001_FL167117363—reco_improved_polys_improved_reading_order.xml,990051088700205171:36:/nas/archive/paris-data/automatic_transcriptions/geniza/all_04_improved_reading_order/990051088700205171/IE167117361/IE167117361_P000001_FL167117363—reco_improved_polys_improved_reading_order.xml,ok,,393,330,accepted,
990051088700205171,IE167117361_P000002_FL167117364.jpg,P000002,/nas/archive/paris-data/automatic_transcriptions/geniza/all_04_improved_reading_order/990051088700205171/IE167117361/IE167117361_P000002_FL167117364—reco_improved_polys_improved_reading_order.xml,990051088700205171:37:/nas/archive/paris-data/automatic_transcriptions/geniza/all_04_improved_reading_order/990051088700205171/IE167117361/IE167117361_P000002_FL167117364—reco_improved_polys_improved_reading_order.xml,ok,,384,341,accepted,
990051349010205171,IE157427421_P000002_FL157427424.jpg,P000002,/nas/archive/paris-data/automatic_transcriptions/geniza/all_04_improved_reading_order/990051349010205171/IE157427421/IE157427421_P000002_FL157427424—reco_improved_polys_improved_reading_order.xml,990051349010205171:38:/nas/archive/paris-data/automatic_transcriptions/geniza/all_04_improved_reading_order/990051349010205171/IE157427421/IE157427421_P000002_FL157427424—reco_improved_polys_improved_reading_order.xml,ok,,345,309,accepted,
990051349010205171,IE157427421_P000001_FL157427423.jpg,P000001,/nas/archive/paris-data/automatic_transcriptions/geniza/all_04_improved_reading_order/990051349010205171/IE157427421/IE157427421_P000001_FL157427423—reco_improved_polys_improved_reading_order.xml,990051349010205171:39:/nas/archive/paris-data/automatic_transcriptions/geniza/all_04_improved_reading_order/990051349010205171/IE157427421/IE157427421_P000001_FL157427423—reco_improved_polys_improved_reading_order.xml,ok,,304,243,accepted,
990053428970205171,IE169753645_P000002_FL169753648.jpg,P000002,/nas/archive/paris-data/automatic_transcriptions/geniza/all_04_improved_reading_order/990053428970205171/IE169753645/IE169753645_P000002_FL169753648—reco_improved_polys_improved_reading_order.xml,990053428970205171:40:/nas/archive/paris-data/automatic_transcriptions/geniza/all_04_improved_reading_order/990053428970205171/IE169753645/IE169753645_P000002_FL169753648—reco_improved_polys_improved_reading_order.xml,ok,,292,273,accepted,
990053428970205171,IE169753645_P000001_FL169753647.jpg,P000001,/nas/archive/paris-data/automatic_transcriptions/geniza/all_04_improved_reading_order/990053428970205171/IE169753645/IE169753645_P000001_FL169753647—reco_improved_polys_improved_reading_order.xml,990053428970205171:41:/nas/archive/paris-data/automatic_transcriptions/geniza/all_04_improved_reading_order/990053428970205171/IE169753645/IE169753645_P000001_FL169753647—reco_improved_polys_improved_reading_order.xml,ok,,351,328,accepted,
990001451450205171,IE49756526_P000004_FL49756583.jpg,P000004,/nas/archive/paris-data/automatic_transcriptions/geniza/all_04_improved_reading_order/990001451450205171/IE49756526/IE49756526_P000004_FL49756583—reco_improved_polys_improved_reading_order.xml,990001451450205171:44:/nas/archive/paris-data/automatic_transcriptions/geniza/all_04_improved_reading_order/990001451450205171/IE49756526/IE49756526_P000004_FL49756583—reco_improved_polys_improved_reading_order.xml,ok,,994,907,accepted,
990001451450205171,IE49756526_P000002_FL49756546.jpg,P000002,/nas/archive/paris-data/automatic_transcriptions/geniza/all_04_improved_reading_order/990001451450205171/IE49756526/IE49756526_P000002_FL49756546—reco_improved_polys_improved_reading_order.xml,990001451450205171:45:/nas/archive/paris-data/automatic_transcriptions/geniza/all_04_improved_reading_order/990001451450205171/IE49756526/IE49756526_P000002_FL49756546—reco_improved_polys_improved_reading_order.xml,ok,,76,72,accepted,
990053700080205171,IE168569283_P000001_FL168569285.jpg,P000001,/nas/archive/paris-data/automatic_transcriptions/geniza/all_04_improved_reading_order/990053700080205171/IE168569283/IE168569283_P000001_FL168569285—reco_improved_polys_improved_reading_order.xml,990053700080205171:46:/nas/archive/paris-data/automatic_transcriptions/geniza/all_04_improved_reading_order/990053700080205171/IE168569283/IE168569283_P000001_FL168569285—reco_improved_polys_improved_reading_order.xml,ok,,61,32,accepted,
990053700080205171,IE168569283_P000002_FL168569286.jpg,P000002,/nas/archive/paris-data/automatic_transcriptions/geniza/all_04_improved_reading_order/990053700080205171/IE168569283/IE168569283_P000002_FL168569286—reco_improved_polys_improved_reading_order.xml,990053700080205171:47:/nas/archive/paris-data/automatic_transcriptions/geniza/all_04_improved_reading_order/990053700080205171/IE168569283/IE168569283_P000002_FL168569286—reco_improved_polys_improved_reading_order.xml,ok,,99,56,accepted,
990052444250205171,IE168348310_P000002_FL168348313.jpg,P000002,/nas/archive/paris-data/automatic_transcriptions/geniza/all_04_improved_reading_order/990052444250205171/IE168348310/IE168348310_P000002_FL168348313—reco_improved_polys_improved_reading_order.xml,990052444250205171:48:/nas/archive/paris-data/automatic_transcriptions/geniza/all_04_improved_reading_order/990052444250205171/IE168348310/IE168348310_P000002_FL168348313—reco_improved_polys_improved_reading_order.xml,ok,,292,238,accepted,
990052444250205171,IE168348310_P000001_FL168348312.jpg,P000001,/nas/archive/paris-data/automatic_transcriptions/geniza/all_04_improved_reading_order/990052444250205171/IE168348310/IE168348310_P000001_FL168348312—reco_improved_polys_improved_reading_order.xml,990052444250205171:49:/nas/archive/paris-data/automatic_transcriptions/geniza/all_04_improved_reading_order/990052444250205171/IE168348310/IE168348310_P000001_FL168348312—reco_improved_polys_improved_reading_order.xml,ok,,318,273,accepted,
990053273020205171,IE203096890_P000001_FL203096892.jpg,P000001,/nas/archive/paris-data/automatic_transcriptions/geniza/all_04_improved_reading_order/990053273020205171/IE203096890/IE203096890_P000001_FL203096892—reco_improved_polys_improved_reading_order.xml,990053273020205171:50:/nas/archive/paris-data/automatic_transcriptions/geniza/all_04_improved_reading_order/990053273020205171/IE203096890/IE203096890_P000001_FL203096892—reco_improved_polys_improved_reading_order.xml,ok,,1,1,accepted,
990053273020205171,IE203096890_P000002_FL203096893.jpg,P000002,/nas/archive/paris-data/automatic_transcriptions/geniza/all_04_improved_reading_order/990053273020205171/IE203096890/IE203096890_P000002_FL203096893—reco_improved_polys_improved_reading_order.xml,990053273020205171:51:/nas/archive/paris-data/automatic_transcriptions/geniza/all_04_improved_reading_order/990053273020205171/IE203096890/IE203096890_P000002_FL203096893—reco_improved_polys_improved_reading_order.xml,ok,,190,137,accepted,
990051925330205171,IE165866238_P000002_FL165866241.jpg,P000002,/nas/archive/paris-data/automatic_transcriptions/geniza/all_04_improved_reading_order/990051925330205171/IE165866238/IE165866238_P000002_FL165866241—reco_improved_polys_improved_reading_order.xml,990051925330205171:52:/nas/archive/paris-data/automatic_transcriptions/geniza/all_04_improved_reading_order/990051925330205171/IE165866238/IE165866238_P000002_FL165866241—reco_improved_polys_improved_reading_order.xml,ok,,68,49,accepted,
990051925330205171,IE165866238_P000001_FL165866240.jpg,P000001,/nas/archive/paris-data/automatic_transcriptions/geniza/all_04_improved_reading_order/990051925330205171/IE165866238/IE165866238_P000001_FL165866240—reco_improved_polys_improved_reading_order.xml,990051925330205171:53:/nas/archive/paris-data/automatic_transcriptions/geniza/all_04_improved_reading_order/990051925330205171/IE165866238/IE165866238_P000001_FL165866240—reco_improved_polys_improved_reading_order.xml,ok,,35,26,accepted,
990001402030205171,IE168369653_P000011_FL168369665.jpg,P000011,/nas/archive/paris-data/automatic_transcriptions/geniza/all_04_improved_reading_order/990001402030205171/IE168369653/IE168369653_P000011_FL168369665—reco_improved_polys_improved_reading_order.xml,990001402030205171:54:/nas/archive/paris-data/automatic_transcriptions/geniza/all_04_improved_reading_order/990001402030205171/IE168369653/IE168369653_P000011_FL168369665—reco_improved_polys_improved_reading_order.xml,ok,,1362,1249,accepted,
990001402030205171,IE168369653_P000089_FL168369743.jpg,P000089,/nas/archive/paris-data/automatic_transcriptions/geniza/all_04_improved_reading_order/990001402030205171/IE168369653/IE168369653_P000089_FL168369743—reco_improved_polys_improved_reading_order.xml,990001402030205171:55:/nas/archive/paris-data/automatic_transcriptions/geniza/all_04_improved_reading_order/990001402030205171/IE168369653/IE168369653_P000089_FL168369743—reco_improved_polys_improved_reading_order.xml,ok,,1284,1188,accepted,
990053120960205171,IE202993643_P000001_FL202993645.jpg,P000001,/nas/archive/paris-data/automatic_transcriptions/geniza/all_04_improved_reading_order/990053120960205171/IE202993643/IE202993643_P000001_FL202993645—reco_improved_polys_improved_reading_order.xml,990053120960205171:56:/nas/archive/paris-data/automatic_transcriptions/geniza/all_04_improved_reading_order/990053120960205171/IE202993643/IE202993643_P000001_FL202993645—reco_improved_polys_improved_reading_order.xml,ok,,126,119,accepted,
990053120960205171,IE202993643_P000002_FL202993646.jpg,P000002,/nas/archive/paris-data/automatic_transcriptions/geniza/all_04_improved_reading_order/990053120960205171/IE202993643/IE202993643_P000002_FL202993646—reco_improved_polys_improved_reading_order.xml,990053120960205171:57:/nas/archive/paris-data/automatic_transcriptions/geniza/all_04_improved_reading_order/990053120960205171/IE202993643/IE202993643_P000002_FL202993646—reco_improved_polys_improved_reading_order.xml,ok,,140,115,accepted,
990053467680205171,IE167999987_P000002_FL167999990.jpg,P000002,/nas/archive/paris-data/automatic_transcriptions/geniza/all_04_improved_reading_order/990053467680205171/IE167999987/IE167999987_P000002_FL167999990—reco_improved_polys_improved_reading_order.xml,990053467680205171:58:/nas/archive/paris-data/automatic_transcriptions/geniza/all_04_improved_reading_order/990053467680205171/IE167999987/IE167999987_P000002_FL167999990—reco_improved_polys_improved_reading_order.xml,ok,,237,221,accepted,
990053467680205171,IE167999987_P000001_FL167999989.jpg,P000001,/nas/archive/paris-data/automatic_transcriptions/geniza/all_04_improved_reading_order/990053467680205171/IE167999987/IE167999987_P000001_FL167999989—reco_improved_polys_improved_reading_order.xml,990053467680205171:59:/nas/archive/paris-data/automatic_transcriptions/geniza/all_04_improved_reading_order/990053467680205171/IE167999987/IE167999987_P000001_FL167999989—reco_improved_polys_improved_reading_order.xml,ok,,287,269,accepted,
990053607430205171,IE155334226_P000002_FL155334229.jpg,P000002,/nas/archive/paris-data/automatic_transcriptions/geniza/all_04_improved_reading_order/990053607430205171/IE155334226/IE155334226_P000002_FL155334229—reco_improved_polys_improved_reading_order.xml,990053607430205171:60:/nas/archive/paris-data/automatic_transcriptions/geniza/all_04_improved_reading_order/990053607430205171/IE155334226/IE155334226_P000002_FL155334229—reco_improved_polys_improved_reading_order.xml,ok,,1,1,accepted,
990053607430205171,IE155334226_P000001_FL155334228.jpg,P000001,/nas/archive/paris-data/automatic_transcriptions/geniza/all_04_improved_reading_order/990053607430205171/IE155334226/IE155334226_P000001_FL155334228—reco_improved_polys_improved_reading_order.xml,990053607430205171:61:/nas/archive/paris-data/automatic_transcriptions/geniza/all_04_improved_reading_order/990053607430205171/IE155334226/IE155334226_P000001_FL155334228—reco_improved_polys_improved_reading_order.xml,ok,,185,146,accepted,
990051506440205171,IE161475297_P000003_FL161475305.jpg,P000003,/nas/archive/paris-data/automatic_transcriptions/geniza/all_04_improved_reading_order/990051506440205171/IE161475297/IE161475297_P000003_FL161475305—reco_improved_polys_improved_reading_order.xml,990051506440205171:62:/nas/archive/paris-data/automatic_transcriptions/geniza/all_04_improved_reading_order/990051506440205171/IE161475297/IE161475297_P000003_FL161475305—reco_improved_polys_improved_reading_order.xml,ok,,203,183,accepted,
990051506440205171,IE161475297_P000004_FL161475306.jpg,P000004,/nas/archive/paris-data/automatic_transcriptions/geniza/all_04_improved_reading_order/990051506440205171/IE161475297/IE161475297_P000004_FL161475306—reco_improved_polys_improved_reading_order.xml,990051506440205171:63:/nas/archive/paris-data/automatic_transcriptions/geniza/all_04_improved_reading_order/990051506440205171/IE161475297/IE161475297_P000004_FL161475306—reco_improved_polys_improved_reading_order.xml,ok,,89,68,accepted,
990051303160205171,IE167092657_P000002_FL167092660.jpg,P000002,/nas/archive/paris-data/automatic_transcriptions/geniza/all_04_improved_reading_order/990051303160205171/IE167092657/IE167092657_P000002_FL167092660—reco_improved_polys_improved_reading_order.xml,990051303160205171:64:/nas/archive/paris-data/automatic_transcriptions/geniza/all_04_improved_reading_order/990051303160205171/IE167092657/IE167092657_P000002_FL167092660—reco_improved_polys_improved_reading_order.xml,ok,,3,2,accepted,
990051303160205171,IE167092657_P000001_FL167092659.jpg,P000001,/nas/archive/paris-data/automatic_transcriptions/geniza/all_04_improved_reading_order/990051303160205171/IE167092657/IE167092657_P000001_FL167092659—reco_improved_polys_improved_reading_order.xml,990051303160205171:65:/nas/archive/paris-data/automatic_transcriptions/geniza/all_04_improved_reading_order/990051303160205171/IE167092657/IE167092657_P000001_FL167092659—reco_improved_polys_improved_reading_order.xml,ok,,118,61,accepted,
990053065910205171,IE148916858_P000002_FL148916867.jpg,P000002,/nas/archive/paris-data/automatic_transcriptions/geniza/all_04_improved_reading_order/990053065910205171/IE148916858/IE148916858_P000002_FL148916867—reco_improved_polys_improved_reading_order.xml,990053065910205171:66:/nas/archive/paris-data/automatic_transcriptions/geniza/all_04_improved_reading_order/990053065910205171/IE148916858/IE148916858_P000002_FL148916867—reco_improved_polys_improved_reading_order.xml,ok,,147,102,accepted,
990053065910205171,IE148916858_P000001_FL148916860.jpg,P000001,/nas/archive/paris-data/automatic_transcriptions/geniza/all_04_improved_reading_order/990053065910205171/IE148916858/IE148916858_P000001_FL148916860—reco_improved_polys_improved_reading_order.xml,990053065910205171:67:/nas/archive/paris-data/automatic_transcriptions/geniza/all_04_improved_reading_order/990053065910205171/IE148916858/IE148916858_P000001_FL148916860—reco_improved_polys_improved_reading_order.xml,ok,,183,137,accepted,
990051978980205171,IE166243413_P000001_FL166243416.jpg,P000001,/nas/archive/paris-data/automatic_transcriptions/geniza/all_04_improved_reading_order/990051978980205171/IE166243413/IE166243413_P000001_FL166243416—reco_improved_polys_improved_reading_order.xml,990051978980205171:68:/nas/archive/paris-data/automatic_transcriptions/geniza/all_04_improved_reading_order/990051978980205171/IE166243413/IE166243413_P000001_FL166243416—reco_improved_polys_improved_reading_order.xml,ok,,60,53,accepted,
990051978980205171,IE166243413_P000002_FL166243418.jpg,P000002,/nas/archive/paris-data/automatic_transcriptions/geniza/all_04_improved_reading_order/990051978980205171/IE166243413/IE166243413_P000002_FL166243418—reco_improved_polys_improved_reading_order.xml,990051978980205171:69:/nas/archive/paris-data/automatic_transcriptions/geniza/all_04_improved_reading_order/990051978980205171/IE166243413/IE166243413_P000002_FL166243418—reco_improved_polys_improved_reading_order.xml,ok,,43,17,accepted,
990052361660205171,IE168013762_P000001_FL168013764.jpg,P000001,/nas/archive/paris-data/automatic_transcriptions/geniza/all_04_improved_reading_order/990052361660205171/IE168013762/IE168013762_P000001_FL168013764—reco_improved_polys_improved_reading_order.xml,990052361660205171:70:/nas/archive/paris-data/automatic_transcriptions/geniza/all_04_improved_reading_order/990052361660205171/IE168013762/IE168013762_P000001_FL168013764—reco_improved_polys_improved_reading_order.xml,ok,,279,218,accepted,
990052361660205171,IE168013762_P000002_FL168013765.jpg,P000002,/nas/archive/paris-data/automatic_transcriptions/geniza/all_04_improved_reading_order/990052361660205171/IE168013762/IE168013762_P000002_FL168013765—reco_improved_polys_improved_reading_order.xml,990052361660205171:71:/nas/archive/paris-data/automatic_transcriptions/geniza/all_04_improved_reading_order/990052361660205171/IE168013762/IE168013762_P000002_FL168013765—reco_improved_polys_improved_reading_order.xml,ok,,280,215,accepted,
990053446960205171,IE167839164_P000002_FL167839167.jpg,P000002,/nas/archive/paris-data/automatic_transcriptions/geniza/all_04_improved_reading_order/990053446960205171/IE167839164/IE167839164_P000002_FL167839167—reco_improved_polys_improved_reading_order.xml,990053446960205171:72:/nas/archive/paris-data/automatic_transcriptions/geniza/all_04_improved_reading_order/990053446960205171/IE167839164/IE167839164_P000002_FL167839167—reco_improved_polys_improved_reading_order.xml,ok,,318,281,accepted,
990053446960205171,IE167839164_P000001_FL167839166.jpg,P000001,/nas/archive/paris-data/automatic_transcriptions/geniza/all_04_improved_reading_order/990053446960205171/IE167839164/IE167839164_P000001_FL167839166—reco_improved_polys_improved_reading_order.xml,990053446960205171:73:/nas/archive/paris-data/automatic_transcriptions/geniza/all_04_improved_reading_order/990053446960205171/IE167839164/IE167839164_P000001_FL167839166—reco_improved_polys_improved_reading_order.xml,ok,,293,253,accepted,
990051810990205171,IE167263007_P000001_FL167263009.jpg,P000001,/nas/archive/paris-data/automatic_transcriptions/geniza/all_04_improved_reading_order/990051810990205171/IE167263007/IE167263007_P000001_FL167263009—reco_improved_polys_improved_reading_order.xml,990051810990205171:74:/nas/archive/paris-data/automatic_transcriptions/geniza/all_04_improved_reading_order/990051810990205171/IE167263007/IE167263007_P000001_FL167263009—reco_improved_polys_improved_reading_order.xml,ok,,10,9,accepted,
990051810990205171,IE167263007_P000002_FL167263010.jpg,P000002,/nas/archive/paris-data/automatic_transcriptions/geniza/all_04_improved_reading_order/990051810990205171/IE167263007/IE167263007_P000002_FL167263010—reco_improved_polys_improved_reading_order.xml,990051810990205171:75:/nas/archive/paris-data/automatic_transcriptions/geniza/all_04_improved_reading_order/990051810990205171/IE167263007/IE167263007_P000002_FL167263010—reco_improved_polys_improved_reading_order.xml,ok,,23,18,accepted,
990032578430205171,IE212426566_P000002_FL212426569.jpg,P000002,/nas/archive/paris-data/automatic_transcriptions/geniza/all_04_improved_reading_order/990032578430205171/IE212426566/IE212426566_P000002_FL212426569—reco_improved_polys_improved_reading_order.xml,990032578430205171:80:/nas/archive/paris-data/automatic_transcriptions/geniza/all_04_improved_reading_order/990032578430205171/IE212426566/IE212426566_P000002_FL212426569—reco_improved_polys_improved_reading_order.xml,ok,,3,1,accepted,
990032578430205171,IE202968442_P000002_FL202968445.jpg,P000002,/nas/archive/paris-data/automatic_transcriptions/geniza/all_04_improved_reading_order/990032578430205171/IE202968442/IE202968442_P000002_FL202968445—reco_improved_polys_improved_reading_order.xml,990032578430205171:81:/nas/archive/paris-data/automatic_transcriptions/geniza/all_04_improved_reading_order/990032578430205171/IE202968442/IE202968442_P000002_FL202968445—reco_improved_polys_improved_reading_order.xml,ok,,3,1,accepted,
990001446160205171,IE49466409_P000006_FL49466432.jpg,P000006,/nas/archive/paris-data/automatic_transcriptions/geniza/all_04_improved_reading_order/990001446160205171/IE49466409/IE49466409_P000006_FL49466432—reco_improved_polys_improved_reading_order.xml,990001446160205171:82:/nas/archive/paris-data/automatic_transcriptions/geniza/all_04_improved_reading_order/990001446160205171/IE49466409/IE49466409_P000006_FL49466432—reco_improved_polys_improved_reading_order.xml,ok,,448,425,accepted,
990001446160205171,IE49466409_P000007_FL49466439.jpg,P000007,/nas/archive/paris-data/automatic_transcriptions/geniza/all_04_improved_reading_order/990001446160205171/IE49466409/IE49466409_P000007_FL49466439—reco_improved_polys_improved_reading_order.xml,990001446160205171:83:/nas/archive/paris-data/automatic_transcriptions/geniza/all_04_improved_reading_order/990001446160205171/IE49466409/IE49466409_P000007_FL49466439—reco_improved_polys_improved_reading_order.xml,ok,,524,477,accepted,
990051813200205171,IE167265461_P000001_FL167265463.jpg,P000001,/nas/archive/paris-data/automatic_transcriptions/geniza/all_04_improved_reading_order/990051813200205171/IE167265461/IE167265461_P000001_FL167265463—reco_improved_polys_improved_reading_order.xml,990051813200205171:84:/nas/archive/paris-data/automatic_transcriptions/geniza/all_04_improved_reading_order/990051813200205171/IE167265461/IE167265461_P000001_FL167265463—reco_improved_polys_improved_reading_order.xml,ok,,68,56,accepted,
990051813200205171,IE167265461_P000002_FL167265464.jpg,P000002,/nas/archive/paris-data/automatic_transcriptions/geniza/all_04_improved_reading_order/990051813200205171/IE167265461/IE167265461_P000002_FL167265464—reco_improved_polys_improved_reading_order.xml,990051813200205171:85:/nas/archive/paris-data/automatic_transcriptions/geniza/all_04_improved_reading_order/990051813200205171/IE167265461/IE167265461_P000002_FL167265464—reco_improved_polys_improved_reading_order.xml,ok,,81,58,accepted,
990051721390205171,IE164912413_P000001_FL164912415.jpg,P000001,/nas/archive/paris-data/automatic_transcriptions/geniza/all_04_improved_reading_order/990051721390205171/IE164912413/IE164912413_P000001_FL164912415—reco_improved_polys_improved_reading_order.xml,990051721390205171:86:/nas/archive/paris-data/automatic_transcriptions/geniza/all_04_improved_reading_order/990051721390205171/IE164912413/IE164912413_P000001_FL164912415—reco_improved_polys_improved_reading_order.xml,ok,,305,267,accepted,
990051721390205171,IE164912413_P000002_FL164912416.jpg,P000002,/nas/archive/paris-data/automatic_transcriptions/geniza/all_04_improved_reading_order/990051721390205171/IE164912413/IE164912413_P000002_FL164912416—reco_improved_polys_improved_reading_order.xml,990051721390205171:87:/nas/archive/paris-data/automatic_transcriptions/geniza/all_04_improved_reading_order/990051721390205171/IE164912413/IE164912413_P000002_FL164912416—reco_improved_polys_improved_reading_order.xml,ok,,614,550,accepted,
990051424620205171,IE160221131_P000002_FL160221139.jpg,P000002,/nas/archive/paris-data/automatic_transcriptions/geniza/all_04_improved_reading_order/990051424620205171/IE160221131/IE160221131_P000002_FL160221139—reco_improved_polys_improved_reading_order.xml,990051424620205171:88:/nas/archive/paris-data/automatic_transcriptions/geniza/all_04_improved_reading_order/990051424620205171/IE160221131/IE160221131_P000002_FL160221139—reco_improved_polys_improved_reading_order.xml,ok,,346,283,accepted,
990051424620205171,IE160221131_P000001_FL160221133.jpg,P000001,/nas/archive/paris-data/automatic_transcriptions/geniza/all_04_improved_reading_order/990051424620205171/IE160221131/IE160221131_P000001_FL160221133—reco_improved_polys_improved_reading_order.xml,990051424620205171:89:/nas/archive/paris-data/automatic_transcriptions/geniza/all_04_improved_reading_order/990051424620205171/IE160221131/IE160221131_P000001_FL160221133—reco_improved_polys_improved_reading_order.xml,ok,,281,220,accepted,
990001607210205171,IE48447405_P000008_FL48447479.jpg,P000008,/nas/archive/paris-data/automatic_transcriptions/geniza/all_04_improved_reading_order/990001607210205171/IE48447405/IE48447405_P000008_FL48447479—reco_improved_polys_improved_reading_order.xml,990001607210205171:91:/nas/archive/paris-data/automatic_transcriptions/geniza/all_04_improved_reading_order/990001607210205171/IE48447405/IE48447405_P000008_FL48447479—reco_improved_polys_improved_reading_order.xml,ok,,6,3,accepted,
990001566400205171,IE58447269_P000063_FL58447333.jpg,P000063,/nas/archive/paris-data/automatic_transcriptions/geniza/all_04_improved_reading_order/990001566400205171/IE58447269/IE58447269_P000063_FL58447333—reco_improved_polys_improved_reading_order.xml,990001566400205171:92:/nas/archive/paris-data/automatic_transcriptions/geniza/all_04_improved_reading_order/990001566400205171/IE58447269/IE58447269_P000063_FL58447333—reco_improved_polys_improved_reading_order.xml,ok,,608,539,accepted,
990001566400205171,IE58447269_P000049_FL58447319.jpg,P000049,/nas/archive/paris-data/automatic_transcriptions/geniza/all_04_improved_reading_order/990001566400205171/IE58447269/IE58447269_P000049_FL58447319—reco_improved_polys_improved_reading_order.xml,990001566400205171:93:/nas/archive/paris-data/automatic_transcriptions/geniza/all_04_improved_reading_order/990001566400205171/IE58447269/IE58447269_P000049_FL58447319—reco_improved_polys_improved_reading_order.xml,ok,,21,14,accepted,
990053597710205171,IE159221947_P000002_FL159221952.jpg,P000002,/nas/archive/paris-data/automatic_transcriptions/geniza/all_04_improved_reading_order/990053597710205171/IE159221947/IE159221947_P000002_FL159221952—reco_improved_polys_improved_reading_order.xml,990053597710205171:94:/nas/archive/paris-data/automatic_transcriptions/geniza/all_04_improved_reading_order/990053597710205171/IE159221947/IE159221947_P000002_FL159221952—reco_improved_polys_improved_reading_order.xml,ok,,257,167,accepted,
990053597710205171,IE159221947_P000001_FL159221949.jpg,P000001,/nas/archive/paris-data/automatic_transcriptions/geniza/all_04_improved_reading_order/990053597710205171/IE159221947/IE159221947_P000001_FL159221949—reco_improved_polys_improved_reading_order.xml,990053597710205171:95:/nas/archive/paris-data/automatic_transcriptions/geniza/all_04_improved_reading_order/990053597710205171/IE159221947/IE159221947_P000001_FL159221949—reco_improved_polys_improved_reading_order.xml,ok,,347,264,accepted,
990053782430205171,IE170584616_P000001_FL170584618.jpg,P000001,/nas/archive/paris-data/automatic_transcriptions/geniza/all_04_improved_reading_order/990053782430205171/IE170584616/IE170584616_P000001_FL170584618—reco_improved_polys_improved_reading_order.xml,990053782430205171:98:/nas/archive/paris-data/automatic_transcriptions/geniza/all_04_improved_reading_order/990053782430205171/IE170584616/IE170584616_P000001_FL170584618—reco_improved_polys_improved_reading_order.xml,ok,,159,132,accepted,
990053782430205171,IE170584616_P000002_FL170584619.jpg,P000002,/nas/archive/paris-data/automatic_transcriptions/geniza/all_04_improved_reading_order/990053782430205171/IE170584616/IE170584616_P000002_FL170584619—reco_improved_polys_improved_reading_order.xml,990053782430205171:99:/nas/archive/paris-data/automatic_transcriptions/geniza/all_04_improved_reading_order/990053782430205171/IE170584616/IE170584616_P000002_FL170584619—reco_improved_polys_improved_reading_order.xml,ok,,114,99,accepted,
990052002090205171,IE167549309_P000001_FL167549311.jpg,P000001,/nas/archive/paris-data/automatic_transcriptions/geniza/all_04_improved_reading_order/990052002090205171/IE167549309/IE167549309_P000001_FL167549311—reco_improved_polys_improved_reading_order.xml,990052002090205171:100:/nas/archive/paris-data/automatic_transcriptions/geniza/all_04_improved_reading_order/990052002090205171/IE167549309/IE167549309_P000001_FL167549311—reco_improved_polys_improved_reading_order.xml,ok,,30,23,accepted,
990052002090205171,IE167549309_P000002_FL167549312.jpg,P000002,/nas/archive/paris-data/automatic_transcriptions/geniza/all_04_improved_reading_order/990052002090205171/IE167549309/IE167549309_P000002_FL167549312—reco_improved_polys_improved_reading_order.xml,990052002090205171:101:/nas/archive/paris-data/automatic_transcriptions/geniza/all_04_improved_reading_order/990052002090205171/IE167549309/IE167549309_P000002_FL167549312—reco_improved_polys_improved_reading_order.xml,ok,,3,2,accepted,
990051869950205171,IE167317332_P000002_FL167317335.jpg,P000002,/nas/archive/paris-data/automatic_transcriptions/geniza/all_04_improved_reading_order/990051869950205171/IE167317332/IE167317332_P000002_FL167317335—reco_improved_polys_improved_reading_order.xml,990051869950205171:102:/nas/archive/paris-data/automatic_transcriptions/geniza/all_04_improved_reading_order/990051869950205171/IE167317332/IE167317332_P000002_FL167317335—reco_improved_polys_improved_reading_order.xml,ok,,1,1,accepted,
990051869950205171,IE167317332_P000001_FL167317334.jpg,P000001,/nas/archive/paris-data/automatic_transcriptions/geniza/all_04_improved_reading_order/990051869950205171/IE167317332/IE167317332_P000001_FL167317334—reco_improved_polys_improved_reading_order.xml,990051869950205171:103:/nas/archive/paris-data/automatic_transcriptions/geniza/all_04_improved_reading_order/990051869950205171/IE167317332/IE167317332_P000001_FL167317334—reco_improved_polys_improved_reading_order.xml,ok,,2,2,accepted,
990053148420205171,IE154258222_P000002_FL154258225.jpg,P000002,/nas/archive/paris-data/automatic_transcriptions/geniza/all_04_improved_reading_order/990053148420205171/IE154258222/IE154258222_P000002_FL154258225—reco_improved_polys_improved_reading_order.xml,990053148420205171:104:/nas/archive/paris-data/automatic_transcriptions/geniza/all_04_improved_reading_order/990053148420205171/IE154258222/IE154258222_P000002_FL154258225—reco_improved_polys_improved_reading_order.xml,ok,,450,396,accepted,
990053148420205171,IE154258222_P000001_FL154258224.jpg,P000001,/nas/archive/paris-data/automatic_transcriptions/geniza/all_04_improved_reading_order/990053148420205171/IE154258222/IE154258222_P000001_FL154258224—reco_improved_polys_improved_reading_order.xml,990053148420205171:105:/nas/archive/paris-data/automatic_transcriptions/geniza/all_04_improved_reading_order/990053148420205171/IE154258222/IE154258222_P000001_FL154258224—reco_improved_polys_improved_reading_order.xml,ok,,428,371,accepted,
990052364950205171,IE168045287_P000001_FL168045289.jpg,P000001,/nas/archive/paris-data/automatic_transcriptions/geniza/all_04_improved_reading_order/990052364950205171/IE168045287/IE168045287_P000001_FL168045289—reco_improved_polys_improved_reading_order.xml,990052364950205171:106:/nas/archive/paris-data/automatic_transcriptions/geniza/all_04_improved_reading_order/990052364950205171/IE168045287/IE168045287_P000001_FL168045289—reco_improved_polys_improved_reading_order.xml,ok,,37,24,accepted,
990052364950205171,IE168045287_P000002_FL168045290.jpg,P000002,/nas/archive/paris-data/automatic_transcriptions/geniza/all_04_improved_reading_order/990052364950205171/IE168045287/IE168045287_P000002_FL168045290—reco_improved_polys_improved_reading_order.xml,990052364950205171:107:/nas/archive/paris-data/automatic_transcriptions/geniza/all_04_improved_reading_order/990052364950205171/IE168045287/IE168045287_P000002_FL168045290—reco_improved_polys_improved_reading_order.xml,ok,,3,2,accepted,
990002080240205171,IE168568203_P000001_FL168568205.jpg,P000001,/nas/archive/paris-data/automatic_transcriptions/geniza/all_04_improved_reading_order/990002080240205171/IE168568203/IE168568203_P000001_FL168568205—reco_improved_polys_improved_reading_order.xml,990002080240205171:108:/nas/archive/paris-data/automatic_transcriptions/geniza/all_04_improved_reading_order/990002080240205171/IE168568203/IE168568203_P000001_FL168568205—reco_improved_polys_improved_reading_order.xml,ok,,60,40,accepted,
990002080240205171,IE168568203_P000002_FL168568206.jpg,P000002,/nas/archive/paris-data/automatic_transcriptions/geniza/all_04_improved_reading_order/990002080240205171/IE168568203/IE168568203_P000002_FL168568206—reco_improved_polys_improved_reading_order.xml,990002080240205171:109:/nas/archive/paris-data/automatic_transcriptions/geniza/all_04_improved_reading_order/990002080240205171/IE168568203/IE168568203_P000002_FL168568206—reco_improved_polys_improved_reading_order.xml,ok,,55,42,accepted,
990051500300205171,IE161353822_P000002_FL161353828.jpg,P000002,/nas/archive/paris-data/automatic_transcriptions/geniza/all_04_improved_reading_order/990051500300205171/IE161353822/IE161353822_P000002_FL161353828—reco_improved_polys_improved_reading_order.xml,990051500300205171:110:/nas/archive/paris-data/automatic_transcriptions/geniza/all_04_improved_reading_order/990051500300205171/IE161353822/IE161353822_P000002_FL161353828—reco_improved_polys_improved_reading_order.xml,ok,,404,356,accepted,
990051500300205171,IE161353822_P000001_FL161353825.jpg,P000001,/nas/archive/paris-data/automatic_transcriptions/geniza/all_04_improved_reading_order/990051500300205171/IE161353822/IE161353822_P000001_FL161353825—reco_improved_polys_improved_reading_order.xml,990051500300205171:111:/nas/archive/paris-data/automatic_transcriptions/geniza/all_04_improved_reading_order/990051500300205171/IE161353822/IE161353822_P000001_FL161353825—reco_improved_polys_improved_reading_order.xml,ok,,433,383,accepted,
990051870520205171,IE167318637_P000001_FL167318639.jpg,P000001,/nas/archive/paris-data/automatic_transcriptions/geniza/all_04_improved_reading_order/990051870520205171/IE167318637/IE167318637_P000001_FL167318639—reco_improved_polys_improved_reading_order.xml,990051870520205171:114:/nas/archive/paris-data/automatic_transcriptions/geniza/all_04_improved_reading_order/990051870520205171/IE167318637/IE167318637_P000001_FL167318639—reco_improved_polys_improved_reading_order.xml,ok,,137,118,accepted,
990051870520205171,IE167318637_P000002_FL167318640.jpg,P000002,/nas/archive/paris-data/automatic_transcriptions/geniza/all_04_improved_reading_order/990051870520205171/IE167318637/IE167318637_P000002_FL167318640—reco_improved_polys_improved_reading_order.xml,990051870520205171:115:/nas/archive/paris-data/automatic_transcriptions/geniza/all_04_improved_reading_order/990051870520205171/IE167318637/IE167318637_P000002_FL167318640—reco_improved_polys_improved_reading_order.xml,ok,,140,124,accepted,
990051260980205171,IE166083978_P000002_FL166083981.jpg,P000002,/nas/archive/paris-data/automatic_transcriptions/geniza/all_04_improved_reading_order/990051260980205171/IE166083978/IE166083978_P000002_FL166083981—reco_improved_polys_improved_reading_order.xml,990051260980205171:116:/nas/archive/paris-data/automatic_transcriptions/geniza/all_04_improved_reading_order/990051260980205171/IE166083978/IE166083978_P000002_FL166083981—reco_improved_polys_improved_reading_order.xml,ok,,933,848,accepted,
990051260980205171,IE166083978_P000001_FL166083980.jpg,P000001,/nas/archive/paris-data/automatic_transcriptions/geniza/all_04_improved_reading_order/990051260980205171/IE166083978/IE166083978_P000001_FL166083980—reco_improved_polys_improved_reading_order.xml,990051260980205171:117:/nas/archive/paris-data/automatic_transcriptions/geniza/all_04_improved_reading_order/990051260980205171/IE166083978/IE166083978_P000001_FL166083980—reco_improved_polys_improved_reading_order.xml,ok,,898,813,accepted,
990053035820205171,IE147771877_P000001_FL147771879.jpg,P000001,/nas/archive/paris-data/automatic_transcriptions/geniza/all_04_improved_reading_order/990053035820205171/IE147771877/IE147771877_P000001_FL147771879—reco_improved_polys_improved_reading_order.xml,990053035820205171:118:/nas/archive/paris-data/automatic_transcriptions/geniza/all_04_improved_reading_order/990053035820205171/IE147771877/IE147771877_P000001_FL147771879—reco_improved_polys_improved_reading_order.xml,ok,,282,196,accepted,
990053035820205171,IE147771877_P000002_FL147771880.jpg,P000002,/nas/archive/paris-data/automatic_transcriptions/geniza/all_04_improved_reading_order/990053035820205171/IE147771877/IE147771877_P000002_FL147771880—reco_improved_polys_improved_reading_order.xml,990053035820205171:119:/nas/archive/paris-data/automatic_transcriptions/geniza/all_04_improved_reading_order/990053035820205171/IE147771877/IE147771877_P000002_FL147771880—reco_improved_polys_improved_reading_order.xml,ok,,291,204,accepted,
990052205060205171,IE166909790_P000002_FL166909793.jpg,P000002,/nas/archive/paris-data/automatic_transcriptions/geniza/all_04_improved_reading_order/990052205060205171/IE166909790/IE166909790_P000002_FL166909793—reco_improved_polys_improved_reading_order.xml,990052205060205171:120:/nas/archive/paris-data/automatic_transcriptions/geniza/all_04_improved_reading_order/990052205060205171/IE166909790/IE166909790_P000002_FL166909793—reco_improved_polys_improved_reading_order.xml,ok,,74,60,accepted,
990052205060205171,IE166909790_P000001_FL166909792.jpg,P000001,/nas/archive/paris-data/automatic_transcriptions/geniza/all_04_improved_reading_order/990052205060205171/IE166909790/IE166909790_P000001_FL166909792—reco_improved_polys_improved_reading_order.xml,990052205060205171:121:/nas/archive/paris-data/automatic_transcriptions/geniza/all_04_improved_reading_order/990052205060205171/IE166909790/IE166909790_P000001_FL166909792—reco_improved_polys_improved_reading_order.xml,ok,,77,66,accepted,
990001526910205171,IE38469337_P000014_FL38469431.jpg,P000014,/nas/archive/paris-data/automatic_transcriptions/geniza/all_04_improved_reading_order/990001526910205171/IE38469337/IE38469337_P000014_FL38469431—reco_improved_polys_improved_reading_order.xml,990001526910205171:122:/nas/archive/paris-data/automatic_transcriptions/geniza/all_04_improved_reading_order/990001526910205171/IE38469337/IE38469337_P000014_FL38469431—reco_improved_polys_improved_reading_order.xml,ok,,803,714,accepted,
990001526910205171,IE38469337_P000007_FL38469408.jpg,P000007,/nas/archive/paris-data/automatic_transcriptions/geniza/all_04_improved_reading_order/990001526910205171/IE38469337/IE38469337_P000007_FL38469408—reco_improved_polys_improved_reading_order.xml,990001526910205171:123:/nas/archive/paris-data/automatic_transcriptions/geniza/all_04_improved_reading_order/990001526910205171/IE38469337/IE38469337_P000007_FL38469408—reco_improved_polys_improved_reading_order.xml,ok,,898,793,accepted,
990053247960205171,IE159127539_P000002_FL159127542.jpg,P000002,/nas/archive/paris-data/automatic_transcriptions/geniza/all_04_improved_reading_order/990053247960205171/IE159127539/IE159127539_P000002_FL159127542—reco_improved_polys_improved_reading_order.xml,990053247960205171:124:/nas/archive/paris-data/automatic_transcriptions/geniza/all_04_improved_reading_order/990053247960205171/IE159127539/IE159127539_P000002_FL159127542—reco_improved_polys_improved_reading_order.xml,ok,,136,110,accepted,
990053247960205171,IE159127539_P000001_FL159127541.jpg,P000001,/nas/archive/paris-data/automatic_transcriptions/geniza/all_04_improved_reading_order/990053247960205171/IE159127539/IE159127539_P000001_FL159127541—reco_improved_polys_improved_reading_order.xml,990053247960205171:125:/nas/archive/paris-data/automatic_transcriptions/geniza/all_04_improved_reading_order/990053247960205171/IE159127539/IE159127539_P000001_FL159127541—reco_improved_polys_improved_reading_order.xml,ok,,163,130,accepted,
990053172540205171,IE203063707_P000001_FL203063709.jpg,P000001,/nas/archive/paris-data/automatic_transcriptions/geniza/all_04_improved_reading_order/990053172540205171/IE203063707/IE203063707_P000001_FL203063709—reco_improved_polys_improved_reading_order.xml,990053172540205171:126:/nas/archive/paris-data/automatic_transcriptions/geniza/all_04_improved_reading_order/990053172540205171/IE203063707/IE203063707_P000001_FL203063709—reco_improved_polys_improved_reading_order.xml,ok,,313,251,accepted,
990053172540205171,IE203063707_P000002_FL203063710.jpg,P000002,/nas/archive/paris-data/automatic_transcriptions/geniza/all_04_improved_reading_order/990053172540205171/IE203063707/IE203063707_P000002_FL203063710—reco_improved_polys_improved_reading_order.xml,990053172540205171:127:/nas/archive/paris-data/automatic_transcriptions/geniza/all_04_improved_reading_order/990053172540205171/IE203063707/IE203063707_P000002_FL203063710—reco_improved_polys_improved_reading_order.xml,ok,,329,285,accepted,
990001459240205171,IE49395122_P000083_FL49395546.jpg,P000083,/nas/archive/paris-data/automatic_transcriptions/geniza/all_04_improved_reading_order/990001459240205171/IE49395122/IE49395122_P000083_FL49395546—reco_improved_polys_improved_reading_order.xml,990001459240205171:128:/nas/archive/paris-data/automatic_transcriptions/geniza/all_04_improved_reading_order/990001459240205171/IE49395122/IE49395122_P000083_FL49395546—reco_improved_polys_improved_reading_order.xml,ok,,754,706,accepted,
990001459240205171,IE49395122_P000388_FL49397160.jpg,P000388,/nas/archive/paris-data/automatic_transcriptions/geniza/all_04_improved_reading_order/990001459240205171/IE49395122/IE49395122_P000388_FL49397160—reco_improved_polys_improved_reading_order.xml,990001459240205171:129:/nas/archive/paris-data/automatic_transcriptions/geniza/all_04_improved_reading_order/990001459240205171/IE49395122/IE49395122_P000388_FL49397160—reco_improved_polys_improved_reading_order.xml,ok,,565,495,accepted,
990051867570205171,IE167300162_P000002_FL167300166.jpg,P000002,/nas/archive/paris-data/automatic_transcriptions/geniza/all_04_improved_reading_order/990051867570205171/IE167300162/IE167300162_P000002_FL167300166—reco_improved_polys_improved_reading_order.xml,990051867570205171:130:/nas/archive/paris-data/automatic_transcriptions/geniza/all_04_improved_reading_order/990051867570205171/IE167300162/IE167300162_P000002_FL167300166—reco_improved_polys_improved_reading_order.xml,ok,,94,74,accepted,
990051867570205171,IE167300162_P000001_FL167300164.jpg,P000001,/nas/archive/paris-data/automatic_transcriptions/geniza/all_04_improved_reading_order/990051867570205171/IE167300162/IE167300162_P000001_FL167300164—reco_improved_polys_improved_reading_order.xml,990051867570205171:131:/nas/archive/paris-data/automatic_transcriptions/geniza/all_04_improved_reading_order/990051867570205171/IE167300162/IE167300162_P000001_FL167300164—reco_improved_polys_improved_reading_order.xml,ok,,109,92,accepted,
990051582710205171,IE162875985_P000001_FL162875987.jpg,P000001,/nas/archive/paris-data/automatic_transcriptions/geniza/all_04_improved_reading_order/990051582710205171/IE162875985/IE162875985_P000001_FL162875987—reco_improved_polys_improved_reading_order.xml,990051582710205171:132:/nas/archive/paris-data/automatic_transcriptions/geniza/all_04_improved_reading_order/990051582710205171/IE162875985/IE162875985_P000001_FL162875987—reco_improved_polys_improved_reading_order.xml,ok,,123,108,accepted,
990051582710205171,IE162875985_P000002_FL162875988.jpg,P000002,/nas/archive/paris-data/automatic_transcriptions/geniza/all_04_improved_reading_order/990051582710205171/IE162875985/IE162875985_P000002_FL162875988—reco_improved_polys_improved_reading_order.xml,990051582710205171:133:/nas/archive/paris-data/automatic_transcriptions/geniza/all_04_improved_reading_order/990051582710205171/IE162875985/IE162875985_P000002_FL162875988—reco_improved_polys_improved_reading_order.xml,ok,,140,127,accepted,
990053689870205171,IE168598799_P000001_FL168598801.jpg,P000001,/nas/archive/paris-data/automatic_transcriptions/geniza/all_04_improved_reading_order/990053689870205171/IE168598799/IE168598799_P000001_FL168598801—reco_improved_polys_improved_reading_order.xml,990053689870205171:134:/nas/archive/paris-data/automatic_transcriptions/geniza/all_04_improved_reading_order/990053689870205171/IE168598799/IE168598799_P000001_FL168598801—reco_improved_polys_improved_reading_order.xml,ok,,21,18,accepted,
990053689870205171,IE168598799_P000002_FL168598802.jpg,P000002,/nas/archive/paris-data/automatic_transcriptions/geniza/all_04_improved_reading_order/990053689870205171/IE168598799/IE168598799_P000002_FL168598802—reco_improved_polys_improved_reading_order.xml,990053689870205171:135:/nas/archive/paris-data/automatic_transcriptions/geniza/all_04_improved_reading_order/990053689870205171/IE168598799/IE168598799_P000002_FL168598802—reco_improved_polys_improved_reading_order.xml,ok,,27,23,accepted,
990051242670205171,IE166937848_P000002_FL166937851.jpg,P000002,/nas/archive/paris-data/automatic_transcriptions/geniza/all_04_improved_reading_order/990051242670205171/IE166937848/IE166937848_P000002_FL166937851—reco_improved_polys_improved_reading_order.xml,990051242670205171:136:/nas/archive/paris-data/automatic_transcriptions/geniza/all_04_improved_reading_order/990051242670205171/IE166937848/IE166937848_P000002_FL166937851—reco_improved_polys_improved_reading_order.xml,ok,,1016,926,accepted,
990051242670205171,IE166937848_P000003_FL166937852.jpg,P000003,/nas/archive/paris-data/automatic_transcriptions/geniza/all_04_improved_reading_order/990051242670205171/IE166937848/IE166937848_P000003_FL166937852—reco_improved_polys_improved_reading_order.xml,990051242670205171:137:/nas/archive/paris-data/automatic_transcriptions/geniza/all_04_improved_reading_order/990051242670205171/IE166937848/IE166937848_P000003_FL166937852—reco_improved_polys_improved_reading_order.xml,ok,,1339,1227,accepted,
990001589810205171,IE50183774_P000004_FL50183812.jpg,P000004,/nas/archive/paris-data/automatic_transcriptions/geniza/all_04_improved_reading_order/990001589810205171/IE50183774/IE50183774_P000004_FL50183812—reco_improved_polys_improved_reading_order.xml,990001589810205171:138:/nas/archive/paris-data/automatic_transcriptions/geniza/all_04_improved_reading_order/990001589810205171/IE50183774/IE50183774_P000004_FL50183812—reco_improved_polys_improved_reading_order.xml,ok,,9,5,accepted,
990001589810205171,IE50183774_P000002_FL50183798.jpg,P000002,/nas/archive/paris-data/automatic_transcriptions/geniza/all_04_improved_reading_order/990001589810205171/IE50183774/IE50183774_P000002_FL50183798—reco_improved_polys_improved_reading_order.xml,990001589810205171:139:/nas/archive/paris-data/automatic_transcriptions/geniza/all_04_improved_reading_order/990001589810205171/IE50183774/IE50183774_P000002_FL50183798—reco_improved_polys_improved_reading_order.xml,ok,,56,53,accepted,
990052088840205171,IE167677966_P000001_FL167677968.jpg,P000001,/nas/archive/paris-data/automatic_transcriptions/geniza/all_04_improved_reading_order/990052088840205171/IE167677966/IE167677966_P000001_FL167677968—reco_improved_polys_improved_reading_order.xml,990052088840205171:140:/nas/archive/paris-data/automatic_transcriptions/geniza/all_04_improved_reading_order/990052088840205171/IE167677966/IE167677966_P000001_FL167677968—reco_improved_polys_improved_reading_order.xml,ok,,192,146,accepted,
990052088840205171,IE167677966_P000002_FL167677969.jpg,P000002,/nas/archive/paris-data/automatic_transcriptions/geniza/all_04_improved_reading_order/990052088840205171/IE167677966/IE167677966_P000002_FL167677969—reco_improved_polys_improved_reading_order.xml,990052088840205171:141:/nas/archive/paris-data/automatic_transcriptions/geniza/all_04_improved_reading_order/990052088840205171/IE167677966/IE167677966_P000002_FL167677969—reco_improved_polys_improved_reading_order.xml,ok,,103,67,accepted,
990052199100205171,IE166878139_P000002_FL166878143.jpg,P000002,/nas/archive/paris-data/automatic_transcriptions/geniza/all_04_improved_reading_order/990052199100205171/IE166878139/IE166878139_P000002_FL166878143—reco_improved_polys_improved_reading_order.xml,990052199100205171:142:/nas/archive/paris-data/automatic_transcriptions/geniza/all_04_improved_reading_order/990052199100205171/IE166878139/IE166878139_P000002_FL166878143—reco_improved_polys_improved_reading_order.xml,ok,,2,1,accepted,
990052199100205171,IE166878139_P000001_FL166878142.jpg,P000001,/nas/archive/paris-data/automatic_transcriptions/geniza/all_04_improved_reading_order/990052199100205171/IE166878139/IE166878139_P000001_FL166878142—reco_improved_polys_improved_reading_order.xml,990052199100205171:143:/nas/archive/paris-data/automatic_transcriptions/geniza/all_04_improved_reading_order/990052199100205171/IE166878139/IE166878139_P000001_FL166878142—reco_improved_polys_improved_reading_order.xml,ok,,70,56,accepted,
990000911450205171,IE38215057_P000020_FL38215251.jpg,P000020,/nas/archive/paris-data/automatic_transcriptions/geniza/all_04_improved_reading_order/990000911450205171/IE38215057/IE38215057_P000020_FL38215251—reco_improved_polys_improved_reading_order.xml,990000911450205171:144:/nas/archive/paris-data/automatic_transcriptions/geniza/all_04_improved_reading_order/990000911450205171/IE38215057/IE38215057_P000020_FL38215251—reco_improved_polys_improved_reading_order.xml,ok,,776,680,accepted,
990000911450205171,IE38215057_P000007_FL38215124.jpg,P000007,/nas/archive/paris-data/automatic_transcriptions/geniza/all_04_improved_reading_order/990000911450205171/IE38215057/IE38215057_P000007_FL38215124—reco_improved_polys_improved_reading_order.xml,990000911450205171:145:/nas/archive/paris-data/automatic_transcriptions/geniza/all_04_improved_reading_order/990000911450205171/IE38215057/IE38215057_P000007_FL38215124—reco_improved_polys_improved_reading_order.xml,ok,,608,539,accepted,
990052302570205171,IE167680772_P000001_FL167680774.jpg,P000001,/nas/archive/paris-data/automatic_transcriptions/geniza/all_04_improved_reading_order/990052302570205171/IE167680772/IE167680772_P000001_FL167680774—reco_improved_polys_improved_reading_order.xml,990052302570205171:146:/nas/archive/paris-data/automatic_transcriptions/geniza/all_04_improved_reading_order/990052302570205171/IE167680772/IE167680772_P000001_FL167680774—reco_improved_polys_improved_reading_order.xml,ok,,83,71,accepted,
990052302570205171,IE167680772_P000002_FL167680775.jpg,P000002,/nas/archive/paris-data/automatic_transcriptions/geniza/all_04_improved_reading_order/990052302570205171/IE167680772/IE167680772_P000002_FL167680775—reco_improved_polys_improved_reading_order.xml,990052302570205171:147:/nas/archive/paris-data/automatic_transcriptions/geniza/all_04_improved_reading_order/990052302570205171/IE167680772/IE167680772_P000002_FL167680775—reco_improved_polys_improved_reading_order.xml,ok,,125,96,accepted,
990052306080205171,IE167741929_P000002_FL167741932.jpg,P000002,/nas/archive/paris-data/automatic_transcriptions/geniza/all_04_improved_reading_order/990052306080205171/IE167741929/IE167741929_P000002_FL167741932—reco_improved_polys_improved_reading_order.xml,990052306080205171:148:/nas/archive/paris-data/automatic_transcriptions/geniza/all_04_improved_reading_order/990052306080205171/IE167741929/IE167741929_P000002_FL167741932—reco_improved_polys_improved_reading_order.xml,ok,,15,13,accepted,
990052306080205171,IE167741929_P000001_FL167741931.jpg,P000001,/nas/archive/paris-data/automatic_transcriptions/geniza/all_04_improved_reading_order/990052306080205171/IE167741929/IE167741929_P000001_FL167741931—reco_improved_polys_improved_reading_order.xml,990052306080205171:149:/nas/archive/paris-data/automatic_transcriptions/geniza/all_04_improved_reading_order/990052306080205171/IE167741929/IE167741929_P000001_FL167741931—reco_improved_polys_improved_reading_order.xml,ok,,17,16,accepted,
990053145390205171,IE203027452_P000001_FL203027454.jpg,P000001,/nas/archive/paris-data/automatic_transcriptions/geniza/all_04_improved_reading_order/990053145390205171/IE203027452/IE203027452_P000001_FL203027454—reco_improved_polys_improved_reading_order.xml,990053145390205171:150:/nas/archive/paris-data/automatic_transcriptions/geniza/all_04_improved_reading_order/990053145390205171/IE203027452/IE203027452_P000001_FL203027454—reco_improved_polys_improved_reading_order.xml,ok,,647,605,accepted,
990053145390205171,IE203027452_P000002_FL203027455.jpg,P000002,/nas/archive/paris-data/automatic_transcriptions/geniza/all_04_improved_reading_order/990053145390205171/IE203027452/IE203027452_P000002_FL203027455—reco_improved_polys_improved_reading_order.xml,990053145390205171:151:/nas/archive/paris-data/automatic_transcriptions/geniza/all_04_improved_reading_order/990053145390205171/IE203027452/IE203027452_P000002_FL203027455—reco_improved_polys_improved_reading_order.xml,ok,,638,599,accepted,
990053306570205171,IE154202691_P000001_FL154202693.jpg,P000001,/nas/archive/paris-data/automatic_transcriptions/geniza/all_04_improved_reading_order/990053306570205171/IE154202691/IE154202691_P000001_FL154202693—reco_improved_polys_improved_reading_order.xml,990053306570205171:152:/nas/archive/paris-data/automatic_transcriptions/geniza/all_04_improved_reading_order/990053306570205171/IE154202691/IE154202691_P000001_FL154202693—reco_improved_polys_improved_reading_order.xml,ok,,317,267,accepted,
990053306570205171,IE154202691_P000002_FL154202695.jpg,P000002,/nas/archive/paris-data/automatic_transcriptions/geniza/all_04_improved_reading_order/990053306570205171/IE154202691/IE154202691_P000002_FL154202695—reco_improved_polys_improved_reading_order.xml,990053306570205171:153:/nas/archive/paris-data/automatic_transcriptions/geniza/all_04_improved_reading_order/990053306570205171/IE154202691/IE154202691_P000002_FL154202695—reco_improved_polys_improved_reading_order.xml,ok,,318,282,accepted,
990053768300205171,IE168637727_P000003_FL168637731.jpg,P000003,/nas/archive/paris-data/automatic_transcriptions/geniza/all_04_improved_reading_order/990053768300205171/IE168637727/IE168637727_P000003_FL168637731—reco_improved_polys_improved_reading_order.xml,990053768300205171:155:/nas/archive/paris-data/automatic_transcriptions/geniza/all_04_improved_reading_order/990053768300205171/IE168637727/IE168637727_P000003_FL168637731—reco_improved_polys_improved_reading_order.xml,ok,,6,6,accepted,
990051095980205171,IE162807699_P000001_FL162807701.jpg,P000001,/nas/archive/paris-data/automatic_transcriptions/geniza/all_04_improved_reading_order/990051095980205171/IE162807699/IE162807699_P000001_FL162807701—reco_improved_polys_improved_reading_order.xml,990051095980205171:156:/nas/archive/paris-data/automatic_transcriptions/geniza/all_04_improved_reading_order/990051095980205171/IE162807699/IE162807699_P000001_FL162807701—reco_improved_polys_improved_reading_order.xml,ok,,164,132,accepted,
990051095980205171,IE162807699_P000002_FL162807702.jpg,P000002,/nas/archive/paris-data/automatic_transcriptions/geniza/all_04_improved_reading_order/990051095980205171/IE162807699/IE162807699_P000002_FL162807702—reco_improved_polys_improved_reading_order.xml,990051095980205171:157:/nas/archive/paris-data/automatic_transcriptions/geniza/all_04_improved_reading_order/990051095980205171/IE162807699/IE162807699_P000002_FL162807702—reco_improved_polys_improved_reading_order.xml,ok,,148,128,accepted,
990053798010205171,IE162806872_P000002_FL162806875.jpg,P000002,/nas/archive/paris-data/automatic_transcriptions/geniza/all_04_improved_reading_order/990053798010205171/IE162806872/IE162806872_P000002_FL162806875—reco_improved_polys_improved_reading_order.xml,990053798010205171:158:/nas/archive/paris-data/automatic_transcriptions/geniza/all_04_improved_reading_order/990053798010205171/IE162806872/IE162806872_P000002_FL162806875—reco_improved_polys_improved_reading_order.xml,ok,,458,399,accepted,
990053798010205171,IE162806872_P000001_FL162806874.jpg,P000001,/nas/archive/paris-data/automatic_transcriptions/geniza/all_04_improved_reading_order/990053798010205171/IE162806872/IE162806872_P000001_FL162806874—reco_improved_polys_improved_reading_order.xml,990053798010205171:159:/nas/archive/paris-data/automatic_transcriptions/geniza/all_04_improved_reading_order/990053798010205171/IE162806872/IE162806872_P000001_FL162806874—reco_improved_polys_improved_reading_order.xml,ok,,452,381,accepted,
990052321070205171,IE167800558_P000001_FL167800560.jpg,P000001,/nas/archive/paris-data/automatic_transcriptions/geniza/all_04_improved_reading_order/990052321070205171/IE167800558/IE167800558_P000001_FL167800560—reco_improved_polys_improved_reading_order.xml,990052321070205171:160:/nas/archive/paris-data/automatic_transcriptions/geniza/all_04_improved_reading_order/990052321070205171/IE167800558/IE167800558_P000001_FL167800560—reco_improved_polys_improved_reading_order.xml,ok,,722,602,accepted,
990052321070205171,IE167800558_P000002_FL167800561.jpg,P000002,/nas/archive/paris-data/automatic_transcriptions/geniza/all_04_improved_reading_order/990052321070205171/IE167800558/IE167800558_P000002_FL167800561—reco_improved_polys_improved_reading_order.xml,990052321070205171:161:/nas/archive/paris-data/automatic_transcriptions/geniza/all_04_improved_reading_order/990052321070205171/IE167800558/IE167800558_P000002_FL167800561—reco_improved_polys_improved_reading_order.xml,ok,,303,273,accepted,
990052128790205171,IE167731352_P000001_FL167731354.jpg,P000001,/nas/archive/paris-data/automatic_transcriptions/geniza/all_04_improved_reading_order/990052128790205171/IE167731352/IE167731352_P000001_FL167731354—reco_improved_polys_improved_reading_order.xml,990052128790205171:162:/nas/archive/paris-data/automatic_transcriptions/geniza/all_04_improved_reading_order/990052128790205171/IE167731352/IE167731352_P000001_FL167731354—reco_improved_polys_improved_reading_order.xml,ok,,31,20,accepted,
990052128790205171,IE167731352_P000002_FL167731355.jpg,P000002,/nas/archive/paris-data/automatic_transcriptions/geniza/all_04_improved_reading_order/990052128790205171/IE167731352/IE167731352_P000002_FL167731355—reco_improved_polys_improved_reading_order.xml,990052128790205171:163:/nas/archive/paris-data/automatic_transcriptions/geniza/all_04_improved_reading_order/990052128790205171/IE167731352/IE167731352_P000002_FL167731355—reco_improved_polys_improved_reading_order.xml,ok,,12,10,accepted,
990051476260205171,IE161169838_P000001_FL161169840.jpg,P000001,/nas/archive/paris-data/automatic_transcriptions/geniza/all_04_improved_reading_order/990051476260205171/IE161169838/IE161169838_P000001_FL161169840—reco_improved_polys_improved_reading_order.xml,990051476260205171:164:/nas/archive/paris-data/automatic_transcriptions/geniza/all_04_improved_reading_order/990051476260205171/IE161169838/IE161169838_P000001_FL161169840—reco_improved_polys_improved_reading_order.xml,ok,,203,182,accepted,
990051476260205171,IE161169838_P000002_FL161169841.jpg,P000002,/nas/archive/paris-data/automatic_transcriptions/geniza/all_04_improved_reading_order/990051476260205171/IE161169838/IE161169838_P000002_FL161169841—reco_improved_polys_improved_reading_order.xml,990051476260205171:165:/nas/archive/paris-data/automatic_transcriptions/geniza/all_04_improved_reading_order/990051476260205171/IE161169838/IE161169838_P000002_FL161169841—reco_improved_polys_improved_reading_order.xml,ok,,115,94,accepted,
990053241590205171,IE158985938_P000001_FL158985940.jpg,P000001,/nas/archive/paris-data/automatic_transcriptions/geniza/all_04_improved_reading_order/990053241590205171/IE158985938/IE158985938_P000001_FL158985940—reco_improved_polys_improved_reading_order.xml,990053241590205171:166:/nas/archive/paris-data/automatic_transcriptions/geniza/all_04_improved_reading_order/990053241590205171/IE158985938/IE158985938_P000001_FL158985940—reco_improved_polys_improved_reading_order.xml,ok,,205,182,accepted,
990053241590205171,IE158985938_P000002_FL158985943.jpg,P000002,/nas/archive/paris-data/automatic_transcriptions/geniza/all_04_improved_reading_order/990053241590205171/IE158985938/IE158985938_P000002_FL158985943—reco_improved_polys_improved_reading_order.xml,990053241590205171:167:/nas/archive/paris-data/automatic_transcriptions/geniza/all_04_improved_reading_order/990053241590205171/IE158985938/IE158985938_P000002_FL158985943—reco_improved_polys_improved_reading_order.xml,ok,,206,182,accepted,
990052429750205171,IE168263420_P000001_FL168263422.jpg,P000001,/nas/archive/paris-data/automatic_transcriptions/geniza/all_04_improved_reading_order/990052429750205171/IE168263420/IE168263420_P000001_FL168263422—reco_improved_polys_improved_reading_order.xml,990052429750205171:168:/nas/archive/paris-data/automatic_transcriptions/geniza/all_04_improved_reading_order/990052429750205171/IE168263420/IE168263420_P000001_FL168263422—reco_improved_polys_improved_reading_order.xml,ok,,22,14,accepted,
990052429750205171,IE168263420_P000002_FL168263423.jpg,P000002,/nas/archive/paris-data/automatic_transcriptions/geniza/all_04_improved_reading_order/990052429750205171/IE168263420/IE168263420_P000002_FL168263423—reco_improved_polys_improved_reading_order.xml,990052429750205171:169:/nas/archive/paris-data/automatic_transcriptions/geniza/all_04_improved_reading_order/990052429750205171/IE168263420/IE168263420_P000002_FL168263423—reco_improved_polys_improved_reading_order.xml,ok,,10,6,accepted,
990051608490205171,IE167191730_P000002_FL167191733.jpg,P000002,/nas/archive/paris-data/automatic_transcriptions/geniza/all_04_improved_reading_order/990051608490205171/IE167191730/IE167191730_P000002_FL167191733—reco_improved_polys_improved_reading_order.xml,990051608490205171:170:/nas/archive/paris-data/automatic_transcriptions/geniza/all_04_improved_reading_order/990051608490205171/IE167191730/IE167191730_P000002_FL167191733—reco_improved_polys_improved_reading_order.xml,ok,,234,211,accepted,
990051608490205171,IE167191730_P000001_FL167191732.jpg,P000001,/nas/archive/paris-data/automatic_transcriptions/geniza/all_04_improved_reading_order/990051608490205171/IE167191730/IE167191730_P000001_FL167191732—reco_improved_polys_improved_reading_order.xml,990051608490205171:171:/nas/archive/paris-data/automatic_transcriptions/geniza/all_04_improved_reading_order/990051608490205171/IE167191730/IE167191730_P000001_FL167191732—reco_improved_polys_improved_reading_order.xml,ok,,552,497,accepted,
990051237120205171,IE166921083_P000001_FL166921085.jpg,P000001,/nas/archive/paris-data/automatic_transcriptions/geniza/all_04_improved_reading_order/990051237120205171/IE166921083/IE166921083_P000001_FL166921085—reco_improved_polys_improved_reading_order.xml,990051237120205171:172:/nas/archive/paris-data/automatic_transcriptions/geniza/all_04_improved_reading_order/990051237120205171/IE166921083/IE166921083_P000001_FL166921085—reco_improved_polys_improved_reading_order.xml,ok,,223,152,accepted,
990051237120205171,IE166921083_P000002_FL166921086.jpg,P000002,/nas/archive/paris-data/automatic_transcriptions/geniza/all_04_improved_reading_order/990051237120205171/IE166921083/IE166921083_P000002_FL166921086—reco_improved_polys_improved_reading_order.xml,990051237120205171:173:/nas/archive/paris-data/automatic_transcriptions/geniza/all_04_improved_reading_order/990051237120205171/IE166921083/IE166921083_P000002_FL166921086—reco_improved_polys_improved_reading_order.xml,ok,,5,4,accepted,
990001661610205171,IE36929312_P000004_FL36929328.jpg,P000004,/nas/archive/paris-data/automatic_transcriptions/geniza/all_04_improved_reading_order/990001661610205171/IE36929312/IE36929312_P000004_FL36929328—reco_improved_polys_improved_reading_order.xml,990001661610205171:174:/nas/archive/paris-data/automatic_transcriptions/geniza/all_04_improved_reading_order/990001661610205171/IE36929312/IE36929312_P000004_FL36929328—reco_improved_polys_improved_reading_order.xml,ok,,536,459,accepted,
990001661610205171,IE36929312_P000003_FL36929322.jpg,P000003,/nas/archive/paris-data/automatic_transcriptions/geniza/all_04_improved_reading_order/990001661610205171/IE36929312/IE36929312_P000003_FL36929322—reco_improved_polys_improved_reading_order.xml,990001661610205171:175:/nas/archive/paris-data/automatic_transcriptions/geniza/all_04_improved_reading_order/990001661610205171/IE36929312/IE36929312_P000003_FL36929322—reco_improved_polys_improved_reading_order.xml,ok,,968,850,accepted,
990051232820205171,IE165621585_P000001_FL165621587.jpg,P000001,/nas/archive/paris-data/automatic_transcriptions/geniza/all_04_improved_reading_order/990051232820205171/IE165621585/IE165621585_P000001_FL165621587—reco_improved_polys_improved_reading_order.xml,990051232820205171:176:/nas/archive/paris-data/automatic_transcriptions/geniza/all_04_improved_reading_order/990051232820205171/IE165621585/IE165621585_P000001_FL165621587—reco_improved_polys_improved_reading_order.xml,ok,,326,238,accepted,
990051232820205171,IE165621585_P000003_FL165621589.jpg,P000003,/nas/archive/paris-data/automatic_transcriptions/geniza/all_04_improved_reading_order/990051232820205171/IE165621585/IE165621585_P000003_FL165621589—reco_improved_polys_improved_reading_order.xml,990051232820205171:177:/nas/archive/paris-data/automatic_transcriptions/geniza/all_04_improved_reading_order/990051232820205171/IE165621585/IE165621585_P000003_FL165621589—reco_improved_polys_improved_reading_order.xml,ok,,135,113,accepted,
990051585950205171,IE163069018_P000002_FL163069022.jpg,P000002,/nas/archive/paris-data/automatic_transcriptions/geniza/all_04_improved_reading_order/990051585950205171/IE163069018/IE163069018_P000002_FL163069022—reco_improved_polys_improved_reading_order.xml,990051585950205171:178:/nas/archive/paris-data/automatic_transcriptions/geniza/all_04_improved_reading_order/990051585950205171/IE163069018/IE163069018_P000002_FL163069022—reco_improved_polys_improved_reading_order.xml,ok,,19,17,accepted,
990051585950205171,IE163069018_P000001_FL163069020.jpg,P000001,/nas/archive/paris-data/automatic_transcriptions/geniza/all_04_improved_reading_order/990051585950205171/IE163069018/IE163069018_P000001_FL163069020—reco_improved_polys_improved_reading_order.xml,990051585950205171:179:/nas/archive/paris-data/automatic_transcriptions/geniza/all_04_improved_reading_order/990051585950205171/IE163069018/IE163069018_P000001_FL163069020—reco_improved_polys_improved_reading_order.xml,ok,,43,30,accepted,
990052178150205171,IE166802258_P000001_FL166802260.jpg,P000001,/nas/archive/paris-data/automatic_transcriptions/geniza/all_04_improved_reading_order/990052178150205171/IE166802258/IE166802258_P000001_FL166802260—reco_improved_polys_improved_reading_order.xml,990052178150205171:180:/nas/archive/paris-data/automatic_transcriptions/geniza/all_04_improved_reading_order/990052178150205171/IE166802258/IE166802258_P000001_FL166802260—reco_improved_polys_improved_reading_order.xml,ok,,126,108,accepted,
990052178150205171,IE166802258_P000002_FL166802261.jpg,P000002,/nas/archive/paris-data/automatic_transcriptions/geniza/all_04_improved_reading_order/990052178150205171/IE166802258/IE166802258_P000002_FL166802261—reco_improved_polys_improved_reading_order.xml,990052178150205171:181:/nas/archive/paris-data/automatic_transcriptions/geniza/all_04_improved_reading_order/990052178150205171/IE166802258/IE166802258_P000002_FL166802261—reco_improved_polys_improved_reading_order.xml,ok,,36,25,accepted,
990051403710205171,IE168412014_P000001_FL168412016.jpg,P000001,/nas/archive/paris-data/automatic_transcriptions/geniza/all_04_improved_reading_order/990051403710205171/IE168412014/IE168412014_P000001_FL168412016—reco_improved_polys_improved_reading_order.xml,990051403710205171:182:/nas/archive/paris-data/automatic_transcriptions/geniza/all_04_improved_reading_order/990051403710205171/IE168412014/IE168412014_P000001_FL168412016—reco_improved_polys_improved_reading_order.xml,ok,,945,838,accepted,
990051403710205171,IE168412014_P000002_FL168412017.jpg,P000002,/nas/archive/paris-data/automatic_transcriptions/geniza/all_04_improved_reading_order/990051403710205171/IE168412014/IE168412014_P000002_FL168412017—reco_improved_polys_improved_reading_order.xml,990051403710205171:183:/nas/archive/paris-data/automatic_transcriptions/geniza/all_04_improved_reading_order/990051403710205171/IE168412014/IE168412014_P000002_FL168412017—reco_improved_polys_improved_reading_order.xml,ok,,976,884,accepted,
990053313340205171,IE154348292_P000002_FL154348298.jpg,P000002,/nas/archive/paris-data/automatic_transcriptions/geniza/all_04_improved_reading_order/990053313340205171/IE154348292/IE154348292_P000002_FL154348298—reco_improved_polys_improved_reading_order.xml,990053313340205171:184:/nas/archive/paris-data/automatic_transcriptions/geniza/all_04_improved_reading_order/990053313340205171/IE154348292/IE154348292_P000002_FL154348298—reco_improved_polys_improved_reading_order.xml,ok,,105,46,accepted,
990051706080205171,IE169376928_P000001_FL169376930.jpg,P000001,/nas/archive/paris-data/automatic_transcriptions/geniza/all_04_improved_reading_order/990051706080205171/IE169376928/IE169376928_P000001_FL169376930—reco_improved_polys_improved_reading_order.xml,990051706080205171:186:/nas/archive/paris-data/automatic_transcriptions/geniza/all_04_improved_reading_order/990051706080205171/IE169376928/IE169376928_P000001_FL169376930—reco_improved_polys_improved_reading_order.xml,ok,,707,633,accepted,
990053942820205171,IE170627374_P000001_FL170627376.jpg,P000001,/nas/archive/paris-data/automatic_transcriptions/geniza/all_04_improved_reading_order/990053942820205171/IE170627374/IE170627374_P000001_FL170627376—reco_improved_polys_improved_reading_order.xml,990053942820205171:188:/nas/archive/paris-data/automatic_transcriptions/geniza/all_04_improved_reading_order/990053942820205171/IE170627374/IE170627374_P000001_FL170627376—reco_improved_polys_improved_reading_order.xml,ok,,161,125,accepted,
990053942820205171,IE170627374_P000002_FL170627377.jpg,P000002,/nas/archive/paris-data/automatic_transcriptions/geniza/all_04_improved_reading_order/990053942820205171/IE170627374/IE170627374_P000002_FL170627377—reco_improved_polys_improved_reading_order.xml,990053942820205171:189:/nas/archive/paris-data/automatic_transcriptions/geniza/all_04_improved_reading_order/990053942820205171/IE170627374/IE170627374_P000002_FL170627377—reco_improved_polys_improved_reading_order.xml,ok,,1592,1474,accepted,
990051845700205171,IE165609103_P000002_FL165609106.jpg,P000002,/nas/archive/paris-data/automatic_transcriptions/geniza/all_04_improved_reading_order/990051845700205171/IE165609103/IE165609103_P000002_FL165609106—reco_improved_polys_improved_reading_order.xml,990051845700205171:190:/nas/archive/paris-data/automatic_transcriptions/geniza/all_04_improved_reading_order/990051845700205171/IE165609103/IE165609103_P000002_FL165609106—reco_improved_polys_improved_reading_order.xml,ok,,9,6,accepted,
990051845700205171,IE165609103_P000001_FL165609105.jpg,P000001,/nas/archive/paris-data/automatic_transcriptions/geniza/all_04_improved_reading_order/990051845700205171/IE165609103/IE165609103_P000001_FL165609105—reco_improved_polys_improved_reading_order.xml,990051845700205171:191:/nas/archive/paris-data/automatic_transcriptions/geniza/all_04_improved_reading_order/990051845700205171/IE165609103/IE165609103_P000001_FL165609105—reco_improved_polys_improved_reading_order.xml,ok,,3,1,accepted,
990053401720205171,IE203834919_P000001_FL203834921.jpg,P000001,/nas/archive/paris-data/automatic_transcriptions/geniza/all_04_improved_reading_order/990053401720205171/IE203834919/IE203834919_P000001_FL203834921—reco_improved_polys_improved_reading_order.xml,990053401720205171:192:/nas/archive/paris-data/automatic_transcriptions/geniza/all_04_improved_reading_order/990053401720205171/IE203834919/IE203834919_P000001_FL203834921—reco_improved_polys_improved_reading_order.xml,ok,,2349,2141,accepted,
990053401720205171,IE203834919_P000002_FL203834922.jpg,P000002,/nas/archive/paris-data/automatic_transcriptions/geniza/all_04_improved_reading_order/990053401720205171/IE203834919/IE203834919_P000002_FL203834922—reco_improved_polys_improved_reading_order.xml,990053401720205171:193:/nas/archive/paris-data/automatic_transcriptions/geniza/all_04_improved_reading_order/990053401720205171/IE203834919/IE203834919_P000002_FL203834922—reco_improved_polys_improved_reading_order.xml,ok,,2861,2518,accepted,
990051902470205171,IE167394188_P000001_FL167394190.jpg,P000001,/nas/archive/paris-data/automatic_transcriptions/geniza/all_04_improved_reading_order/990051902470205171/IE167394188/IE167394188_P000001_FL167394190—reco_improved_polys_improved_reading_order.xml,990051902470205171:194:/nas/archive/paris-data/automatic_transcriptions/geniza/all_04_improved_reading_order/990051902470205171/IE167394188/IE167394188_P000001_FL167394190—reco_improved_polys_improved_reading_order.xml,ok,,10,7,accepted,
990051902470205171,IE167394188_P000002_FL167394191.jpg,P000002,/nas/archive/paris-data/automatic_transcriptions/geniza/all_04_improved_reading_order/990051902470205171/IE167394188/IE167394188_P000002_FL167394191—reco_improved_polys_improved_reading_order.xml,990051902470205171:195:/nas/archive/paris-data/automatic_transcriptions/geniza/all_04_improved_reading_order/990051902470205171/IE167394188/IE167394188_P000002_FL167394191—reco_improved_polys_improved_reading_order.xml,ok,,46,41,accepted,
990051588820205171,IE163102779_P000001_FL163102781.jpg,P000001,/nas/archive/paris-data/automatic_transcriptions/geniza/all_04_improved_reading_order/990051588820205171/IE163102779/IE163102779_P000001_FL163102781—reco_improved_polys_improved_reading_order.xml,990051588820205171:196:/nas/archive/paris-data/automatic_transcriptions/geniza/all_04_improved_reading_order/990051588820205171/IE163102779/IE163102779_P000001_FL163102781—reco_improved_polys_improved_reading_order.xml,ok,,798,682,accepted,
990051588820205171,IE163102779_P000002_FL163102782.jpg,P000002,/nas/archive/paris-data/automatic_transcriptions/geniza/all_04_improved_reading_order/990051588820205171/IE163102779/IE163102779_P000002_FL163102782—reco_improved_polys_improved_reading_order.xml,990051588820205171:197:/nas/archive/paris-data/automatic_transcriptions/geniza/all_04_improved_reading_order/990051588820205171/IE163102779/IE163102779_P000002_FL163102782—reco_improved_polys_improved_reading_order.xml,ok,,807,697,accepted,
990000925330205171,IE47158278_P000014_FL47158381.jpg,P000014,/nas/archive/paris-data/automatic_transcriptions/geniza/all_04_improved_reading_order/990000925330205171/IE47158278/IE47158278_P000014_FL47158381—reco_improved_polys_improved_reading_order.xml,990000925330205171:200:/nas/archive/paris-data/automatic_transcriptions/geniza/all_04_improved_reading_order/990000925330205171/IE47158278/IE47158278_P000014_FL47158381—reco_improved_polys_improved_reading_order.xml,ok,,1657,1466,accepted,
990051092690205171,IE162723976_P000001_FL162723978.jpg,P000001,/nas/archive/paris-data/automatic_transcriptions/geniza/all_04_improved_reading_order/990051092690205171/IE162723976/IE162723976_P000001_FL162723978—reco_improved_polys_improved_reading_order.xml,990051092690205171:202:/nas/archive/paris-data/automatic_transcriptions/geniza/all_04_improved_reading_order/990051092690205171/IE162723976/IE162723976_P000001_FL162723978—reco_improved_polys_improved_reading_order.xml,ok,,618,561,accepted,
990051092690205171,IE162723976_P000002_FL162723979.jpg,P000002,/nas/archive/paris-data/automatic_transcriptions/geniza/all_04_improved_reading_order/990051092690205171/IE162723976/IE162723976_P000002_FL162723979—reco_improved_polys_improved_reading_order.xml,990051092690205171:203:/nas/archive/paris-data/automatic_transcriptions/geniza/all_04_improved_reading_order/990051092690205171/IE162723976/IE162723976_P000002_FL162723979—reco_improved_polys_improved_reading_order.xml,ok,,10,7,accepted,
990051154650205171,IE169475954_P000002_FL169475957.jpg,P000002,/nas/archive/paris-data/automatic_transcriptions/geniza/all_04_improved_reading_order/990051154650205171/IE169475954/IE169475954_P000002_FL169475957—reco_improved_polys_improved_reading_order.xml,990051154650205171:204:/nas/archive/paris-data/automatic_transcriptions/geniza/all_04_improved_reading_order/990051154650205171/IE169475954/IE169475954_P000002_FL169475957—reco_improved_polys_improved_reading_order.xml,ok,,1641,1378,accepted,
990051154650205171,IE169475954_P000001_FL169475956.jpg,P000001,/nas/archive/paris-data/automatic_transcriptions/geniza/all_04_improved_reading_order/990051154650205171/IE169475954/IE169475954_P000001_FL169475956—reco_improved_polys_improved_reading_order.xml,990051154650205171:205:/nas/archive/paris-data/automatic_transcriptions/geniza/all_04_improved_reading_order/990051154650205171/IE169475954/IE169475954_P000001_FL169475956—reco_improved_polys_improved_reading_order.xml,ok,,1868,1615,accepted,
990051266030205171,IE166212281_P000002_FL166212284.jpg,P000002,/nas/archive/paris-data/automatic_transcriptions/geniza/all_04_improved_reading_order/990051266030205171/IE166212281/IE166212281_P000002_FL166212284—reco_improved_polys_improved_reading_order.xml,990051266030205171:206:/nas/archive/paris-data/automatic_transcriptions/geniza/all_04_improved_reading_order/990051266030205171/IE166212281/IE166212281_P000002_FL166212284—reco_improved_polys_improved_reading_order.xml,ok,,1022,952,accepted,
990051266030205171,IE166212281_P000001_FL166212283.jpg,P000001,/nas/archive/paris-data/automatic_transcriptions/geniza/all_04_improved_reading_order/990051266030205171/IE166212281/IE166212281_P000001_FL166212283—reco_improved_polys_improved_reading_order.xml,990051266030205171:207:/nas/archive/paris-data/automatic_transcriptions/geniza/all_04_improved_reading_order/990051266030205171/IE166212281/IE166212281_P000001_FL166212283—reco_improved_polys_improved_reading_order.xml,ok,,1055,929,accepted,
990051281730205171,IE167040263_P000002_FL167040266.jpg,P000002,/nas/archive/paris-data/automatic_transcriptions/geniza/all_04_improved_reading_order/990051281730205171/IE167040263/IE167040263_P000002_FL167040266—reco_improved_polys_improved_reading_order.xml,990051281730205171:208:/nas/archive/paris-data/automatic_transcriptions/geniza/all_04_improved_reading_order/990051281730205171/IE167040263/IE167040263_P000002_FL167040266—reco_improved_polys_improved_reading_order.xml,ok,,3,2,accepted,
990051281730205171,IE167040263_P000001_FL167040265.jpg,P000001,/nas/archive/paris-data/automatic_transcriptions/geniza/all_04_improved_reading_order/990051281730205171/IE167040263/IE167040263_P000001_FL167040265—reco_improved_polys_improved_reading_order.xml,990051281730205171:209:/nas/archive/paris-data/automatic_transcriptions/geniza/all_04_improved_reading_order/990051281730205171/IE167040263/IE167040263_P000001_FL167040265—reco_improved_polys_improved_reading_order.xml,ok,,517,465,accepted,
990051176170205171,IE201701769_P000001_FL201701771.jpg,P000001,/nas/archive/paris-data/automatic_transcriptions/geniza/all_04_improved_reading_order/990051176170205171/IE201701769/IE201701769_P000001_FL201701771—reco_improved_polys_improved_reading_order.xml,990051176170205171:210:/nas/archive/paris-data/automatic_transcriptions/geniza/all_04_improved_reading_order/990051176170205171/IE201701769/IE201701769_P000001_FL201701771—reco_improved_polys_improved_reading_order.xml,ok,,433,387,accepted,
990051176170205171,IE201701769_P000002_FL201701772.jpg,P000002,/nas/archive/paris-data/automatic_transcriptions/geniza/all_04_improved_reading_order/990051176170205171/IE201701769/IE201701769_P000002_FL201701772—reco_improved_polys_improved_reading_order.xml,990051176170205171:211:/nas/archive/paris-data/automatic_transcriptions/geniza/all_04_improved_reading_order/990051176170205171/IE201701769/IE201701769_P000002_FL201701772—reco_improved_polys_improved_reading_order.xml,ok,,426,388,accepted,
990051399580205171,IE159714243_P000002_FL159714248.jpg,P000002,/nas/archive/paris-data/automatic_transcriptions/geniza/all_04_improved_reading_order/990051399580205171/IE159714243/IE159714243_P000002_FL159714248—reco_improved_polys_improved_reading_order.xml,990051399580205171:212:/nas/archive/paris-data/automatic_transcriptions/geniza/all_04_improved_reading_order/990051399580205171/IE159714243/IE159714243_P000002_FL159714248—reco_improved_polys_improved_reading_order.xml,ok,,684,618,accepted,
990051399580205171,IE159714243_P000001_FL159714245.jpg,P000001,/nas/archive/paris-data/automatic_transcriptions/geniza/all_04_improved_reading_order/990051399580205171/IE159714243/IE159714243_P000001_FL159714245—reco_improved_polys_improved_reading_order.xml,990051399580205171:213:/nas/archive/paris-data/automatic_transcriptions/geniza/all_04_improved_reading_order/990051399580205171/IE159714243/IE159714243_P000001_FL159714245—reco_improved_polys_improved_reading_order.xml,ok,,648,602,accepted,
990001584760205171,IE50050367_P000002_FL50050387.jpg,P000002,/nas/archive/paris-data/automatic_transcriptions/geniza/all_04_improved_reading_order/990001584760205171/IE50050367/IE50050367_P000002_FL50050387—reco_improved_polys_improved_reading_order.xml,990001584760205171:214:/nas/archive/paris-data/automatic_transcriptions/geniza/all_04_improved_reading_order/990001584760205171/IE50050367/IE50050367_P000002_FL50050387—reco_improved_polys_improved_reading_order.xml,ok,,51,39,accepted,
990053231600205171,IE203072881_P000002_FL203072884.jpg,P000002,/nas/archive/paris-data/automatic_transcriptions/geniza/all_04_improved_reading_order/990053231600205171/IE203072881/IE203072881_P000002_FL203072884—reco_improved_polys_improved_reading_order.xml,990053231600205171:216:/nas/archive/paris-data/automatic_transcriptions/geniza/all_04_improved_reading_order/990053231600205171/IE203072881/IE203072881_P000002_FL203072884—reco_improved_polys_improved_reading_order.xml,ok,,223,197,accepted,
990053231600205171,IE203072881_P000001_FL203072883.jpg,P000001,/nas/archive/paris-data/automatic_transcriptions/geniza/all_04_improved_reading_order/990053231600205171/IE203072881/IE203072881_P000001_FL203072883—reco_improved_polys_improved_reading_order.xml,990053231600205171:217:/nas/archive/paris-data/automatic_transcriptions/geniza/all_04_improved_reading_order/990053231600205171/IE203072881/IE203072881_P000001_FL203072883—reco_improved_polys_improved_reading_order.xml,ok,,202,179,accepted,
990053211370205171,IE157540683_P000001_FL157540686.jpg,P000001,/nas/archive/paris-data/automatic_transcriptions/geniza/all_04_improved_reading_order/990053211370205171/IE157540683/IE157540683_P000001_FL157540686—reco_improved_polys_improved_reading_order.xml,990053211370205171:218:/nas/archive/paris-data/automatic_transcriptions/geniza/all_04_improved_reading_order/990053211370205171/IE157540683/IE157540683_P000001_FL157540686—reco_improved_polys_improved_reading_order.xml,ok,,405,311,accepted,
990053211370205171,IE157540683_P000002_FL157540688.jpg,P000002,/nas/archive/paris-data/automatic_transcriptions/geniza/all_04_improved_reading_order/990053211370205171/IE157540683/IE157540683_P000002_FL157540688—reco_improved_polys_improved_reading_order.xml,990053211370205171:219:/nas/archive/paris-data/automatic_transcriptions/geniza/all_04_improved_reading_order/990053211370205171/IE157540683/IE157540683_P000002_FL157540688—reco_improved_polys_improved_reading_order.xml,ok,,350,255,accepted,
990053070310205171,IE148996794_P000001_FL148996797.jpg,P000001,/nas/archive/paris-data/automatic_transcriptions/geniza/all_04_improved_reading_order/990053070310205171/IE148996794/IE148996794_P000001_FL148996797—reco_improved_polys_improved_reading_order.xml,990053070310205171:220:/nas/archive/paris-data/automatic_transcriptions/geniza/all_04_improved_reading_order/990053070310205171/IE148996794/IE148996794_P000001_FL148996797—reco_improved_polys_improved_reading_order.xml,ok,,219,150,accepted,
990053070310205171,IE148996794_P000002_FL148996804.jpg,P000002,/nas/archive/paris-data/automatic_transcriptions/geniza/all_04_improved_reading_order/990053070310205171/IE148996794/IE148996794_P000002_FL148996804—reco_improved_polys_improved_reading_order.xml,990053070310205171:221:/nas/archive/paris-data/automatic_transcriptions/geniza/all_04_improved_reading_order/990053070310205171/IE148996794/IE148996794_P000002_FL148996804—reco_improved_polys_improved_reading_order.xml,ok,,76,50,accepted,
990051477610205171,IE161171585_P000001_FL161171587.jpg,P000001,/nas/archive/paris-data/automatic_transcriptions/geniza/all_04_improved_reading_order/990051477610205171/IE161171585/IE161171585_P000001_FL161171587—reco_improved_polys_improved_reading_order.xml,990051477610205171:222:/nas/archive/paris-data/automatic_transcriptions/geniza/all_04_improved_reading_order/990051477610205171/IE161171585/IE161171585_P000001_FL161171587—reco_improved_polys_improved_reading_order.xml,ok,,517,454,accepted,
990051477610205171,IE161171585_P000002_FL161171592.jpg,P000002,/nas/archive/paris-data/automatic_transcriptions/geniza/all_04_improved_reading_order/990051477610205171/IE161171585/IE161171585_P000002_FL161171592—reco_improved_polys_improved_reading_order.xml,990051477610205171:223:/nas/archive/paris-data/automatic_transcriptions/geniza/all_04_improved_reading_order/990051477610205171/IE161171585/IE161171585_P000002_FL161171592—reco_improved_polys_improved_reading_order.xml,ok,,648,557,accepted,
990051874510205171,IE167331297_P000001_FL167331299.jpg,P000001,/nas/archive/paris-data/automatic_transcriptions/geniza/all_04_improved_reading_order/990051874510205171/IE167331297/IE167331297_P000001_FL167331299—reco_improved_polys_improved_reading_order.xml,990051874510205171:224:/nas/archive/paris-data/automatic_transcriptions/geniza/all_04_improved_reading_order/990051874510205171/IE167331297/IE167331297_P000001_FL167331299—reco_improved_polys_improved_reading_order.xml,ok,,66,53,accepted,
990051874510205171,IE167331297_P000002_FL167331300.jpg,P000002,/nas/archive/paris-data/automatic_transcriptions/geniza/all_04_improved_reading_order/990051874510205171/IE167331297/IE167331297_P000002_FL167331300—reco_improved_polys_improved_reading_order.xml,990051874510205171:225:/nas/archive/paris-data/automatic_transcriptions/geniza/all_04_improved_reading_order/990051874510205171/IE167331297/IE167331297_P000002_FL167331300—reco_improved_polys_improved_reading_order.xml,ok,,40,31,accepted,
990051825820205171,IE165383642_P000001_FL165383644.jpg,P000001,/nas/archive/paris-data/automatic_transcriptions/geniza/all_04_improved_reading_order/990051825820205171/IE165383642/IE165383642_P000001_FL165383644—reco_improved_polys_improved_reading_order.xml,990051825820205171:226:/nas/archive/paris-data/automatic_transcriptions/geniza/all_04_improved_reading_order/990051825820205171/IE165383642/IE165383642_P000001_FL165383644—reco_improved_polys_improved_reading_order.xml,ok,,122,84,accepted,
990051825820205171,IE165383642_P000002_FL165383645.jpg,P000002,/nas/archive/paris-data/automatic_transcriptions/geniza/all_04_improved_reading_order/990051825820205171/IE165383642/IE165383642_P000002_FL165383645—reco_improved_polys_improved_reading_order.xml,990051825820205171:227:/nas/archive/paris-data/automatic_transcriptions/geniza/all_04_improved_reading_order/990051825820205171/IE165383642/IE165383642_P000002_FL165383645—reco_improved_polys_improved_reading_order.xml,ok,,92,63,accepted,
990001588240205171,IE50086220_P000007_FL50086235.jpg,P000007,/nas/archive/paris-data/automatic_transcriptions/geniza/all_04_improved_reading_order/990001588240205171/IE50086220/IE50086220_P000007_FL50086235—reco_improved_polys_improved_reading_order.xml,990001588240205171:228:/nas/archive/paris-data/automatic_transcriptions/geniza/all_04_improved_reading_order/990001588240205171/IE50086220/IE50086220_P000007_FL50086235—reco_improved_polys_improved_reading_order.xml,ok,,514,462,accepted,
990053850210205171,IE165905810_P000002_FL165905813.jpg,P000002,/nas/archive/paris-data/automatic_transcriptions/geniza/all_04_improved_reading_order/990053850210205171/IE165905810/IE165905810_P000002_FL165905813—reco_improved_polys_improved_reading_order.xml,990053850210205171:230:/nas/archive/paris-data/automatic_transcriptions/geniza/all_04_improved_reading_order/990053850210205171/IE165905810/IE165905810_P000002_FL165905813—reco_improved_polys_improved_reading_order.xml,ok,,18,11,accepted,
990053850210205171,IE165905810_P000001_FL165905812.jpg,P000001,/nas/archive/paris-data/automatic_transcriptions/geniza/all_04_improved_reading_order/990053850210205171/IE165905810/IE165905810_P000001_FL165905812—reco_improved_polys_improved_reading_order.xml,990053850210205171:231:/nas/archive/paris-data/automatic_transcriptions/geniza/all_04_improved_reading_order/990053850210205171/IE165905810/IE165905810_P000001_FL165905812—reco_improved_polys_improved_reading_order.xml,ok,,288,202,accepted,
990051321200205171,IE166798206_P000002_FL166798209.jpg,P000002,/nas/archive/paris-data/automatic_transcriptions/geniza/all_04_improved_reading_order/990051321200205171/IE166798206/IE166798206_P000002_FL166798209—reco_improved_polys_improved_reading_order.xml,990051321200205171:234:/nas/archive/paris-data/automatic_transcriptions/geniza/all_04_improved_reading_order/990051321200205171/IE166798206/IE166798206_P000002_FL166798209—reco_improved_polys_improved_reading_order.xml,ok,,838,667,accepted,
990051321200205171,IE166798206_P000001_FL166798208.jpg,P000001,/nas/archive/paris-data/automatic_transcriptions/geniza/all_04_improved_reading_order/990051321200205171/IE166798206/IE166798206_P000001_FL166798208—reco_improved_polys_improved_reading_order.xml,990051321200205171:235:/nas/archive/paris-data/automatic_transcriptions/geniza/all_04_improved_reading_order/990051321200205171/IE166798206/IE166798206_P000001_FL166798208—reco_improved_polys_improved_reading_order.xml,ok,,817,647,accepted,
990053178780205171,IE156715154_P000002_FL156715158.jpg,P000002,/nas/archive/paris-data/automatic_transcriptions/geniza/all_04_improved_reading_order/990053178780205171/IE156715154/IE156715154_P000002_FL156715158—reco_improved_polys_improved_reading_order.xml,990053178780205171:236:/nas/archive/paris-data/automatic_transcriptions/geniza/all_04_improved_reading_order/990053178780205171/IE156715154/IE156715154_P000002_FL156715158—reco_improved_polys_improved_reading_order.xml,ok,,325,278,accepted,
990053178780205171,IE156715154_P000001_FL156715156.jpg,P000001,/nas/archive/paris-data/automatic_transcriptions/geniza/all_04_improved_reading_order/990053178780205171/IE156715154/IE156715154_P000001_FL156715156—reco_improved_polys_improved_reading_order.xml,990053178780205171:237:/nas/archive/paris-data/automatic_transcriptions/geniza/all_04_improved_reading_order/990053178780205171/IE156715154/IE156715154_P000001_FL156715156—reco_improved_polys_improved_reading_order.xml,ok,,531,444,accepted,
990051731180205171,IE202046551_P000001_FL202046553.jpg,P000001,/nas/archive/paris-data/automatic_transcriptions/geniza/all_04_improved_reading_order/990051731180205171/IE202046551/IE202046551_P000001_FL202046553—reco_improved_polys_improved_reading_order.xml,990051731180205171:238:/nas/archive/paris-data/automatic_transcriptions/geniza/all_04_improved_reading_order/990051731180205171/IE202046551/IE202046551_P000001_FL202046553—reco_improved_polys_improved_reading_order.xml,ok,,897,692,accepted,
990051731180205171,IE202046551_P000002_FL202046554.jpg,P000002,/nas/archive/paris-data/automatic_transcriptions/geniza/all_04_improved_reading_order/990051731180205171/IE202046551/IE202046551_P000002_FL202046554—reco_improved_polys_improved_reading_order.xml,990051731180205171:239:/nas/archive/paris-data/automatic_transcriptions/geniza/all_04_improved_reading_order/990051731180205171/IE202046551/IE202046551_P000002_FL202046554—reco_improved_polys_improved_reading_order.xml,ok,,885,660,accepted,
990053719910205171,IE168655143_P000002_FL168655146.jpg,P000002,/nas/archive/paris-data/automatic_transcriptions/geniza/all_04_improved_reading_order/990053719910205171/IE168655143/IE168655143_P000002_FL168655146—reco_improved_polys_improved_reading_order.xml,990053719910205171:240:/nas/archive/paris-data/automatic_transcriptions/geniza/all_04_improved_reading_order/990053719910205171/IE168655143/IE168655143_P000002_FL168655146—reco_improved_polys_improved_reading_order.xml,ok,,89,56,accepted,
990053719910205171,IE168655143_P000001_FL168655145.jpg,P000001,/nas/archive/paris-data/automatic_transcriptions/geniza/all_04_improved_reading_order/990053719910205171/IE168655143/IE168655143_P000001_FL168655145—reco_improved_polys_improved_reading_order.xml,990053719910205171:241:/nas/archive/paris-data/automatic_transcriptions/geniza/all_04_improved_reading_order/990053719910205171/IE168655143/IE168655143_P000001_FL168655145—reco_improved_polys_improved_reading_order.xml,ok,,94,72,accepted,
990051568730205171,IE162818165_P000001_FL162818167.jpg,P000001,/nas/archive/paris-data/automatic_transcriptions/geniza/all_04_improved_reading_order/990051568730205171/IE162818165/IE162818165_P000001_FL162818167—reco_improved_polys_improved_reading_order.xml,990051568730205171:244:/nas/archive/paris-data/automatic_transcriptions/geniza/all_04_improved_reading_order/990051568730205171/IE162818165/IE162818165_P000001_FL162818167—reco_improved_polys_improved_reading_order.xml,ok,,364,334,accepted,
990051568730205171,IE162818165_P000002_FL162818168.jpg,P000002,/nas/archive/paris-data/automatic_transcriptions/geniza/all_04_improved_reading_order/990051568730205171/IE162818165/IE162818165_P000002_FL162818168—reco_improved_polys_improved_reading_order.xml,990051568730205171:245:/nas/archive/paris-data/automatic_transcriptions/geniza/all_04_improved_reading_order/990051568730205171/IE162818165/IE162818165_P000002_FL162818168—reco_improved_polys_improved_reading_order.xml,ok,,289,269,accepted,
990053531500205171,IE168506746_P000002_FL168506749.jpg,P000002,/nas/archive/paris-data/automatic_transcriptions/geniza/all_04_improved_reading_order/990053531500205171/IE168506746/IE168506746_P000002_FL168506749—reco_improved_polys_improved_reading_order.xml,990053531500205171:246:/nas/archive/paris-data/automatic_transcriptions/geniza/all_04_improved_reading_order/990053531500205171/IE168506746/IE168506746_P000002_FL168506749—reco_improved_polys_improved_reading_order.xml,ok,,6,5,accepted,
990053531500205171,IE168506746_P000001_FL168506748.jpg,P000001,/nas/archive/paris-data/automatic_transcriptions/geniza/all_04_improved_reading_order/990053531500205171/IE168506746/IE168506746_P000001_FL168506748—reco_improved_polys_improved_reading_order.xml,990053531500205171:247:/nas/archive/paris-data/automatic_transcriptions/geniza/all_04_improved_reading_order/990053531500205171/IE168506746/IE168506746_P000001_FL168506748—reco_improved_polys_improved_reading_order.xml,ok,,16,16,accepted,
990053498300205171,IE168253793_P000002_FL168253796.jpg,P000002,/nas/archive/paris-data/automatic_transcriptions/geniza/all_04_improved_reading_order/990053498300205171/IE168253793/IE168253793_P000002_FL168253796—reco_improved_polys_improved_reading_order.xml,990053498300205171:248:/nas/archive/paris-data/automatic_transcriptions/geniza/all_04_improved_reading_order/990053498300205171/IE168253793/IE168253793_P000002_FL168253796—reco_improved_polys_improved_reading_order.xml,ok,,215,187,accepted,
990053498300205171,IE168253793_P000001_FL168253795.jpg,P000001,/nas/archive/paris-data/automatic_transcriptions/geniza/all_04_improved_reading_order/990053498300205171/IE168253793/IE168253793_P000001_FL168253795—reco_improved_polys_improved_reading_order.xml,990053498300205171:249:/nas/archive/paris-data/automatic_transcriptions/geniza/all_04_improved_reading_order/990053498300205171/IE168253793/IE168253793_P000001_FL168253795—reco_improved_polys_improved_reading_order.xml,ok,,225,206,accepted,
990053430700205171,IE167745499_P000002_FL167745502.jpg,P000002,/nas/archive/paris-data/automatic_transcriptions/geniza/all_04_improved_reading_order/990053430700205171/IE167745499/IE167745499_P000002_FL167745502—reco_improved_polys_improved_reading_order.xml,990053430700205171:250:/nas/archive/paris-data/automatic_transcriptions/geniza/all_04_improved_reading_order/990053430700205171/IE167745499/IE167745499_P000002_FL167745502—reco_improved_polys_improved_reading_order.xml,ok,,370,344,accepted,
990053430700205171,IE167745499_P000001_FL167745501.jpg,P000001,/nas/archive/paris-data/automatic_transcriptions/geniza/all_04_improved_reading_order/990053430700205171/IE167745499/IE167745499_P000001_FL167745501—reco_improved_polys_improved_reading_order.xml,990053430700205171:251:/nas/archive/paris-data/automatic_transcriptions/geniza/all_04_improved_reading_order/990053430700205171/IE167745499/IE167745499_P000001_FL167745501—reco_improved_polys_improved_reading_order.xml,ok,,289,280,accepted,
990051434420205171,IE160331654_P000002_FL160331661.jpg,P000002,/nas/archive/paris-data/automatic_transcriptions/geniza/all_04_improved_reading_order/990051434420205171/IE160331654/IE160331654_P000002_FL160331661—reco_improved_polys_improved_reading_order.xml,990051434420205171:252:/nas/archive/paris-data/automatic_transcriptions/geniza/all_04_improved_reading_order/990051434420205171/IE160331654/IE160331654_P000002_FL160331661—reco_improved_polys_improved_reading_order.xml,ok,,160,126,accepted,
990051434420205171,IE160331654_P000001_FL160331657.jpg,P000001,/nas/archive/paris-data/automatic_transcriptions/geniza/all_04_improved_reading_order/990051434420205171/IE160331654/IE160331654_P000001_FL160331657—reco_improved_polys_improved_reading_order.xml,990051434420205171:253:/nas/archive/paris-data/automatic_transcriptions/geniza/all_04_improved_reading_order/990051434420205171/IE160331654/IE160331654_P000001_FL160331657—reco_improved_polys_improved_reading_order.xml,ok,,98,80,accepted,
990051869170205171,IE167315150_P000002_FL167315153.jpg,P000002,/nas/archive/paris-data/automatic_transcriptions/geniza/all_04_improved_reading_order/990051869170205171/IE167315150/IE167315150_P000002_FL167315153—reco_improved_polys_improved_reading_order.xml,990051869170205171:256:/nas/archive/paris-data/automatic_transcriptions/geniza/all_04_improved_reading_order/990051869170205171/IE167315150/IE167315150_P000002_FL167315153—reco_improved_polys_improved_reading_order.xml,ok,,7,6,accepted,
990051869170205171,IE167315150_P000001_FL167315152.jpg,P000001,/nas/archive/paris-data/automatic_transcriptions/geniza/all_04_improved_reading_order/990051869170205171/IE167315150/IE167315150_P000001_FL167315152—reco_improved_polys_improved_reading_order.xml,990051869170205171:257:/nas/archive/paris-data/automatic_transcriptions/geniza/all_04_improved_reading_order/990051869170205171/IE167315150/IE167315150_P000001_FL167315152—reco_improved_polys_improved_reading_order.xml,ok,,12,9,accepted,
990051445750205171,IE168432435_P000001_FL168432437.jpg,P000001,/nas/archive/paris-data/automatic_transcriptions/geniza/all_04_improved_reading_order/990051445750205171/IE168432435/IE168432435_P000001_FL168432437—reco_improved_polys_improved_reading_order.xml,990051445750205171:260:/nas/archive/paris-data/automatic_transcriptions/geniza/all_04_improved_reading_order/990051445750205171/IE168432435/IE168432435_P000001_FL168432437—reco_improved_polys_improved_reading_order.xml,ok,,625,458,accepted,
990051445750205171,IE168432435_P000002_FL168432438.jpg,P000002,/nas/archive/paris-data/automatic_transcriptions/geniza/all_04_improved_reading_order/990051445750205171/IE168432435/IE168432435_P000002_FL168432438—reco_improved_polys_improved_reading_order.xml,990051445750205171:261:/nas/archive/paris-data/automatic_transcriptions/geniza/all_04_improved_reading_order/990051445750205171/IE168432435/IE168432435_P000002_FL168432438—reco_improved_polys_improved_reading_order.xml,ok,,555,417,accepted,
990051641540205171,IE164009128_P000001_FL164009130.jpg,P000001,/nas/archive/paris-data/automatic_transcriptions/geniza/all_04_improved_reading_order/990051641540205171/IE164009128/IE164009128_P000001_FL164009130—reco_improved_polys_improved_reading_order.xml,990051641540205171:262:/nas/archive/paris-data/automatic_transcriptions/geniza/all_04_improved_reading_order/990051641540205171/IE164009128/IE164009128_P000001_FL164009130—reco_improved_polys_improved_reading_order.xml,ok,,925,851,accepted,
990051641540205171,IE164009128_P000002_FL164009131.jpg,P000002,/nas/archive/paris-data/automatic_transcriptions/geniza/all_04_improved_reading_order/990051641540205171/IE164009128/IE164009128_P000002_FL164009131—reco_improved_polys_improved_reading_order.xml,990051641540205171:263:/nas/archive/paris-data/automatic_transcriptions/geniza/all_04_improved_reading_order/990051641540205171/IE164009128/IE164009128_P000002_FL164009131—reco_improved_polys_improved_reading_order.xml,ok,,870,803,accepted,
990053698240205171,IE168563207_P000001_FL168563209.jpg,P000001,/nas/archive/paris-data/automatic_transcriptions/geniza/all_04_improved_reading_order/990053698240205171/IE168563207/IE168563207_P000001_FL168563209—reco_improved_polys_improved_reading_order.xml,990053698240205171:264:/nas/archive/paris-data/automatic_transcriptions/geniza/all_04_improved_reading_order/990053698240205171/IE168563207/IE168563207_P000001_FL168563209—reco_improved_polys_improved_reading_order.xml,ok,,12,10,accepted,
990053698240205171,IE168563207_P000002_FL168563210.jpg,P000002,/nas/archive/paris-data/automatic_transcriptions/geniza/all_04_improved_reading_order/990053698240205171/IE168563207/IE168563207_P000002_FL168563210—reco_improved_polys_improved_reading_order.xml,990053698240205171:265:/nas/archive/paris-data/automatic_transcriptions/geniza/all_04_improved_reading_order/990053698240205171/IE168563207/IE168563207_P000002_FL168563210—reco_improved_polys_improved_reading_order.xml,ok,,4,4,accepted,
990051922470205171,IE165844136_P000001_FL165844138.jpg,P000001,/nas/archive/paris-data/automatic_transcriptions/geniza/all_04_improved_reading_order/990051922470205171/IE165844136/IE165844136_P000001_FL165844138—reco_improved_polys_improved_reading_order.xml,990051922470205171:266:/nas/archive/paris-data/automatic_transcriptions/geniza/all_04_improved_reading_order/990051922470205171/IE165844136/IE165844136_P000001_FL165844138—reco_improved_polys_improved_reading_order.xml,ok,,9,9,accepted,
990053838360205171,IE168366792_P000002_FL168366802.jpg,P000002,/nas/archive/paris-data/automatic_transcriptions/geniza/all_04_improved_reading_order/990053838360205171/IE168366792/IE168366792_P000002_FL168366802—reco_improved_polys_improved_reading_order.xml,990053838360205171:268:/nas/archive/paris-data/automatic_transcriptions/geniza/all_04_improved_reading_order/990053838360205171/IE168366792/IE168366792_P000002_FL168366802—reco_improved_polys_improved_reading_order.xml,ok,,173,78,accepted,
990053838360205171,IE168366792_P000001_FL168366794.jpg,P000001,/nas/archive/paris-data/automatic_transcriptions/geniza/all_04_improved_reading_order/990053838360205171/IE168366792/IE168366792_P000001_FL168366794—reco_improved_polys_improved_reading_order.xml,990053838360205171:269:/nas/archive/paris-data/automatic_transcriptions/geniza/all_04_improved_reading_order/990053838360205171/IE168366792/IE168366792_P000001_FL168366794—reco_improved_polys_improved_reading_order.xml,ok,,714,597,accepted,
990051580220205171,IE162843159_P000002_FL162843162.jpg,P000002,/nas/archive/paris-data/automatic_transcriptions/geniza/all_04_improved_reading_order/990051580220205171/IE162843159/IE162843159_P000002_FL162843162—reco_improved_polys_improved_reading_order.xml,990051580220205171:270:/nas/archive/paris-data/automatic_transcriptions/geniza/all_04_improved_reading_order/990051580220205171/IE162843159/IE162843159_P000002_FL162843162—reco_improved_polys_improved_reading_order.xml,ok,,25,22,accepted,
990051580220205171,IE162843159_P000001_FL162843161.jpg,P000001,/nas/archive/paris-data/automatic_transcriptions/geniza/all_04_improved_reading_order/990051580220205171/IE162843159/IE162843159_P000001_FL162843161—reco_improved_polys_improved_reading_order.xml,990051580220205171:271:/nas/archive/paris-data/automatic_transcriptions/geniza/all_04_improved_reading_order/990051580220205171/IE162843159/IE162843159_P000001_FL162843161—reco_improved_polys_improved_reading_order.xml,ok,,3,1,accepted,
990053191410205171,IE157234795_P000001_FL157234797.jpg,P000001,/nas/archive/paris-data/automatic_transcriptions/geniza/all_04_improved_reading_order/990053191410205171/IE157234795/IE157234795_P000001_FL157234797—reco_improved_polys_improved_reading_order.xml,990053191410205171:272:/nas/archive/paris-data/automatic_transcriptions/geniza/all_04_improved_reading_order/990053191410205171/IE157234795/IE157234795_P000001_FL157234797—reco_improved_polys_improved_reading_order.xml,ok,,1045,908,accepted,
990053191410205171,IE157234795_P000002_FL157234799.jpg,P000002,/nas/archive/paris-data/automatic_transcriptions/geniza/all_04_improved_reading_order/990053191410205171/IE157234795/IE157234795_P000002_FL157234799—reco_improved_polys_improved_reading_order.xml,990053191410205171:273:/nas/archive/paris-data/automatic_transcriptions/geniza/all_04_improved_reading_order/990053191410205171/IE157234795/IE157234795_P000002_FL157234799—reco_improved_polys_improved_reading_order.xml,ok,,1056,897,accepted,
990052192060205171,IE166854283_P000001_FL166854285.jpg,P000001,/nas/archive/paris-data/automatic_transcriptions/geniza/all_04_improved_reading_order/990052192060205171/IE166854283/IE166854283_P000001_FL166854285—reco_improved_polys_improved_reading_order.xml,990052192060205171:274:/nas/archive/paris-data/automatic_transcriptions/geniza/all_04_improved_reading_order/990052192060205171/IE166854283/IE166854283_P000001_FL166854285—reco_improved_polys_improved_reading_order.xml,ok,,26,20,accepted,
990053866590205171,IE162809363_P000001_FL162809365.jpg,P000001,/nas/archive/paris-data/automatic_transcriptions/geniza/all_04_improved_reading_order/990053866590205171/IE162809363/IE162809363_P000001_FL162809365—reco_improved_polys_improved_reading_order.xml,990053866590205171:278:/nas/archive/paris-data/automatic_transcriptions/geniza/all_04_improved_reading_order/990053866590205171/IE162809363/IE162809363_P000001_FL162809365—reco_improved_polys_improved_reading_order.xml,ok,,520,417,accepted,
990053866590205171,IE162809363_P000002_FL162809366.jpg,P000002,/nas/archive/paris-data/automatic_transcriptions/geniza/all_04_improved_reading_order/990053866590205171/IE162809363/IE162809363_P000002_FL162809366—reco_improved_polys_improved_reading_order.xml,990053866590205171:279:/nas/archive/paris-data/automatic_transcriptions/geniza/all_04_improved_reading_order/990053866590205171/IE162809363/IE162809363_P000002_FL162809366—reco_improved_polys_improved_reading_order.xml,ok,,491,368,accepted,
990053961360205171,IE160224233_P000002_FL160224248.jpg,P000002,/nas/archive/paris-data/automatic_transcriptions/geniza/all_04_improved_reading_order/990053961360205171/IE160224233/IE160224233_P000002_FL160224248—reco_improved_polys_improved_reading_order.xml,990053961360205171:280:/nas/archive/paris-data/automatic_transcriptions/geniza/all_04_improved_reading_order/990053961360205171/IE160224233/IE160224233_P000002_FL160224248—reco_improved_polys_improved_reading_order.xml,ok,,242,221,accepted,
990053961360205171,IE160224233_P000001_FL160224235.jpg,P000001,/nas/archive/paris-data/automatic_transcriptions/geniza/all_04_improved_reading_order/990053961360205171/IE160224233/IE160224233_P000001_FL160224235—reco_improved_polys_improved_reading_order.xml,990053961360205171:281:/nas/archive/paris-data/automatic_transcriptions/geniza/all_04_improved_reading_order/990053961360205171/IE160224233/IE160224233_P000001_FL160224235—reco_improved_polys_improved_reading_order.xml,ok,,720,640,accepted,
990051658990205171,IE164267434_P000002_FL164267437.jpg,P000002,/nas/archive/paris-data/automatic_transcriptions/geniza/all_04_improved_reading_order/990051658990205171/IE164267434/IE164267434_P000002_FL164267437—reco_improved_polys_improved_reading_order.xml,990051658990205171:282:/nas/archive/paris-data/automatic_transcriptions/geniza/all_04_improved_reading_order/990051658990205171/IE164267434/IE164267434_P000002_FL164267437—reco_improved_polys_improved_reading_order.xml,ok,,20,10,accepted,
990051658990205171,IE164267434_P000001_FL164267436.jpg,P000001,/nas/archive/paris-data/automatic_transcriptions/geniza/all_04_improved_reading_order/990051658990205171/IE164267434/IE164267434_P000001_FL164267436—reco_improved_polys_improved_reading_order.xml,990051658990205171:283:/nas/archive/paris-data/automatic_transcriptions/geniza/all_04_improved_reading_order/990051658990205171/IE164267434/IE164267434_P000001_FL164267436—reco_improved_polys_improved_reading_order.xml,ok,,87,80,accepted,
990051312350205171,IE167111206_P000002_FL167111209.jpg,P000002,/nas/archive/paris-data/automatic_transcriptions/geniza/all_04_improved_reading_order/990051312350205171/IE167111206/IE167111206_P000002_FL167111209—reco_improved_polys_improved_reading_order.xml,990051312350205171:284:/nas/archive/paris-data/automatic_transcriptions/geniza/all_04_improved_reading_order/990051312350205171/IE167111206/IE167111206_P000002_FL167111209—reco_improved_polys_improved_reading_order.xml,ok,,631,568,accepted,
990051312350205171,IE167111206_P000001_FL167111208.jpg,P000001,/nas/archive/paris-data/automatic_transcriptions/geniza/all_04_improved_reading_order/990051312350205171/IE167111206/IE167111206_P000001_FL167111208—reco_improved_polys_improved_reading_order.xml,990051312350205171:285:/nas/archive/paris-data/automatic_transcriptions/geniza/all_04_improved_reading_order/990051312350205171/IE167111206/IE167111206_P000001_FL167111208—reco_improved_polys_improved_reading_order.xml,ok,,504,436,accepted,
990053778250205171,IE168817135_P000001_FL168817137.jpg,P000001,/nas/archive/paris-data/automatic_transcriptions/geniza/all_04_improved_reading_order/990053778250205171/IE168817135/IE168817135_P000001_FL168817137—reco_improved_polys_improved_reading_order.xml,990053778250205171:286:/nas/archive/paris-data/automatic_transcriptions/geniza/all_04_improved_reading_order/990053778250205171/IE168817135/IE168817135_P000001_FL168817137—reco_improved_polys_improved_reading_order.xml,ok,,9,2,accepted,
990053778250205171,IE168817135_P000002_FL168817138.jpg,P000002,/nas/archive/paris-data/automatic_transcriptions/geniza/all_04_improved_reading_order/990053778250205171/IE168817135/IE168817135_P000002_FL168817138—reco_improved_polys_improved_reading_order.xml,990053778250205171:287:/nas/archive/paris-data/automatic_transcriptions/geniza/all_04_improved_reading_order/990053778250205171/IE168817135/IE168817135_P000002_FL168817138—reco_improved_polys_improved_reading_order.xml,ok,,4,2,accepted,
990051682850205171,IE169466887_P000001_FL169466889.jpg,P000001,/nas/archive/paris-data/automatic_transcriptions/geniza/all_04_improved_reading_order/990051682850205171/IE169466887/IE169466887_P000001_FL169466889—reco_improved_polys_improved_reading_order.xml,990051682850205171:288:/nas/archive/paris-data/automatic_transcriptions/geniza/all_04_improved_reading_order/990051682850205171/IE169466887/IE169466887_P000001_FL169466889—reco_improved_polys_improved_reading_order.xml,ok,,714,674,accepted,
990051682850205171,IE169466887_P000002_FL169466890.jpg,P000002,/nas/archive/paris-data/automatic_transcriptions/geniza/all_04_improved_reading_order/990051682850205171/IE169466887/IE169466887_P000002_FL169466890—reco_improved_polys_improved_reading_order.xml,990051682850205171:289:/nas/archive/paris-data/automatic_transcriptions/geniza/all_04_improved_reading_order/990051682850205171/IE169466887/IE169466887_P000002_FL169466890—reco_improved_polys_improved_reading_order.xml,ok,,657,599,accepted,
990053170940205171,IE203063175_P000001_FL203063177.jpg,P000001,/nas/archive/paris-data/automatic_transcriptions/geniza/all_04_improved_reading_order/990053170940205171/IE203063175/IE203063175_P000001_FL203063177—reco_improved_polys_improved_reading_order.xml,990053170940205171:290:/nas/archive/paris-data/automatic_transcriptions/geniza/all_04_improved_reading_order/990053170940205171/IE203063175/IE203063175_P000001_FL203063177—reco_improved_polys_improved_reading_order.xml,ok,,940,860,accepted,
990053170940205171,IE203063175_P000002_FL203063178.jpg,P000002,/nas/archive/paris-data/automatic_transcriptions/geniza/all_04_improved_reading_order/990053170940205171/IE203063175/IE203063175_P000002_FL203063178—reco_improved_polys_improved_reading_order.xml,990053170940205171:291:/nas/archive/paris-data/automatic_transcriptions/geniza/all_04_improved_reading_order/990053170940205171/IE203063175/IE203063175_P000002_FL203063178—reco_improved_polys_improved_reading_order.xml,ok,,962,874,accepted,
990053308440205171,IE203111475_P000001_FL203111477.jpg,P000001,/nas/archive/paris-data/automatic_transcriptions/geniza/all_04_improved_reading_order/990053308440205171/IE203111475/IE203111475_P000001_FL203111477—reco_improved_polys_improved_reading_order.xml,990053308440205171:292:/nas/archive/paris-data/automatic_transcriptions/geniza/all_04_improved_reading_order/990053308440205171/IE203111475/IE203111475_P000001_FL203111477—reco_improved_polys_improved_reading_order.xml,ok,,368,315,accepted,
990053308440205171,IE203111475_P000002_FL203111478.jpg,P000002,/nas/archive/paris-data/automatic_transcriptions/geniza/all_04_improved_reading_order/990053308440205171/IE203111475/IE203111475_P000002_FL203111478—reco_improved_polys_improved_reading_order.xml,990053308440205171:293:/nas/archive/paris-data/automatic_transcriptions/geniza/all_04_improved_reading_order/990053308440205171/IE203111475/IE203111475_P000002_FL203111478—reco_improved_polys_improved_reading_order.xml,ok,,354,292,accepted,
990051844020205171,IE165603294_P000001_FL165603296.jpg,P000001,/nas/archive/paris-data/automatic_transcriptions/geniza/all_04_improved_reading_order/990051844020205171/IE165603294/IE165603294_P000001_FL165603296—reco_improved_polys_improved_reading_order.xml,990051844020205171:295:/nas/archive/paris-data/automatic_transcriptions/geniza/all_04_improved_reading_order/990051844020205171/IE165603294/IE165603294_P000001_FL165603296—reco_improved_polys_improved_reading_order.xml,ok,,122,105,accepted,
990051997330205171,IE167543661_P000001_FL167543663.jpg,P000001,/nas/archive/paris-data/automatic_transcriptions/geniza/all_04_improved_reading_order/990051997330205171/IE167543661/IE167543661_P000001_FL167543663—reco_improved_polys_improved_reading_order.xml,990051997330205171:296:/nas/archive/paris-data/automatic_transcriptions/geniza/all_04_improved_reading_order/990051997330205171/IE167543661/IE167543661_P000001_FL167543663—reco_improved_polys_improved_reading_order.xml,ok,,24,22,accepted,
990051997330205171,IE167543661_P000002_FL167543664.jpg,P000002,/nas/archive/paris-data/automatic_transcriptions/geniza/all_04_improved_reading_order/990051997330205171/IE167543661/IE167543661_P000002_FL167543664—reco_improved_polys_improved_reading_order.xml,990051997330205171:297:/nas/archive/paris-data/automatic_transcriptions/geniza/all_04_improved_reading_order/990051997330205171/IE167543661/IE167543661_P000002_FL167543664—reco_improved_polys_improved_reading_order.xml,ok,,1,1,accepted,
990051123000205171,IE166127345_P000002_FL166127348.jpg,P000002,/nas/archive/paris-data/automatic_transcriptions/geniza/all_04_improved_reading_order/990051123000205171/IE166127345/IE166127345_P000002_FL166127348—reco_improved_polys_improved_reading_order.xml,990051123000205171:298:/nas/archive/paris-data/automatic_transcriptions/geniza/all_04_improved_reading_order/990051123000205171/IE166127345/IE166127345_P000002_FL166127348—reco_improved_polys_improved_reading_order.xml,ok,,20,16,accepted,
990051123000205171,IE166127345_P000001_FL166127347.jpg,P000001,/nas/archive/paris-data/automatic_transcriptions/geniza/all_04_improved_reading_order/990051123000205171/IE166127345/IE166127345_P000001_FL166127347—reco_improved_polys_improved_reading_order.xml,990051123000205171:299:/nas/archive/paris-data/automatic_transcriptions/geniza/all_04_improved_reading_order/990051123000205171/IE166127345/IE166127345_P000001_FL166127347—reco_improved_polys_improved_reading_order.xml,ok,,136,118,accepted,
990001544470205171,IE44858213_P000003_FL44858251.jpg,P000003,/nas/archive/paris-data/automatic_transcriptions/geniza/all_04_improved_reading_order/990001544470205171/IE44858213/IE44858213_P000003_FL44858251—reco_improved_polys_improved_reading_order.xml,990001544470205171:301:/nas/archive/paris-data/automatic_transcriptions/geniza/all_04_improved_reading_order/990001544470205171/IE44858213/IE44858213_P000003_FL44858251—reco_improved_polys_improved_reading_order.xml,ok,,44,33,accepted,
990051859510205171,IE165652285_P000002_FL165652288.jpg,P000002,/nas/archive/paris-data/automatic_transcriptions/geniza/all_04_improved_reading_order/990051859510205171/IE165652285/IE165652285_P000002_FL165652288—reco_improved_polys_improved_reading_order.xml,990051859510205171:302:/nas/archive/paris-data/automatic_transcriptions/geniza/all_04_improved_reading_order/990051859510205171/IE165652285/IE165652285_P000002_FL165652288—reco_improved_polys_improved_reading_order.xml,ok,,81,71,accepted,
990051859510205171,IE165652285_P000001_FL165652287.jpg,P000001,/nas/archive/paris-data/automatic_transcriptions/geniza/all_04_improved_reading_order/990051859510205171/IE165652285/IE165652285_P000001_FL165652287—reco_improved_polys_improved_reading_order.xml,990051859510205171:303:/nas/archive/paris-data/automatic_transcriptions/geniza/all_04_improved_reading_order/990051859510205171/IE165652285/IE165652285_P000001_FL165652287—reco_improved_polys_improved_reading_order.xml,ok,,67,54,accepted,
990051224300205171,IE165559827_P000001_FL165559829.jpg,P000001,/nas/archive/paris-data/automatic_transcriptions/geniza/all_04_improved_reading_order/990051224300205171/IE165559827/IE165559827_P000001_FL165559829—reco_improved_polys_improved_reading_order.xml,990051224300205171:304:/nas/archive/paris-data/automatic_transcriptions/geniza/all_04_improved_reading_order/990051224300205171/IE165559827/IE165559827_P000001_FL165559829—reco_improved_polys_improved_reading_order.xml,ok,,7,3,accepted,
990051224300205171,IE165559827_P000002_FL165559830.jpg,P000002,/nas/archive/paris-data/automatic_transcriptions/geniza/all_04_improved_reading_order/990051224300205171/IE165559827/IE165559827_P000002_FL165559830—reco_improved_polys_improved_reading_order.xml,990051224300205171:305:/nas/archive/paris-data/automatic_transcriptions/geniza/all_04_improved_reading_order/990051224300205171/IE165559827/IE165559827_P000002_FL165559830—reco_improved_polys_improved_reading_order.xml,ok,,498,424,accepted,
990052315330205171,IE167788874_P000001_FL167788876.jpg,P000001,/nas/archive/paris-data/automatic_transcriptions/geniza/all_04_improved_reading_order/990052315330205171/IE167788874/IE167788874_P000001_FL167788876—reco_improved_polys_improved_reading_order.xml,990052315330205171:306:/nas/archive/paris-data/automatic_transcriptions/geniza/all_04_improved_reading_order/990052315330205171/IE167788874/IE167788874_P000001_FL167788876—reco_improved_polys_improved_reading_order.xml,ok,,51,46,accepted,
990052315330205171,IE167788874_P000002_FL167788877.jpg,P000002,/nas/archive/paris-data/automatic_transcriptions/geniza/all_04_improved_reading_order/990052315330205171/IE167788874/IE167788874_P000002_FL167788877—reco_improved_polys_improved_reading_order.xml,990052315330205171:307:/nas/archive/paris-data/automatic_transcriptions/geniza/all_04_improved_reading_order/990052315330205171/IE167788874/IE167788874_P000002_FL167788877—reco_improved_polys_improved_reading_order.xml,ok,,53,49,accepted,
990051387860205171,IE159478688_P000002_FL159478692.jpg,P000002,/nas/archive/paris-data/automatic_transcriptions/geniza/all_04_improved_reading_order/990051387860205171/IE159478688/IE159478688_P000002_FL159478692—reco_improved_polys_improved_reading_order.xml,990051387860205171:308:/nas/archive/paris-data/automatic_transcriptions/geniza/all_04_improved_reading_order/990051387860205171/IE159478688/IE159478688_P000002_FL159478692—reco_improved_polys_improved_reading_order.xml,ok,,370,300,accepted,
990051387860205171,IE159478688_P000001_FL159478691.jpg,P000001,/nas/archive/paris-data/automatic_transcriptions/geniza/all_04_improved_reading_order/990051387860205171/IE159478688/IE159478688_P000001_FL159478691—reco_improved_polys_improved_reading_order.xml,990051387860205171:309:/nas/archive/paris-data/automatic_transcriptions/geniza/all_04_improved_reading_order/990051387860205171/IE159478688/IE159478688_P000001_FL159478691—reco_improved_polys_improved_reading_order.xml,ok,,311,239,accepted,
990052235830205171,IE167176959_P000002_FL167176962.jpg,P000002,/nas/archive/paris-data/automatic_transcriptions/geniza/all_04_improved_reading_order/990052235830205171/IE167176959/IE167176959_P000002_FL167176962—reco_improved_polys_improved_reading_order.xml,990052235830205171:310:/nas/archive/paris-data/automatic_transcriptions/geniza/all_04_improved_reading_order/990052235830205171/IE167176959/IE167176959_P000002_FL167176962—reco_improved_polys_improved_reading_order.xml,ok,,227,145,accepted,
990052235830205171,IE167176959_P000001_FL167176961.jpg,P000001,/nas/archive/paris-data/automatic_transcriptions/geniza/all_04_improved_reading_order/990052235830205171/IE167176959/IE167176959_P000001_FL167176961—reco_improved_polys_improved_reading_order.xml,990052235830205171:311:/nas/archive/paris-data/automatic_transcriptions/geniza/all_04_improved_reading_order/990052235830205171/IE167176959/IE167176959_P000001_FL167176961—reco_improved_polys_improved_reading_order.xml,ok,,186,97,accepted,
990052082460205171,IE167666043_P000001_FL167666045.jpg,P000001,/nas/archive/paris-data/automatic_transcriptions/geniza/all_04_improved_reading_order/990052082460205171/IE167666043/IE167666043_P000001_FL167666045—reco_improved_polys_improved_reading_order.xml,990052082460205171:312:/nas/archive/paris-data/automatic_transcriptions/geniza/all_04_improved_reading_order/990052082460205171/IE167666043/IE167666043_P000001_FL167666045—reco_improved_polys_improved_reading_order.xml,ok,,175,146,accepted,
990052082460205171,IE167666043_P000002_FL167666046.jpg,P000002,/nas/archive/paris-data/automatic_transcriptions/geniza/all_04_improved_reading_order/990052082460205171/IE167666043/IE167666043_P000002_FL167666046—reco_improved_polys_improved_reading_order.xml,990052082460205171:313:/nas/archive/paris-data/automatic_transcriptions/geniza/all_04_improved_reading_order/990052082460205171/IE167666043/IE167666043_P000002_FL167666046—reco_improved_polys_improved_reading_order.xml,ok,,168,140,accepted,
990051333650205171,IE166951141_P000002_FL166951144.jpg,P000002,/nas/archive/paris-data/automatic_transcriptions/geniza/all_04_improved_reading_order/990051333650205171/IE166951141/IE166951141_P000002_FL166951144—reco_improved_polys_improved_reading_order.xml,990051333650205171:314:/nas/archive/paris-data/automatic_transcriptions/geniza/all_04_improved_reading_order/990051333650205171/IE166951141/IE166951141_P000002_FL166951144—reco_improved_polys_improved_reading_order.xml,ok,,104,95,accepted,
990051333650205171,IE166951141_P000001_FL166951143.jpg,P000001,/nas/archive/paris-data/automatic_transcriptions/geniza/all_04_improved_reading_order/990051333650205171/IE166951141/IE166951141_P000001_FL166951143—reco_improved_polys_improved_reading_order.xml,990051333650205171:315:/nas/archive/paris-data/automatic_transcriptions/geniza/all_04_improved_reading_order/990051333650205171/IE166951141/IE166951141_P000001_FL166951143—reco_improved_polys_improved_reading_order.xml,ok,,866,719,accepted,
990052090760205171,IE167681524_P000002_FL167681527.jpg,P000002,/nas/archive/paris-data/automatic_transcriptions/geniza/all_04_improved_reading_order/990052090760205171/IE167681524/IE167681524_P000002_FL167681527—reco_improved_polys_improved_reading_order.xml,990052090760205171:316:/nas/archive/paris-data/automatic_transcriptions/geniza/all_04_improved_reading_order/990052090760205171/IE167681524/IE167681524_P000002_FL167681527—reco_improved_polys_improved_reading_order.xml,ok,,52,47,accepted,
990052090760205171,IE167681524_P000001_FL167681526.jpg,P000001,/nas/archive/paris-data/automatic_transcriptions/geniza/all_04_improved_reading_order/990052090760205171/IE167681524/IE167681524_P000001_FL167681526—reco_improved_polys_improved_reading_order.xml,990052090760205171:317:/nas/archive/paris-data/automatic_transcriptions/geniza/all_04_improved_reading_order/990052090760205171/IE167681524/IE167681524_P000001_FL167681526—reco_improved_polys_improved_reading_order.xml,ok,,39,35,accepted,
990052085980205171,IE167673036_P000001_FL167673038.jpg,P000001,/nas/archive/paris-data/automatic_transcriptions/geniza/all_04_improved_reading_order/990052085980205171/IE167673036/IE167673036_P000001_FL167673038—reco_improved_polys_improved_reading_order.xml,990052085980205171:318:/nas/archive/paris-data/automatic_transcriptions/geniza/all_04_improved_reading_order/990052085980205171/IE167673036/IE167673036_P000001_FL167673038—reco_improved_polys_improved_reading_order.xml,ok,,368,241,accepted,
990052085980205171,IE167673036_P000002_FL167673039.jpg,P000002,/nas/archive/paris-data/automatic_transcriptions/geniza/all_04_improved_reading_order/990052085980205171/IE167673036/IE167673036_P000002_FL167673039—reco_improved_polys_improved_reading_order.xml,990052085980205171:319:/nas/archive/paris-data/automatic_transcriptions/geniza/all_04_improved_reading_order/990052085980205171/IE167673036/IE167673036_P000002_FL167673039—reco_improved_polys_improved_reading_order.xml,ok,,359,265,accepted,
990052385060205171,IE168120345_P000002_FL168120348.jpg,P000002,/nas/archive/paris-data/automatic_transcriptions/geniza/all_04_improved_reading_order/990052385060205171/IE168120345/IE168120345_P000002_FL168120348—reco_improved_polys_improved_reading_order.xml,990052385060205171:320:/nas/archive/paris-data/automatic_transcriptions/geniza/all_04_improved_reading_order/990052385060205171/IE168120345/IE168120345_P000002_FL168120348—reco_improved_polys_improved_reading_order.xml,ok,,152,102,accepted,
990052385060205171,IE168120345_P000001_FL168120347.jpg,P000001,/nas/archive/paris-data/automatic_transcriptions/geniza/all_04_improved_reading_order/990052385060205171/IE168120345/IE168120345_P000001_FL168120347—reco_improved_polys_improved_reading_order.xml,990052385060205171:321:/nas/archive/paris-data/automatic_transcriptions/geniza/all_04_improved_reading_order/990052385060205171/IE168120345/IE168120345_P000001_FL168120347—reco_improved_polys_improved_reading_order.xml,ok,,165,141,accepted,
990051553530205171,IE162642318_P000002_FL162642321.jpg,P000002,/nas/archive/paris-data/automatic_transcriptions/geniza/all_04_improved_reading_order/990051553530205171/IE162642318/IE162642318_P000002_FL162642321—reco_improved_polys_improved_reading_order.xml,990051553530205171:324:/nas/archive/paris-data/automatic_transcriptions/geniza/all_04_improved_reading_order/990051553530205171/IE162642318/IE162642318_P000002_FL162642321—reco_improved_polys_improved_reading_order.xml,ok,,262,167,accepted,
990051553530205171,IE162642318_P000001_FL162642320.jpg,P000001,/nas/archive/paris-data/automatic_transcriptions/geniza/all_04_improved_reading_order/990051553530205171/IE162642318/IE162642318_P000001_FL162642320—reco_improved_polys_improved_reading_order.xml,990051553530205171:325:/nas/archive/paris-data/automatic_transcriptions/geniza/all_04_improved_reading_order/990051553530205171/IE162642318/IE162642318_P000001_FL162642320—reco_improved_polys_improved_reading_order.xml,ok,,404,255,accepted,
990051803750205171,IE167254560_P000002_FL167254563.jpg,P000002,/nas/archive/paris-data/automatic_transcriptions/geniza/all_04_improved_reading_order/990051803750205171/IE167254560/IE167254560_P000002_FL167254563—reco_improved_polys_improved_reading_order.xml,990051803750205171:326:/nas/archive/paris-data/automatic_transcriptions/geniza/all_04_improved_reading_order/990051803750205171/IE167254560/IE167254560_P000002_FL167254563—reco_improved_polys_improved_reading_order.xml,ok,,23,14,accepted,
990051803750205171,IE167254560_P000001_FL167254562.jpg,P000001,/nas/archive/paris-data/automatic_transcriptions/geniza/all_04_improved_reading_order/990051803750205171/IE167254560/IE167254560_P000001_FL167254562—reco_improved_polys_improved_reading_order.xml,990051803750205171:327:/nas/archive/paris-data/automatic_transcriptions/geniza/all_04_improved_reading_order/990051803750205171/IE167254560/IE167254560_P000001_FL167254562—reco_improved_polys_improved_reading_order.xml,ok,,13,7,accepted,
990052382220205171,IE168114403_P000002_FL168114406.jpg,P000002,/nas/archive/paris-data/automatic_transcriptions/geniza/all_04_improved_reading_order/990052382220205171/IE168114403/IE168114403_P000002_FL168114406—reco_improved_polys_improved_reading_order.xml,990052382220205171:328:/nas/archive/paris-data/automatic_transcriptions/geniza/all_04_improved_reading_order/990052382220205171/IE168114403/IE168114403_P000002_FL168114406—reco_improved_polys_improved_reading_order.xml,ok,,26,24,accepted,
990052382220205171,IE168114403_P000001_FL168114405.jpg,P000001,/nas/archive/paris-data/automatic_transcriptions/geniza/all_04_improved_reading_order/990052382220205171/IE168114403/IE168114403_P000001_FL168114405—reco_improved_polys_improved_reading_order.xml,990052382220205171:329:/nas/archive/paris-data/automatic_transcriptions/geniza/all_04_improved_reading_order/990052382220205171/IE168114403/IE168114403_P000001_FL168114405—reco_improved_polys_improved_reading_order.xml,ok,,203,160,accepted,
990053139080205171,IE203018601_P000001_FL203018603.jpg,P000001,/nas/archive/paris-data/automatic_transcriptions/geniza/all_04_improved_reading_order/990053139080205171/IE203018601/IE203018601_P000001_FL203018603—reco_improved_polys_improved_reading_order.xml,990053139080205171:330:/nas/archive/paris-data/automatic_transcriptions/geniza/all_04_improved_reading_order/990053139080205171/IE203018601/IE203018601_P000001_FL203018603—reco_improved_polys_improved_reading_order.xml,ok,,241,205,accepted,
990053139080205171,IE203018601_P000002_FL203018604.jpg,P000002,/nas/archive/paris-data/automatic_transcriptions/geniza/all_04_improved_reading_order/990053139080205171/IE203018601/IE203018601_P000002_FL203018604—reco_improved_polys_improved_reading_order.xml,990053139080205171:331:/nas/archive/paris-data/automatic_transcriptions/geniza/all_04_improved_reading_order/990053139080205171/IE203018601/IE203018601_P000002_FL203018604—reco_improved_polys_improved_reading_order.xml,ok,,196,161,accepted,
990051729890205171,IE164923604_P000002_FL164923607.jpg,P000002,/nas/archive/paris-data/automatic_transcriptions/geniza/all_04_improved_reading_order/990051729890205171/IE164923604/IE164923604_P000002_FL164923607—reco_improved_polys_improved_reading_order.xml,990051729890205171:332:/nas/archive/paris-data/automatic_transcriptions/geniza/all_04_improved_reading_order/990051729890205171/IE164923604/IE164923604_P000002_FL164923607—reco_improved_polys_improved_reading_order.xml,ok,,398,357,accepted,
990051729890205171,IE164923604_P000001_FL164923606.jpg,P000001,/nas/archive/paris-data/automatic_transcriptions/geniza/all_04_improved_reading_order/990051729890205171/IE164923604/IE164923604_P000001_FL164923606—reco_improved_polys_improved_reading_order.xml,990051729890205171:333:/nas/archive/paris-data/automatic_transcriptions/geniza/all_04_improved_reading_order/990051729890205171/IE164923604/IE164923604_P000001_FL164923606—reco_improved_polys_improved_reading_order.xml,ok,,423,371,accepted,
990053301500205171,IE154111902_P000002_FL154111905.jpg,P000002,/nas/archive/paris-data/automatic_transcriptions/geniza/all_04_improved_reading_order/990053301500205171/IE154111902/IE154111902_P000002_FL154111905—reco_improved_polys_improved_reading_order.xml,990053301500205171:334:/nas/archive/paris-data/automatic_transcriptions/geniza/all_04_improved_reading_order/990053301500205171/IE154111902/IE154111902_P000002_FL154111905—reco_improved_polys_improved_reading_order.xml,ok,,7,5,accepted,
990053488710205171,IE168175573_P000002_FL168175576.jpg,P000002,/nas/archive/paris-data/automatic_transcriptions/geniza/all_04_improved_reading_order/990053488710205171/IE168175573/IE168175573_P000002_FL168175576—reco_improved_polys_improved_reading_order.xml,990053488710205171:336:/nas/archive/paris-data/automatic_transcriptions/geniza/all_04_improved_reading_order/990053488710205171/IE168175573/IE168175573_P000002_FL168175576—reco_improved_polys_improved_reading_order.xml,ok,,338,268,accepted,
990053488710205171,IE168175573_P000001_FL168175575.jpg,P000001,/nas/archive/paris-data/automatic_transcriptions/geniza/all_04_improved_reading_order/990053488710205171/IE168175573/IE168175573_P000001_FL168175575—reco_improved_polys_improved_reading_order.xml,990053488710205171:337:/nas/archive/paris-data/automatic_transcriptions/geniza/all_04_improved_reading_order/990053488710205171/IE168175573/IE168175573_P000001_FL168175575—reco_improved_polys_improved_reading_order.xml,ok,,313,271,accepted,
990051945880205171,IE167461585_P000002_FL167461588.jpg,P000002,/nas/archive/paris-data/automatic_transcriptions/geniza/all_04_improved_reading_order/990051945880205171/IE167461585/IE167461585_P000002_FL167461588—reco_improved_polys_improved_reading_order.xml,990051945880205171:338:/nas/archive/paris-data/automatic_transcriptions/geniza/all_04_improved_reading_order/990051945880205171/IE167461585/IE167461585_P000002_FL167461588—reco_improved_polys_improved_reading_order.xml,ok,,6,3,accepted,
990051945880205171,IE167461585_P000001_FL167461587.jpg,P000001,/nas/archive/paris-data/automatic_transcriptions/geniza/all_04_improved_reading_order/990051945880205171/IE167461585/IE167461585_P000001_FL167461587—reco_improved_polys_improved_reading_order.xml,990051945880205171:339:/nas/archive/paris-data/automatic_transcriptions/geniza/all_04_improved_reading_order/990051945880205171/IE167461585/IE167461585_P000001_FL167461587—reco_improved_polys_improved_reading_order.xml,ok,,1,1,accepted,
990053084510205171,IE149607167_P000002_FL149607176.jpg,P000002,/nas/archive/paris-data/automatic_transcriptions/geniza/all_04_improved_reading_order/990053084510205171/IE149607167/IE149607167_P000002_FL149607176—reco_improved_polys_improved_reading_order.xml,990053084510205171:340:/nas/archive/paris-data/automatic_transcriptions/geniza/all_04_improved_reading_order/990053084510205171/IE149607167/IE149607167_P000002_FL149607176—reco_improved_polys_improved_reading_order.xml,ok,,83,65,accepted,
990053084510205171,IE149607167_P000001_FL149607169.jpg,P000001,/nas/archive/paris-data/automatic_transcriptions/geniza/all_04_improved_reading_order/990053084510205171/IE149607167/IE149607167_P000001_FL149607169—reco_improved_polys_improved_reading_order.xml,990053084510205171:341:/nas/archive/paris-data/automatic_transcriptions/geniza/all_04_improved_reading_order/990053084510205171/IE149607167/IE149607167_P000001_FL149607169—reco_improved_polys_improved_reading_order.xml,ok,,46,37,accepted,
990052280690205171,IE167533953_P000001_FL167533955.jpg,P000001,/nas/archive/paris-data/automatic_transcriptions/geniza/all_04_improved_reading_order/990052280690205171/IE167533953/IE167533953_P000001_FL167533955—reco_improved_polys_improved_reading_order.xml,990052280690205171:342:/nas/archive/paris-data/automatic_transcriptions/geniza/all_04_improved_reading_order/990052280690205171/IE167533953/IE167533953_P000001_FL167533955—reco_improved_polys_improved_reading_order.xml,ok,,44,34,accepted,
990052151340205171,IE166727140_P000002_FL166727143.jpg,P000002,/nas/archive/paris-data/automatic_transcriptions/geniza/all_04_improved_reading_order/990052151340205171/IE166727140/IE166727140_P000002_FL166727143—reco_improved_polys_improved_reading_order.xml,990052151340205171:344:/nas/archive/paris-data/automatic_transcriptions/geniza/all_04_improved_reading_order/990052151340205171/IE166727140/IE166727140_P000002_FL166727143—reco_improved_polys_improved_reading_order.xml,ok,,71,56,accepted,
990052151340205171,IE166727140_P000001_FL166727142.jpg,P000001,/nas/archive/paris-data/automatic_transcriptions/geniza/all_04_improved_reading_order/990052151340205171/IE166727140/IE166727140_P000001_FL166727142—reco_improved_polys_improved_reading_order.xml,990052151340205171:345:/nas/archive/paris-data/automatic_transcriptions/geniza/all_04_improved_reading_order/990052151340205171/IE166727140/IE166727140_P000001_FL166727142—reco_improved_polys_improved_reading_order.xml,ok,,54,35,accepted,
990051648130205171,IE164069615_P000001_FL164069617.jpg,P000001,/nas/archive/paris-data/automatic_transcriptions/geniza/all_04_improved_reading_order/990051648130205171/IE164069615/IE164069615_P000001_FL164069617—reco_improved_polys_improved_reading_order.xml,990051648130205171:346:/nas/archive/paris-data/automatic_transcriptions/geniza/all_04_improved_reading_order/990051648130205171/IE164069615/IE164069615_P000001_FL164069617—reco_improved_polys_improved_reading_order.xml,ok,,231,205,accepted,
990051648130205171,IE164069615_P000002_FL164069618.jpg,P000002,/nas/archive/paris-data/automatic_transcriptions/geniza/all_04_improved_reading_order/990051648130205171/IE164069615/IE164069615_P000002_FL164069618—reco_improved_polys_improved_reading_order.xml,990051648130205171:347:/nas/archive/paris-data/automatic_transcriptions/geniza/all_04_improved_reading_order/990051648130205171/IE164069615/IE164069615_P000002_FL164069618—reco_improved_polys_improved_reading_order.xml,ok,,233,194,accepted,
990051095140205171,IE162745459_P000001_FL162745461.jpg,P000001,/nas/archive/paris-data/automatic_transcriptions/geniza/all_04_improved_reading_order/990051095140205171/IE162745459/IE162745459_P000001_FL162745461—reco_improved_polys_improved_reading_order.xml,990051095140205171:348:/nas/archive/paris-data/automatic_transcriptions/geniza/all_04_improved_reading_order/990051095140205171/IE162745459/IE162745459_P000001_FL162745461—reco_improved_polys_improved_reading_order.xml,ok,,48,39,accepted,
990051095140205171,IE162745459_P000002_FL162745462.jpg,P000002,/nas/archive/paris-data/automatic_transcriptions/geniza/all_04_improved_reading_order/990051095140205171/IE162745459/IE162745459_P000002_FL162745462—reco_improved_polys_improved_reading_order.xml,990051095140205171:349:/nas/archive/paris-data/automatic_transcriptions/geniza/all_04_improved_reading_order/990051095140205171/IE162745459/IE162745459_P000002_FL162745462—reco_improved_polys_improved_reading_order.xml,ok,,57,47,accepted,
990051872000205171,IE167326695_P000002_FL167326698.jpg,P000002,/nas/archive/paris-data/automatic_transcriptions/geniza/all_04_improved_reading_order/990051872000205171/IE167326695/IE167326695_P000002_FL167326698—reco_improved_polys_improved_reading_order.xml,990051872000205171:350:/nas/archive/paris-data/automatic_transcriptions/geniza/all_04_improved_reading_order/990051872000205171/IE167326695/IE167326695_P000002_FL167326698—reco_improved_polys_improved_reading_order.xml,ok,,20,19,accepted,
990051872000205171,IE167326695_P000001_FL167326697.jpg,P000001,/nas/archive/paris-data/automatic_transcriptions/geniza/all_04_improved_reading_order/990051872000205171/IE167326695/IE167326695_P000001_FL167326697—reco_improved_polys_improved_reading_order.xml,990051872000205171:351:/nas/archive/paris-data/automatic_transcriptions/geniza/all_04_improved_reading_order/990051872000205171/IE167326695/IE167326695_P000001_FL167326697—reco_improved_polys_improved_reading_order.xml,ok,,24,20,accepted,
990053003080205171,IE147453405_P000001_FL147453408.jpg,P000001,/nas/archive/paris-data/automatic_transcriptions/geniza/all_04_improved_reading_order/990053003080205171/IE147453405/IE147453405_P000001_FL147453408—reco_improved_polys_improved_reading_order.xml,990053003080205171:352:/nas/archive/paris-data/automatic_transcriptions/geniza/all_04_improved_reading_order/990053003080205171/IE147453405/IE147453405_P000001_FL147453408—reco_improved_polys_improved_reading_order.xml,ok,,320,294,accepted,
990053003080205171,IE147453405_P000002_FL147453409.jpg,P000002,/nas/archive/paris-data/automatic_transcriptions/geniza/all_04_improved_reading_order/990053003080205171/IE147453405/IE147453405_P000002_FL147453409—reco_improved_polys_improved_reading_order.xml,990053003080205171:353:/nas/archive/paris-data/automatic_transcriptions/geniza/all_04_improved_reading_order/990053003080205171/IE147453405/IE147453405_P000002_FL147453409—reco_improved_polys_improved_reading_order.xml,ok,,63,55,accepted,
990051745900205171,IE164968635_P000002_FL164968638.jpg,P000002,/nas/archive/paris-data/automatic_transcriptions/geniza/all_04_improved_reading_order/990051745900205171/IE164968635/IE164968635_P000002_FL164968638—reco_improved_polys_improved_reading_order.xml,990051745900205171:354:/nas/archive/paris-data/automatic_transcriptions/geniza/all_04_improved_reading_order/990051745900205171/IE164968635/IE164968635_P000002_FL164968638—reco_improved_polys_improved_reading_order.xml,ok,,9,8,accepted,
990051745900205171,IE164968635_P000001_FL164968637.jpg,P000001,/nas/archive/paris-data/automatic_transcriptions/geniza/all_04_improved_reading_order/990051745900205171/IE164968635/IE164968635_P000001_FL164968637—reco_improved_polys_improved_reading_order.xml,990051745900205171:355:/nas/archive/paris-data/automatic_transcriptions/geniza/all_04_improved_reading_order/990051745900205171/IE164968635/IE164968635_P000001_FL164968637—reco_improved_polys_improved_reading_order.xml,ok,,19,15,accepted,
990052162240205171,IE166761977_P000001_FL166761979.jpg,P000001,/nas/archive/paris-data/automatic_transcriptions/geniza/all_04_improved_reading_order/990052162240205171/IE166761977/IE166761977_P000001_FL166761979—reco_improved_polys_improved_reading_order.xml,990052162240205171:356:/nas/archive/paris-data/automatic_transcriptions/geniza/all_04_improved_reading_order/990052162240205171/IE166761977/IE166761977_P000001_FL166761979—reco_improved_polys_improved_reading_order.xml,ok,,353,310,accepted,
990051528350205171,IE167130158_P000001_FL167130160.jpg,P000001,/nas/archive/paris-data/automatic_transcriptions/geniza/all_04_improved_reading_order/990051528350205171/IE167130158/IE167130158_P000001_FL167130160—reco_improved_polys_improved_reading_order.xml,990051528350205171:358:/nas/archive/paris-data/automatic_transcriptions/geniza/all_04_improved_reading_order/990051528350205171/IE167130158/IE167130158_P000001_FL167130160—reco_improved_polys_improved_reading_order.xml,ok,,449,382,accepted,
990051528350205171,IE167130158_P000002_FL167130161.jpg,P000002,/nas/archive/paris-data/automatic_transcriptions/geniza/all_04_improved_reading_order/990051528350205171/IE167130158/IE167130158_P000002_FL167130161—reco_improved_polys_improved_reading_order.xml,990051528350205171:359:/nas/archive/paris-data/automatic_transcriptions/geniza/all_04_improved_reading_order/990051528350205171/IE167130158/IE167130158_P000002_FL167130161—reco_improved_polys_improved_reading_order.xml,ok,,193,167,accepted,
990051728580205171,IE202028036_P000001_FL202028038.jpg,P000001,/nas/archive/paris-data/automatic_transcriptions/geniza/all_04_improved_reading_order/990051728580205171/IE202028036/IE202028036_P000001_FL202028038—reco_improved_polys_improved_reading_order.xml,990051728580205171:360:/nas/archive/paris-data/automatic_transcriptions/geniza/all_04_improved_reading_order/990051728580205171/IE202028036/IE202028036_P000001_FL202028038—reco_improved_polys_improved_reading_order.xml,ok,,633,481,accepted,
990051728580205171,IE202028036_P000002_FL202028039.jpg,P000002,/nas/archive/paris-data/automatic_transcriptions/geniza/all_04_improved_reading_order/990051728580205171/IE202028036/IE202028036_P000002_FL202028039—reco_improved_polys_improved_reading_order.xml,990051728580205171:361:/nas/archive/paris-data/automatic_transcriptions/geniza/all_04_improved_reading_order/990051728580205171/IE202028036/IE202028036_P000002_FL202028039—reco_improved_polys_improved_reading_order.xml,ok,,732,563,accepted,
990053515740205171,IE168339499_P000001_FL168339501.jpg,P000001,/nas/archive/paris-data/automatic_transcriptions/geniza/all_04_improved_reading_order/990053515740205171/IE168339499/IE168339499_P000001_FL168339501—reco_improved_polys_improved_reading_order.xml,990053515740205171:362:/nas/archive/paris-data/automatic_transcriptions/geniza/all_04_improved_reading_order/990053515740205171/IE168339499/IE168339499_P000001_FL168339501—reco_improved_polys_improved_reading_order.xml,ok,,980,854,accepted,
990053515740205171,IE168339499_P000002_FL168339502.jpg,P000002,/nas/archive/paris-data/automatic_transcriptions/geniza/all_04_improved_reading_order/990053515740205171/IE168339499/IE168339499_P000002_FL168339502—reco_improved_polys_improved_reading_order.xml,990053515740205171:363:/nas/archive/paris-data/automatic_transcriptions/geniza/all_04_improved_reading_order/990053515740205171/IE168339499/IE168339499_P000002_FL168339502—reco_improved_polys_improved_reading_order.xml,ok,,1007,885,accepted,
990051189420205171,IE202915082_P000005_FL202915088.jpg,P000005,/nas/archive/paris-data/automatic_transcriptions/geniza/all_04_improved_reading_order/990051189420205171/IE202915082/IE202915082_P000005_FL202915088—reco_improved_polys_improved_reading_order.xml,990051189420205171:364:/nas/archive/paris-data/automatic_transcriptions/geniza/all_04_improved_reading_order/990051189420205171/IE202915082/IE202915082_P000005_FL202915088—reco_improved_polys_improved_reading_order.xml,ok,,454,402,accepted,
990051189420205171,IE202915082_P000002_FL202915085.jpg,P000002,/nas/archive/paris-data/automatic_transcriptions/geniza/all_04_improved_reading_order/990051189420205171/IE202915082/IE202915082_P000002_FL202915085—reco_improved_polys_improved_reading_order.xml,990051189420205171:365:/nas/archive/paris-data/automatic_transcriptions/geniza/all_04_improved_reading_order/990051189420205171/IE202915082/IE202915082_P000002_FL202915085—reco_improved_polys_improved_reading_order.xml,ok,,661,545,accepted,
990053712970205171,IE168622527_P000001_FL168622529.jpg,P000001,/nas/archive/paris-data/automatic_transcriptions/geniza/all_04_improved_reading_order/990053712970205171/IE168622527/IE168622527_P000001_FL168622529—reco_improved_polys_improved_reading_order.xml,990053712970205171:368:/nas/archive/paris-data/automatic_transcriptions/geniza/all_04_improved_reading_order/990053712970205171/IE168622527/IE168622527_P000001_FL168622529—reco_improved_polys_improved_reading_order.xml,ok,,113,94,accepted,
990053712970205171,IE168622527_P000002_FL168622530.jpg,P000002,/nas/archive/paris-data/automatic_transcriptions/geniza/all_04_improved_reading_order/990053712970205171/IE168622527/IE168622527_P000002_FL168622530—reco_improved_polys_improved_reading_order.xml,990053712970205171:369:/nas/archive/paris-data/automatic_transcriptions/geniza/all_04_improved_reading_order/990053712970205171/IE168622527/IE168622527_P000002_FL168622530—reco_improved_polys_improved_reading_order.xml,ok,,65,48,accepted,
990053440300205171,IE167803348_P000002_FL167803351.jpg,P000002,/nas/archive/paris-data/automatic_transcriptions/geniza/all_04_improved_reading_order/990053440300205171/IE167803348/IE167803348_P000002_FL167803351—reco_improved_polys_improved_reading_order.xml,990053440300205171:370:/nas/archive/paris-data/automatic_transcriptions/geniza/all_04_improved_reading_order/990053440300205171/IE167803348/IE167803348_P000002_FL167803351—reco_improved_polys_improved_reading_order.xml,ok,,402,376,accepted,
990053440300205171,IE167803348_P000001_FL167803350.jpg,P000001,/nas/archive/paris-data/automatic_transcriptions/geniza/all_04_improved_reading_order/990053440300205171/IE167803348/IE167803348_P000001_FL167803350—reco_improved_polys_improved_reading_order.xml,990053440300205171:371:/nas/archive/paris-data/automatic_transcriptions/geniza/all_04_improved_reading_order/990053440300205171/IE167803348/IE167803348_P000001_FL167803350—reco_improved_polys_improved_reading_order.xml,ok,,466,442,accepted,
990052303650205171,IE167685286_P000001_FL167685288.jpg,P000001,/nas/archive/paris-data/automatic_transcriptions/geniza/all_04_improved_reading_order/990052303650205171/IE167685286/IE167685286_P000001_FL167685288—reco_improved_polys_improved_reading_order.xml,990052303650205171:372:/nas/archive/paris-data/automatic_transcriptions/geniza/all_04_improved_reading_order/990052303650205171/IE167685286/IE167685286_P000001_FL167685288—reco_improved_polys_improved_reading_order.xml,ok,,55,31,accepted,
990052303650205171,IE167685286_P000002_FL167685289.jpg,P000002,/nas/archive/paris-data/automatic_transcriptions/geniza/all_04_improved_reading_order/990052303650205171/IE167685286/IE167685286_P000002_FL167685289—reco_improved_polys_improved_reading_order.xml,990052303650205171:373:/nas/archive/paris-data/automatic_transcriptions/geniza/all_04_improved_reading_order/990052303650205171/IE167685286/IE167685286_P000002_FL167685289—reco_improved_polys_improved_reading_order.xml,ok,,47,30,accepted,
990052010240205171,IE203005017_P000001_FL203005019.jpg,P000001,/nas/archive/paris-data/automatic_transcriptions/geniza/all_04_improved_reading_order/990052010240205171/IE203005017/IE203005017_P000001_FL203005019—reco_improved_polys_improved_reading_order.xml,990052010240205171:374:/nas/archive/paris-data/automatic_transcriptions/geniza/all_04_improved_reading_order/990052010240205171/IE203005017/IE203005017_P000001_FL203005019—reco_improved_polys_improved_reading_order.xml,ok,,73,61,accepted,
990052010240205171,IE203005017_P000002_FL203005020.jpg,P000002,/nas/archive/paris-data/automatic_transcriptions/geniza/all_04_improved_reading_order/990052010240205171/IE203005017/IE203005017_P000002_FL203005020—reco_improved_polys_improved_reading_order.xml,990052010240205171:375:/nas/archive/paris-data/automatic_transcriptions/geniza/all_04_improved_reading_order/990052010240205171/IE203005017/IE203005017_P000002_FL203005020—reco_improved_polys_improved_reading_order.xml,ok,,8,5,accepted,
990053646930205171,IE168343105_P000002_FL168343108.jpg,P000002,/nas/archive/paris-data/automatic_transcriptions/geniza/all_04_improved_reading_order/990053646930205171/IE168343105/IE168343105_P000002_FL168343108—reco_improved_polys_improved_reading_order.xml,990053646930205171:376:/nas/archive/paris-data/automatic_transcriptions/geniza/all_04_improved_reading_order/990053646930205171/IE168343105/IE168343105_P000002_FL168343108—reco_improved_polys_improved_reading_order.xml,ok,,401,362,accepted,
990053646930205171,IE168343105_P000001_FL168343107.jpg,P000001,/nas/archive/paris-data/automatic_transcriptions/geniza/all_04_improved_reading_order/990053646930205171/IE168343105/IE168343105_P000001_FL168343107—reco_improved_polys_improved_reading_order.xml,990053646930205171:377:/nas/archive/paris-data/automatic_transcriptions/geniza/all_04_improved_reading_order/990053646930205171/IE168343105/IE168343105_P000001_FL168343107—reco_improved_polys_improved_reading_order.xml,ok,,424,387,accepted,
990053923320205171,IE168620111_P000001_FL168620113.jpg,P000001,/nas/archive/paris-data/automatic_transcriptions/geniza/all_04_improved_reading_order/990053923320205171/IE168620111/IE168620111_P000001_FL168620113—reco_improved_polys_improved_reading_order.xml,990053923320205171:378:/nas/archive/paris-data/automatic_transcriptions/geniza/all_04_improved_reading_order/990053923320205171/IE168620111/IE168620111_P000001_FL168620113—reco_improved_polys_improved_reading_order.xml,ok,,300,272,accepted,
990053923320205171,IE168620111_P000002_FL168620114.jpg,P000002,/nas/archive/paris-data/automatic_transcriptions/geniza/all_04_improved_reading_order/990053923320205171/IE168620111/IE168620111_P000002_FL168620114—reco_improved_polys_improved_reading_order.xml,990053923320205171:379:/nas/archive/paris-data/automatic_transcriptions/geniza/all_04_improved_reading_order/990053923320205171/IE168620111/IE168620111_P000002_FL168620114—reco_improved_polys_improved_reading_order.xml,ok,,293,255,accepted,
990053183700205171,IE157021401_P000002_FL157021404.jpg,P000002,/nas/archive/paris-data/automatic_transcriptions/geniza/all_04_improved_reading_order/990053183700205171/IE157021401/IE157021401_P000002_FL157021404—reco_improved_polys_improved_reading_order.xml,990053183700205171:382:/nas/archive/paris-data/automatic_transcriptions/geniza/all_04_improved_reading_order/990053183700205171/IE157021401/IE157021401_P000002_FL157021404—reco_improved_polys_improved_reading_order.xml,ok,,1156,928,accepted,
990053183700205171,IE157021401_P000001_FL157021403.jpg,P000001,/nas/archive/paris-data/automatic_transcriptions/geniza/all_04_improved_reading_order/990053183700205171/IE157021401/IE157021401_P000001_FL157021403—reco_improved_polys_improved_reading_order.xml,990053183700205171:383:/nas/archive/paris-data/automatic_transcriptions/geniza/all_04_improved_reading_order/990053183700205171/IE157021401/IE157021401_P000001_FL157021403—reco_improved_polys_improved_reading_order.xml,ok,,1242,1103,accepted,
990052328910205171,IE167899527_P000002_FL167899530.jpg,P000002,/nas/archive/paris-data/automatic_transcriptions/geniza/all_04_improved_reading_order/990052328910205171/IE167899527/IE167899527_P000002_FL167899530—reco_improved_polys_improved_reading_order.xml,990052328910205171:384:/nas/archive/paris-data/automatic_transcriptions/geniza/all_04_improved_reading_order/990052328910205171/IE167899527/IE167899527_P000002_FL167899530—reco_improved_polys_improved_reading_order.xml,ok,,26,15,accepted,
990052328910205171,IE167899527_P000001_FL167899529.jpg,P000001,/nas/archive/paris-data/automatic_transcriptions/geniza/all_04_improved_reading_order/990052328910205171/IE167899527/IE167899527_P000001_FL167899529—reco_improved_polys_improved_reading_order.xml,990052328910205171:385:/nas/archive/paris-data/automatic_transcriptions/geniza/all_04_improved_reading_order/990052328910205171/IE167899527/IE167899527_P000001_FL167899529—reco_improved_polys_improved_reading_order.xml,ok,,92,78,accepted,
990053202290205171,IE157426323_P000002_FL157426326.jpg,P000002,/nas/archive/paris-data/automatic_transcriptions/geniza/all_04_improved_reading_order/990053202290205171/IE157426323/IE157426323_P000002_FL157426326—reco_improved_polys_improved_reading_order.xml,990053202290205171:386:/nas/archive/paris-data/automatic_transcriptions/geniza/all_04_improved_reading_order/990053202290205171/IE157426323/IE157426323_P000002_FL157426326—reco_improved_polys_improved_reading_order.xml,ok,,634,536,accepted,
990053202290205171,IE157426323_P000001_FL157426325.jpg,P000001,/nas/archive/paris-data/automatic_transcriptions/geniza/all_04_improved_reading_order/990053202290205171/IE157426323/IE157426323_P000001_FL157426325—reco_improved_polys_improved_reading_order.xml,990053202290205171:387:/nas/archive/paris-data/automatic_transcriptions/geniza/all_04_improved_reading_order/990053202290205171/IE157426323/IE157426323_P000001_FL157426325—reco_improved_polys_improved_reading_order.xml,ok,,1457,1189,accepted,
990053724130205171,IE168698367_P000001_FL168698369.jpg,P000001,/nas/archive/paris-data/automatic_transcriptions/geniza/all_04_improved_reading_order/990053724130205171/IE168698367/IE168698367_P000001_FL168698369—reco_improved_polys_improved_reading_order.xml,990053724130205171:388:/nas/archive/paris-data/automatic_transcriptions/geniza/all_04_improved_reading_order/990053724130205171/IE168698367/IE168698367_P000001_FL168698369—reco_improved_polys_improved_reading_order.xml,ok,,83,65,accepted,
990053724130205171,IE168698367_P000002_FL168698370.jpg,P000002,/nas/archive/paris-data/automatic_transcriptions/geniza/all_04_improved_reading_order/990053724130205171/IE168698367/IE168698367_P000002_FL168698370—reco_improved_polys_improved_reading_order.xml,990053724130205171:389:/nas/archive/paris-data/automatic_transcriptions/geniza/all_04_improved_reading_order/990053724130205171/IE168698367/IE168698367_P000002_FL168698370—reco_improved_polys_improved_reading_order.xml,ok,,106,79,accepted,
990051260030205171,IE166070324_P000001_FL166070326.jpg,P000001,/nas/archive/paris-data/automatic_transcriptions/geniza/all_04_improved_reading_order/990051260030205171/IE166070324/IE166070324_P000001_FL166070326—reco_improved_polys_improved_reading_order.xml,990051260030205171:390:/nas/archive/paris-data/automatic_transcriptions/geniza/all_04_improved_reading_order/990051260030205171/IE166070324/IE166070324_P000001_FL166070326—reco_improved_polys_improved_reading_order.xml,ok,,410,333,accepted,
990051260030205171,IE166070324_P000002_FL166070327.jpg,P000002,/nas/archive/paris-data/automatic_transcriptions/geniza/all_04_improved_reading_order/990051260030205171/IE166070324/IE166070324_P000002_FL166070327—reco_improved_polys_improved_reading_order.xml,990051260030205171:391:/nas/archive/paris-data/automatic_transcriptions/geniza/all_04_improved_reading_order/990051260030205171/IE166070324/IE166070324_P000002_FL166070327—reco_improved_polys_improved_reading_order.xml,ok,,343,291,accepted,
990052027490205171,IE203044677_P000002_FL203044680.jpg,P000002,/nas/archive/paris-data/automatic_transcriptions/geniza/all_04_improved_reading_order/990052027490205171/IE203044677/IE203044677_P000002_FL203044680—reco_improved_polys_improved_reading_order.xml,990052027490205171:392:/nas/archive/paris-data/automatic_transcriptions/geniza/all_04_improved_reading_order/990052027490205171/IE203044677/IE203044677_P000002_FL203044680—reco_improved_polys_improved_reading_order.xml,ok,,84,74,accepted,
990052027490205171,IE203044677_P000001_FL203044679.jpg,P000001,/nas/archive/paris-data/automatic_transcriptions/geniza/all_04_improved_reading_order/990052027490205171/IE203044677/IE203044677_P000001_FL203044679—reco_improved_polys_improved_reading_order.xml,990052027490205171:393:/nas/archive/paris-data/automatic_transcriptions/geniza/all_04_improved_reading_order/990052027490205171/IE203044677/IE203044677_P000001_FL203044679—reco_improved_polys_improved_reading_order.xml,ok,,57,48,accepted,
990053020900205171,IE147712304_P000001_FL147712306.jpg,P000001,/nas/archive/paris-data/automatic_transcriptions/geniza/all_04_improved_reading_order/990053020900205171/IE147712304/IE147712304_P000001_FL147712306—reco_improved_polys_improved_reading_order.xml,990053020900205171:394:/nas/archive/paris-data/automatic_transcriptions/geniza/all_04_improved_reading_order/990053020900205171/IE147712304/IE147712304_P000001_FL147712306—reco_improved_polys_improved_reading_order.xml,ok,,1041,881,accepted,
990053020900205171,IE147712304_P000002_FL147712307.jpg,P000002,/nas/archive/paris-data/automatic_transcriptions/geniza/all_04_improved_reading_order/990053020900205171/IE147712304/IE147712304_P000002_FL147712307—reco_improved_polys_improved_reading_order.xml,990053020900205171:395:/nas/archive/paris-data/automatic_transcriptions/geniza/all_04_improved_reading_order/990053020900205171/IE147712304/IE147712304_P000002_FL147712307—reco_improved_polys_improved_reading_order.xml,ok,,16,5,accepted,
990001550720205171,IE47466739_P000004_FL47466764.jpg,P000004,/nas/archive/paris-data/automatic_transcriptions/geniza/all_04_improved_reading_order/990001550720205171/IE47466739/IE47466739_P000004_FL47466764—reco_improved_polys_improved_reading_order.xml,990001550720205171:396:/nas/archive/paris-data/automatic_transcriptions/geniza/all_04_improved_reading_order/990001550720205171/IE47466739/IE47466739_P000004_FL47466764—reco_improved_polys_improved_reading_order.xml,ok,,5,4,accepted,
990051593410205171,IE163189196_P000002_FL163189199.jpg,P000002,/nas/archive/paris-data/automatic_transcriptions/geniza/all_04_improved_reading_order/990051593410205171/IE163189196/IE163189196_P000002_FL163189199—reco_improved_polys_improved_reading_order.xml,990051593410205171:398:/nas/archive/paris-data/automatic_transcriptions/geniza/all_04_improved_reading_order/990051593410205171/IE163189196/IE163189196_P000002_FL163189199—reco_improved_polys_improved_reading_order.xml,ok,,437,397,accepted,
990051593410205171,IE163189196_P000001_FL163189198.jpg,P000001,/nas/archive/paris-data/automatic_transcriptions/geniza/all_04_improved_reading_order/990051593410205171/IE163189196/IE163189196_P000001_FL163189198—reco_improved_polys_improved_reading_order.xml,990051593410205171:399:/nas/archive/paris-data/automatic_transcriptions/geniza/all_04_improved_reading_order/990051593410205171/IE163189196/IE163189196_P000001_FL163189198—reco_improved_polys_improved_reading_order.xml,ok,,439,401,accepted,
990053329300205171,IE203112981_P000002_FL203112984.jpg,P000002,/nas/archive/paris-data/automatic_transcriptions/geniza/all_04_improved_reading_order/990053329300205171/IE203112981/IE203112981_P000002_FL203112984—reco_improved_polys_improved_reading_order.xml,990053329300205171:400:/nas/archive/paris-data/automatic_transcriptions/geniza/all_04_improved_reading_order/990053329300205171/IE203112981/IE203112981_P000002_FL203112984—reco_improved_polys_improved_reading_order.xml,ok,,251,217,accepted,
990053329300205171,IE203112981_P000001_FL203112983.jpg,P000001,/nas/archive/paris-data/automatic_transcriptions/geniza/all_04_improved_reading_order/990053329300205171/IE203112981/IE203112981_P000001_FL203112983—reco_improved_polys_improved_reading_order.xml,990053329300205171:401:/nas/archive/paris-data/automatic_transcriptions/geniza/all_04_improved_reading_order/990053329300205171/IE203112981/IE203112981_P000001_FL203112983—reco_improved_polys_improved_reading_order.xml,ok,,247,204,accepted,
990051525170205171,IE167124298_P000005_FL167124304.jpg,P000005,/nas/archive/paris-data/automatic_transcriptions/geniza/all_04_improved_reading_order/990051525170205171/IE167124298/IE167124298_P000005_FL167124304—reco_improved_polys_improved_reading_order.xml,990051525170205171:402:/nas/archive/paris-data/automatic_transcriptions/geniza/all_04_improved_reading_order/990051525170205171/IE167124298/IE167124298_P000005_FL167124304—reco_improved_polys_improved_reading_order.xml,ok,,306,282,accepted,
990051525170205171,IE167124298_P000002_FL167124301.jpg,P000002,/nas/archive/paris-data/automatic_transcriptions/geniza/all_04_improved_reading_order/990051525170205171/IE167124298/IE167124298_P000002_FL167124301—reco_improved_polys_improved_reading_order.xml,990051525170205171:403:/nas/archive/paris-data/automatic_transcriptions/geniza/all_04_improved_reading_order/990051525170205171/IE167124298/IE167124298_P000002_FL167124301—reco_improved_polys_improved_reading_order.xml,ok,,202,165,accepted,
990052149370205171,IE166715095_P000001_FL166715097.jpg,P000001,/nas/archive/paris-data/automatic_transcriptions/geniza/all_04_improved_reading_order/990052149370205171/IE166715095/IE166715095_P000001_FL166715097—reco_improved_polys_improved_reading_order.xml,990052149370205171:405:/nas/archive/paris-data/automatic_transcriptions/geniza/all_04_improved_reading_order/990052149370205171/IE166715095/IE166715095_P000001_FL166715097—reco_improved_polys_improved_reading_order.xml,ok,,130,95,accepted,
990052141630205171,IE167739361_P000002_FL167739364.jpg,P000002,/nas/archive/paris-data/automatic_transcriptions/geniza/all_04_improved_reading_order/990052141630205171/IE167739361/IE167739361_P000002_FL167739364—reco_improved_polys_improved_reading_order.xml,990052141630205171:406:/nas/archive/paris-data/automatic_transcriptions/geniza/all_04_improved_reading_order/990052141630205171/IE167739361/IE167739361_P000002_FL167739364—reco_improved_polys_improved_reading_order.xml,ok,,5,4,accepted,
990052141630205171,IE167739361_P000001_FL167739363.jpg,P000001,/nas/archive/paris-data/automatic_transcriptions/geniza/all_04_improved_reading_order/990052141630205171/IE167739361/IE167739361_P000001_FL167739363—reco_improved_polys_improved_reading_order.xml,990052141630205171:407:/nas/archive/paris-data/automatic_transcriptions/geniza/all_04_improved_reading_order/990052141630205171/IE167739361/IE167739361_P000001_FL167739363—reco_improved_polys_improved_reading_order.xml,ok,,261,231,accepted,
990052029010205171,IE203047969_P000002_FL203047972.jpg,P000002,/nas/archive/paris-data/automatic_transcriptions/geniza/all_04_improved_reading_order/990052029010205171/IE203047969/IE203047969_P000002_FL203047972—reco_improved_polys_improved_reading_order.xml,990052029010205171:408:/nas/archive/paris-data/automatic_transcriptions/geniza/all_04_improved_reading_order/990052029010205171/IE203047969/IE203047969_P000002_FL203047972—reco_improved_polys_improved_reading_order.xml,ok,,80,54,accepted,
990052029010205171,IE203047969_P000001_FL203047971.jpg,P000001,/nas/archive/paris-data/automatic_transcriptions/geniza/all_04_improved_reading_order/990052029010205171/IE203047969/IE203047969_P000001_FL203047971—reco_improved_polys_improved_reading_order.xml,990052029010205171:409:/nas/archive/paris-data/automatic_transcriptions/geniza/all_04_improved_reading_order/990052029010205171/IE203047969/IE203047969_P000001_FL203047971—reco_improved_polys_improved_reading_order.xml,ok,,156,130,accepted,
990051721640205171,IE164912663_P000001_FL164912665.jpg,P000001,/nas/archive/paris-data/automatic_transcriptions/geniza/all_04_improved_reading_order/990051721640205171/IE164912663/IE164912663_P000001_FL164912665—reco_improved_polys_improved_reading_order.xml,990051721640205171:410:/nas/archive/paris-data/automatic_transcriptions/geniza/all_04_improved_reading_order/990051721640205171/IE164912663/IE164912663_P000001_FL164912665—reco_improved_polys_improved_reading_order.xml,ok,,125,94,accepted,
990051721640205171,IE164912663_P000002_FL164912666.jpg,P000002,/nas/archive/paris-data/automatic_transcriptions/geniza/all_04_improved_reading_order/990051721640205171/IE164912663/IE164912663_P000002_FL164912666—reco_improved_polys_improved_reading_order.xml,990051721640205171:411:/nas/archive/paris-data/automatic_transcriptions/geniza/all_04_improved_reading_order/990051721640205171/IE164912663/IE164912663_P000002_FL164912666—reco_improved_polys_improved_reading_order.xml,ok,,123,98,accepted,
990051634890205171,IE163802074_P000002_FL163802077.jpg,P000002,/nas/archive/paris-data/automatic_transcriptions/geniza/all_04_improved_reading_order/990051634890205171/IE163802074/IE163802074_P000002_FL163802077—reco_improved_polys_improved_reading_order.xml,990051634890205171:412:/nas/archive/paris-data/automatic_transcriptions/geniza/all_04_improved_reading_order/990051634890205171/IE163802074/IE163802074_P000002_FL163802077—reco_improved_polys_improved_reading_order.xml,ok,,375,330,accepted,
990051634890205171,IE163802074_P000001_FL163802076.jpg,P000001,/nas/archive/paris-data/automatic_transcriptions/geniza/all_04_improved_reading_order/990051634890205171/IE163802074/IE163802074_P000001_FL163802076—reco_improved_polys_improved_reading_order.xml,990051634890205171:413:/nas/archive/paris-data/automatic_transcriptions/geniza/all_04_improved_reading_order/990051634890205171/IE163802074/IE163802074_P000001_FL163802076—reco_improved_polys_improved_reading_order.xml,ok,,380,323,accepted,
990053276040205171,IE159704906_P000001_FL159704908.jpg,P000001,/nas/archive/paris-data/automatic_transcriptions/geniza/all_04_improved_reading_order/990053276040205171/IE159704906/IE159704906_P000001_FL159704908—reco_improved_polys_improved_reading_order.xml,990053276040205171:414:/nas/archive/paris-data/automatic_transcriptions/geniza/all_04_improved_reading_order/990053276040205171/IE159704906/IE159704906_P000001_FL159704908—reco_improved_polys_improved_reading_order.xml,ok,,317,268,accepted,
990053276040205171,IE159704906_P000002_FL159704912.jpg,P000002,/nas/archive/paris-data/automatic_transcriptions/geniza/all_04_improved_reading_order/990053276040205171/IE159704906/IE159704906_P000002_FL159704912—reco_improved_polys_improved_reading_order.xml,990053276040205171:415:/nas/archive/paris-data/automatic_transcriptions/geniza/all_04_improved_reading_order/990053276040205171/IE159704906/IE159704906_P000002_FL159704912—reco_improved_polys_improved_reading_order.xml,ok,,340,289,accepted,
990053568830205171,IE147745874_P000001_FL147745877.jpg,P000001,/nas/archive/paris-data/automatic_transcriptions/geniza/all_04_improved_reading_order/990053568830205171/IE147745874/IE147745874_P000001_FL147745877—reco_improved_polys_improved_reading_order.xml,990053568830205171:416:/nas/archive/paris-data/automatic_transcriptions/geniza/all_04_improved_reading_order/990053568830205171/IE147745874/IE147745874_P000001_FL147745877—reco_improved_polys_improved_reading_order.xml,ok,,27,19,accepted,
990053568830205171,IE147745874_P000002_FL147745881.jpg,P000002,/nas/archive/paris-data/automatic_transcriptions/geniza/all_04_improved_reading_order/990053568830205171/IE147745874/IE147745874_P000002_FL147745881—reco_improved_polys_improved_reading_order.xml,990053568830205171:417:/nas/archive/paris-data/automatic_transcriptions/geniza/all_04_improved_reading_order/990053568830205171/IE147745874/IE147745874_P000002_FL147745881—reco_improved_polys_improved_reading_order.xml,ok,,1,1,accepted,
990052411340205171,IE168205950_P000002_FL168205953.jpg,P000002,/nas/archive/paris-data/automatic_transcriptions/geniza/all_04_improved_reading_order/990052411340205171/IE168205950/IE168205950_P000002_FL168205953—reco_improved_polys_improved_reading_order.xml,990052411340205171:419:/nas/archive/paris-data/automatic_transcriptions/geniza/all_04_improved_reading_order/990052411340205171/IE168205950/IE168205950_P000002_FL168205953—reco_improved_polys_improved_reading_order.xml,ok,,9,7,accepted,
990052424140205171,IE168235049_P000002_FL168235052.jpg,P000002,/nas/archive/paris-data/automatic_transcriptions/geniza/all_04_improved_reading_order/990052424140205171/IE168235049/IE168235049_P000002_FL168235052—reco_improved_polys_improved_reading_order.xml,990052424140205171:420:/nas/archive/paris-data/automatic_transcriptions/geniza/all_04_improved_reading_order/990052424140205171/IE168235049/IE168235049_P000002_FL168235052—reco_improved_polys_improved_reading_order.xml,ok,,18,15,accepted,
990052424140205171,IE168235049_P000001_FL168235051.jpg,P000001,/nas/archive/paris-data/automatic_transcriptions/geniza/all_04_improved_reading_order/990052424140205171/IE168235049/IE168235049_P000001_FL168235051—reco_improved_polys_improved_reading_order.xml,990052424140205171:421:/nas/archive/paris-data/automatic_transcriptions/geniza/all_04_improved_reading_order/990052424140205171/IE168235049/IE168235049_P000001_FL168235051—reco_improved_polys_improved_reading_order.xml,ok,,11,10,accepted,
990052266790205171,IE167371113_P000002_FL167371116.jpg,P000002,/nas/archive/paris-data/automatic_transcriptions/geniza/all_04_improved_reading_order/990052266790205171/IE167371113/IE167371113_P000002_FL167371116—reco_improved_polys_improved_reading_order.xml,990052266790205171:422:/nas/archive/paris-data/automatic_transcriptions/geniza/all_04_improved_reading_order/990052266790205171/IE167371113/IE167371113_P000002_FL167371116—reco_improved_polys_improved_reading_order.xml,ok,,5,4,accepted,
990052266790205171,IE167371113_P000001_FL167371115.jpg,P000001,/nas/archive/paris-data/automatic_transcriptions/geniza/all_04_improved_reading_order/990052266790205171/IE167371113/IE167371113_P000001_FL167371115—reco_improved_polys_improved_reading_order.xml,990052266790205171:423:/nas/archive/paris-data/automatic_transcriptions/geniza/all_04_improved_reading_order/990052266790205171/IE167371113/IE167371113_P000001_FL167371115—reco_improved_polys_improved_reading_order.xml,ok,,5,3,accepted,
990053330670205171,IE155856707_P000002_FL155856739.jpg,P000002,/nas/archive/paris-data/automatic_transcriptions/geniza/all_04_improved_reading_order/990053330670205171/IE155856707/IE155856707_P000002_FL155856739—reco_improved_polys_improved_reading_order.xml,990053330670205171:424:/nas/archive/paris-data/automatic_transcriptions/geniza/all_04_improved_reading_order/990053330670205171/IE155856707/IE155856707_P000002_FL155856739—reco_improved_polys_improved_reading_order.xml,ok,,98,87,accepted,
990053330670205171,IE155856707_P000001_FL155856709.jpg,P000001,/nas/archive/paris-data/automatic_transcriptions/geniza/all_04_improved_reading_order/990053330670205171/IE155856707/IE155856707_P000001_FL155856709—reco_improved_polys_improved_reading_order.xml,990053330670205171:425:/nas/archive/paris-data/automatic_transcriptions/geniza/all_04_improved_reading_order/990053330670205171/IE155856707/IE155856707_P000001_FL155856709—reco_improved_polys_improved_reading_order.xml,ok,,98,82,accepted,
990051128340205171,IE166137962_P000002_FL166137965.jpg,P000002,/nas/archive/paris-data/automatic_transcriptions/geniza/all_04_improved_reading_order/990051128340205171/IE166137962/IE166137962_P000002_FL166137965—reco_improved_polys_improved_reading_order.xml,990051128340205171:426:/nas/archive/paris-data/automatic_transcriptions/geniza/all_04_improved_reading_order/990051128340205171/IE166137962/IE166137962_P000002_FL166137965—reco_improved_polys_improved_reading_order.xml,ok,,324,284,accepted,
990051128340205171,IE166137962_P000001_FL166137964.jpg,P000001,/nas/archive/paris-data/automatic_transcriptions/geniza/all_04_improved_reading_order/990051128340205171/IE166137962/IE166137962_P000001_FL166137964—reco_improved_polys_improved_reading_order.xml,990051128340205171:427:/nas/archive/paris-data/automatic_transcriptions/geniza/all_04_improved_reading_order/990051128340205171/IE166137962/IE166137962_P000001_FL166137964—reco_improved_polys_improved_reading_order.xml,ok,,285,268,accepted,
990053387860205171,IE167220320_P000001_FL167220322.jpg,P000001,/nas/archive/paris-data/automatic_transcriptions/geniza/all_04_improved_reading_order/990053387860205171/IE167220320/IE167220320_P000001_FL167220322—reco_improved_polys_improved_reading_order.xml,990053387860205171:428:/nas/archive/paris-data/automatic_transcriptions/geniza/all_04_improved_reading_order/990053387860205171/IE167220320/IE167220320_P000001_FL167220322—reco_improved_polys_improved_reading_order.xml,ok,,1692,1520,accepted,
990053387860205171,IE167220320_P000002_FL167220323.jpg,P000002,/nas/archive/paris-data/automatic_transcriptions/geniza/all_04_improved_reading_order/990053387860205171/IE167220320/IE167220320_P000002_FL167220323—reco_improved_polys_improved_reading_order.xml,990053387860205171:429:/nas/archive/paris-data/automatic_transcriptions/geniza/all_04_improved_reading_order/990053387860205171/IE167220320/IE167220320_P000002_FL167220323—reco_improved_polys_improved_reading_order.xml,ok,,1321,1162,accepted,
990001592540205171,IE50449056_P000004_FL50449063.jpg,P000004,/nas/archive/paris-data/automatic_transcriptions/geniza/all_04_improved_reading_order/990001592540205171/IE50449056/IE50449056_P000004_FL50449063—reco_improved_polys_improved_reading_order.xml,990001592540205171:431:/nas/archive/paris-data/automatic_transcriptions/geniza/all_04_improved_reading_order/990001592540205171/IE50449056/IE50449056_P000004_FL50449063—reco_improved_polys_improved_reading_order.xml,ok,,100,62,accepted,
990053393490205171,IE167279468_P000001_FL167279470.jpg,P000001,/nas/archive/paris-data/automatic_transcriptions/geniza/all_04_improved_reading_order/990053393490205171/IE167279468/IE167279468_P000001_FL167279470—reco_improved_polys_improved_reading_order.xml,990053393490205171:433:/nas/archive/paris-data/automatic_transcriptions/geniza/all_04_improved_reading_order/990053393490205171/IE167279468/IE167279468_P000001_FL167279470—reco_improved_polys_improved_reading_order.xml,ok,,2096,1866,accepted,
990051371220205171,IE158983877_P000001_FL158983879.jpg,P000001,/nas/archive/paris-data/automatic_transcriptions/geniza/all_04_improved_reading_order/990051371220205171/IE158983877/IE158983877_P000001_FL158983879—reco_improved_polys_improved_reading_order.xml,990051371220205171:434:/nas/archive/paris-data/automatic_transcriptions/geniza/all_04_improved_reading_order/990051371220205171/IE158983877/IE158983877_P000001_FL158983879—reco_improved_polys_improved_reading_order.xml,ok,,9,7,accepted,
990053453120205171,IE167892421_P000001_FL167892423.jpg,P000001,/nas/archive/paris-data/automatic_transcriptions/geniza/all_04_improved_reading_order/990053453120205171/IE167892421/IE167892421_P000001_FL167892423—reco_improved_polys_improved_reading_order.xml,990053453120205171:436:/nas/archive/paris-data/automatic_transcriptions/geniza/all_04_improved_reading_order/990053453120205171/IE167892421/IE167892421_P000001_FL167892423—reco_improved_polys_improved_reading_order.xml,ok,,122,100,accepted,
990053453120205171,IE167892421_P000002_FL167892424.jpg,P000002,/nas/archive/paris-data/automatic_transcriptions/geniza/all_04_improved_reading_order/990053453120205171/IE167892421/IE167892421_P000002_FL167892424—reco_improved_polys_improved_reading_order.xml,990053453120205171:437:/nas/archive/paris-data/automatic_transcriptions/geniza/all_04_improved_reading_order/990053453120205171/IE167892421/IE167892421_P000002_FL167892424—reco_improved_polys_improved_reading_order.xml,ok,,153,129,accepted,
990051195830205171,IE165011435_P000002_FL165011438.jpg,P000002,/nas/archive/paris-data/automatic_transcriptions/geniza/all_04_improved_reading_order/990051195830205171/IE165011435/IE165011435_P000002_FL165011438—reco_improved_polys_improved_reading_order.xml,990051195830205171:438:/nas/archive/paris-data/automatic_transcriptions/geniza/all_04_improved_reading_order/990051195830205171/IE165011435/IE165011435_P000002_FL165011438—reco_improved_polys_improved_reading_order.xml,ok,,1047,907,accepted,
990051195830205171,IE165011435_P000001_FL165011437.jpg,P000001,/nas/archive/paris-data/automatic_transcriptions/geniza/all_04_improved_reading_order/990051195830205171/IE165011435/IE165011435_P000001_FL165011437—reco_improved_polys_improved_reading_order.xml,990051195830205171:439:/nas/archive/paris-data/automatic_transcriptions/geniza/all_04_improved_reading_order/990051195830205171/IE165011435/IE165011435_P000001_FL165011437—reco_improved_polys_improved_reading_order.xml,ok,,855,770,accepted,
990052214420205171,IE166982248_P000001_FL166982250.jpg,P000001,/nas/archive/paris-data/automatic_transcriptions/geniza/all_04_improved_reading_order/990052214420205171/IE166982248/IE166982248_P000001_FL166982250—reco_improved_polys_improved_reading_order.xml,990052214420205171:440:/nas/archive/paris-data/automatic_transcriptions/geniza/all_04_improved_reading_order/990052214420205171/IE166982248/IE166982248_P000001_FL166982250—reco_improved_polys_improved_reading_order.xml,ok,,49,40,accepted,
990052214420205171,IE166982248_P000002_FL166982251.jpg,P000002,/nas/archive/paris-data/automatic_transcriptions/geniza/all_04_improved_reading_order/990052214420205171/IE166982248/IE166982248_P000002_FL166982251—reco_improved_polys_improved_reading_order.xml,990052214420205171:441:/nas/archive/paris-data/automatic_transcriptions/geniza/all_04_improved_reading_order/990052214420205171/IE166982248/IE166982248_P000002_FL166982251—reco_improved_polys_improved_reading_order.xml,ok,,3,1,accepted,
990000910280205171,IE160319882_P000063_FL160319946.jpg,P000063,/nas/archive/paris-data/automatic_transcriptions/geniza/all_04_improved_reading_order/990000910280205171/IE160319882/IE160319882_P000063_FL160319946—reco_improved_polys_improved_reading_order.xml,990000910280205171:442:/nas/archive/paris-data/automatic_transcriptions/geniza/all_04_improved_reading_order/990000910280205171/IE160319882/IE160319882_P000063_FL160319946—reco_improved_polys_improved_reading_order.xml,ok,,1144,1015,accepted,
990000910280205171,IE160319882_P000011_FL160319894.jpg,P000011,/nas/archive/paris-data/automatic_transcriptions/geniza/all_04_improved_reading_order/990000910280205171/IE160319882/IE160319882_P000011_FL160319894—reco_improved_polys_improved_reading_order.xml,990000910280205171:443:/nas/archive/paris-data/automatic_transcriptions/geniza/all_04_improved_reading_order/990000910280205171/IE160319882/IE160319882_P000011_FL160319894—reco_improved_polys_improved_reading_order.xml,ok,,586,492,accepted,
990001672960205171,IE78270664_P000001_FL78270666.jpg,P000001,/nas/archive/paris-data/automatic_transcriptions/geniza/all_04_improved_reading_order/990001672960205171/IE78270664/IE78270664_P000001_FL78270666—reco_improved_polys_improved_reading_order.xml,990001672960205171:444:/nas/archive/paris-data/automatic_transcriptions/geniza/all_04_improved_reading_order/990001672960205171/IE78270664/IE78270664_P000001_FL78270666—reco_improved_polys_improved_reading_order.xml,ok,,1621,1319,accepted,
990001672960205171,IE169327382_P000002_FL169327385.jpg,P000002,/nas/archive/paris-data/automatic_transcriptions/geniza/all_04_improved_reading_order/990001672960205171/IE169327382/IE169327382_P000002_FL169327385—reco_improved_polys_improved_reading_order.xml,990001672960205171:445:/nas/archive/paris-data/automatic_transcriptions/geniza/all_04_improved_reading_order/990001672960205171/IE169327382/IE169327382_P000002_FL169327385—reco_improved_polys_improved_reading_order.xml,ok,,186,99,accepted,
990052088370205171,IE167677150_P000001_FL167677152.jpg,P000001,/nas/archive/paris-data/automatic_transcriptions/geniza/all_04_improved_reading_order/990052088370205171/IE167677150/IE167677150_P000001_FL167677152—reco_improved_polys_improved_reading_order.xml,990052088370205171:446:/nas/archive/paris-data/automatic_transcriptions/geniza/all_04_improved_reading_order/990052088370205171/IE167677150/IE167677150_P000001_FL167677152—reco_improved_polys_improved_reading_order.xml,ok,,4,2,accepted,
990052088370205171,IE167677150_P000002_FL167677153.jpg,P000002,/nas/archive/paris-data/automatic_transcriptions/geniza/all_04_improved_reading_order/990052088370205171/IE167677150/IE167677150_P000002_FL167677153—reco_improved_polys_improved_reading_order.xml,990052088370205171:447:/nas/archive/paris-data/automatic_transcriptions/geniza/all_04_improved_reading_order/990052088370205171/IE167677150/IE167677150_P000002_FL167677153—reco_improved_polys_improved_reading_order.xml,ok,,2,2,accepted,
990051533800205171,IE167141867_P000002_FL167141870.jpg,P000002,/nas/archive/paris-data/automatic_transcriptions/geniza/all_04_improved_reading_order/990051533800205171/IE167141867/IE167141867_P000002_FL167141870—reco_improved_polys_improved_reading_order.xml,990051533800205171:448:/nas/archive/paris-data/automatic_transcriptions/geniza/all_04_improved_reading_order/990051533800205171/IE167141867/IE167141867_P000002_FL167141870—reco_improved_polys_improved_reading_order.xml,ok,,493,457,accepted,
990051533800205171,IE167141867_P000001_FL167141869.jpg,P000001,/nas/archive/paris-data/automatic_transcriptions/geniza/all_04_improved_reading_order/990051533800205171/IE167141867/IE167141867_P000001_FL167141869—reco_improved_polys_improved_reading_order.xml,990051533800205171:449:/nas/archive/paris-data/automatic_transcriptions/geniza/all_04_improved_reading_order/990051533800205171/IE167141867/IE167141867_P000001_FL167141869—reco_improved_polys_improved_reading_order.xml,ok,,430,404,accepted,
990052018090205171,IE203021037_P000001_FL203021039.jpg,P000001,/nas/archive/paris-data/automatic_transcriptions/geniza/all_04_improved_reading_order/990052018090205171/IE203021037/IE203021037_P000001_FL203021039—reco_improved_polys_improved_reading_order.xml,990052018090205171:450:/nas/archive/paris-data/automatic_transcriptions/geniza/all_04_improved_reading_order/990052018090205171/IE203021037/IE203021037_P000001_FL203021039—reco_improved_polys_improved_reading_order.xml,ok,,7,4,accepted,
990052018090205171,IE203021037_P000002_FL203021040.jpg,P000002,/nas/archive/paris-data/automatic_transcriptions/geniza/all_04_improved_reading_order/990052018090205171/IE203021037/IE203021037_P000002_FL203021040—reco_improved_polys_improved_reading_order.xml,990052018090205171:451:/nas/archive/paris-data/automatic_transcriptions/geniza/all_04_improved_reading_order/990052018090205171/IE203021037/IE203021037_P000002_FL203021040—reco_improved_polys_improved_reading_order.xml,ok,,3,2,accepted,
990051897810205171,IE167385257_P000001_FL167385259.jpg,P000001,/nas/archive/paris-data/automatic_transcriptions/geniza/all_04_improved_reading_order/990051897810205171/IE167385257/IE167385257_P000001_FL167385259—reco_improved_polys_improved_reading_order.xml,990051897810205171:452:/nas/archive/paris-data/automatic_transcriptions/geniza/all_04_improved_reading_order/990051897810205171/IE167385257/IE167385257_P000001_FL167385259—reco_improved_polys_improved_reading_order.xml,ok,,2,1,accepted,
990053188470205171,IE157120879_P000001_FL157120882.jpg,P000001,/nas/archive/paris-data/automatic_transcriptions/geniza/all_04_improved_reading_order/990053188470205171/IE157120879/IE157120879_P000001_FL157120882—reco_improved_polys_improved_reading_order.xml,990053188470205171:454:/nas/archive/paris-data/automatic_transcriptions/geniza/all_04_improved_reading_order/990053188470205171/IE157120879/IE157120879_P000001_FL157120882—reco_improved_polys_improved_reading_order.xml,ok,,713,594,accepted,
990053188470205171,IE157120879_P000002_FL157120885.jpg,P000002,/nas/archive/paris-data/automatic_transcriptions/geniza/all_04_improved_reading_order/990053188470205171/IE157120879/IE157120879_P000002_FL157120885—reco_improved_polys_improved_reading_order.xml,990053188470205171:455:/nas/archive/paris-data/automatic_transcriptions/geniza/all_04_improved_reading_order/990053188470205171/IE157120879/IE157120879_P000002_FL157120885—reco_improved_polys_improved_reading_order.xml,ok,,543,397,accepted,
990052028030205171,IE203045815_P000002_FL203045818.jpg,P000002,/nas/archive/paris-data/automatic_transcriptions/geniza/all_04_improved_reading_order/990052028030205171/IE203045815/IE203045815_P000002_FL203045818—reco_improved_polys_improved_reading_order.xml,990052028030205171:456:/nas/archive/paris-data/automatic_transcriptions/geniza/all_04_improved_reading_order/990052028030205171/IE203045815/IE203045815_P000002_FL203045818—reco_improved_polys_improved_reading_order.xml,ok,,79,62,accepted,
990052028030205171,IE203045815_P000001_FL203045817.jpg,P000001,/nas/archive/paris-data/automatic_transcriptions/geniza/all_04_improved_reading_order/990052028030205171/IE203045815/IE203045815_P000001_FL203045817—reco_improved_polys_improved_reading_order.xml,990052028030205171:457:/nas/archive/paris-data/automatic_transcriptions/geniza/all_04_improved_reading_order/990052028030205171/IE203045815/IE203045815_P000001_FL203045817—reco_improved_polys_improved_reading_order.xml,ok,,70,54,accepted,
990001574490205171,IE47673276_P000006_FL47673310.jpg,P000006,/nas/archive/paris-data/automatic_transcriptions/geniza/all_04_improved_reading_order/990001574490205171/IE47673276/IE47673276_P000006_FL47673310—reco_improved_polys_improved_reading_order.xml,990001574490205171:459:/nas/archive/paris-data/automatic_transcriptions/geniza/all_04_improved_reading_order/990001574490205171/IE47673276/IE47673276_P000006_FL47673310—reco_improved_polys_improved_reading_order.xml,ok,,536,471,accepted,
990051397050205171,IE159710190_P000002_FL159710193.jpg,P000002,/nas/archive/paris-data/automatic_transcriptions/geniza/all_04_improved_reading_order/990051397050205171/IE159710190/IE159710190_P000002_FL159710193—reco_improved_polys_improved_reading_order.xml,990051397050205171:460:/nas/archive/paris-data/automatic_transcriptions/geniza/all_04_improved_reading_order/990051397050205171/IE159710190/IE159710190_P000002_FL159710193—reco_improved_polys_improved_reading_order.xml,ok,,467,428,accepted,
990051397050205171,IE159710190_P000001_FL159710192.jpg,P000001,/nas/archive/paris-data/automatic_transcriptions/geniza/all_04_improved_reading_order/990051397050205171/IE159710190/IE159710190_P000001_FL159710192—reco_improved_polys_improved_reading_order.xml,990051397050205171:461:/nas/archive/paris-data/automatic_transcriptions/geniza/all_04_improved_reading_order/990051397050205171/IE159710190/IE159710190_P000001_FL159710192—reco_improved_polys_improved_reading_order.xml,ok,,455,411,accepted,
990001256650205171,IE65815221_P000006_FL65815228.jpg,P000006,/nas/archive/paris-data/automatic_transcriptions/geniza/all_04_improved_reading_order/990001256650205171/IE65815221/IE65815221_P000006_FL65815228—reco_improved_polys_improved_reading_order.xml,990001256650205171:462:/nas/archive/paris-data/automatic_transcriptions/geniza/all_04_improved_reading_order/990001256650205171/IE65815221/IE65815221_P000006_FL65815228—reco_improved_polys_improved_reading_order.xml,ok,,846,789,accepted,
990001256650205171,IE65815221_P000004_FL65815226.jpg,P000004,/nas/archive/paris-data/automatic_transcriptions/geniza/all_04_improved_reading_order/990001256650205171/IE65815221/IE65815221_P000004_FL65815226—reco_improved_polys_improved_reading_order.xml,990001256650205171:463:/nas/archive/paris-data/automatic_transcriptions/geniza/all_04_improved_reading_order/990001256650205171/IE65815221/IE65815221_P000004_FL65815226—reco_improved_polys_improved_reading_order.xml,ok,,883,840,accepted,
990053740320205171,IE168561566_P000002_FL168561569.jpg,P000002,/nas/archive/paris-data/automatic_transcriptions/geniza/all_04_improved_reading_order/990053740320205171/IE168561566/IE168561566_P000002_FL168561569—reco_improved_polys_improved_reading_order.xml,990053740320205171:464:/nas/archive/paris-data/automatic_transcriptions/geniza/all_04_improved_reading_order/990053740320205171/IE168561566/IE168561566_P000002_FL168561569—reco_improved_polys_improved_reading_order.xml,ok,,3,3,accepted,
990053740320205171,IE168561566_P000001_FL168561568.jpg,P000001,/nas/archive/paris-data/automatic_transcriptions/geniza/all_04_improved_reading_order/990053740320205171/IE168561566/IE168561566_P000001_FL168561568—reco_improved_polys_improved_reading_order.xml,990053740320205171:465:/nas/archive/paris-data/automatic_transcriptions/geniza/all_04_improved_reading_order/990053740320205171/IE168561566/IE168561566_P000001_FL168561568—reco_improved_polys_improved_reading_order.xml,ok,,5,5,accepted,
990051895680205171,IE167382691_P000001_FL167382693.jpg,P000001,/nas/archive/paris-data/automatic_transcriptions/geniza/all_04_improved_reading_order/990051895680205171/IE167382691/IE167382691_P000001_FL167382693—reco_improved_polys_improved_reading_order.xml,990051895680205171:467:/nas/archive/paris-data/automatic_transcriptions/geniza/all_04_improved_reading_order/990051895680205171/IE167382691/IE167382691_P000001_FL167382693—reco_improved_polys_improved_reading_order.xml,ok,,9,8,accepted,
990052143690205171,IE167744109_P000002_FL167744112.jpg,P000002,/nas/archive/paris-data/automatic_transcriptions/geniza/all_04_improved_reading_order/990052143690205171/IE167744109/IE167744109_P000002_FL167744112—reco_improved_polys_improved_reading_order.xml,990052143690205171:468:/nas/archive/paris-data/automatic_transcriptions/geniza/all_04_improved_reading_order/990052143690205171/IE167744109/IE167744109_P000002_FL167744112—reco_improved_polys_improved_reading_order.xml,ok,,150,120,accepted,
990052143690205171,IE167744109_P000001_FL167744111.jpg,P000001,/nas/archive/paris-data/automatic_transcriptions/geniza/all_04_improved_reading_order/990052143690205171/IE167744109/IE167744109_P000001_FL167744111—reco_improved_polys_improved_reading_order.xml,990052143690205171:469:/nas/archive/paris-data/automatic_transcriptions/geniza/all_04_improved_reading_order/990052143690205171/IE167744109/IE167744109_P000001_FL167744111—reco_improved_polys_improved_reading_order.xml,ok,,148,119,accepted,
990053510300205171,IE168294540_P000002_FL168294543.jpg,P000002,/nas/archive/paris-data/automatic_transcriptions/geniza/all_04_improved_reading_order/990053510300205171/IE168294540/IE168294540_P000002_FL168294543—reco_improved_polys_improved_reading_order.xml,990053510300205171:470:/nas/archive/paris-data/automatic_transcriptions/geniza/all_04_improved_reading_order/990053510300205171/IE168294540/IE168294540_P000002_FL168294543—reco_improved_polys_improved_reading_order.xml,ok,,115,79,accepted,
990053510300205171,IE168294540_P000001_FL168294542.jpg,P000001,/nas/archive/paris-data/automatic_transcriptions/geniza/all_04_improved_reading_order/990053510300205171/IE168294540/IE168294540_P000001_FL168294542—reco_improved_polys_improved_reading_order.xml,990053510300205171:471:/nas/archive/paris-data/automatic_transcriptions/geniza/all_04_improved_reading_order/990053510300205171/IE168294540/IE168294540_P000001_FL168294542—reco_improved_polys_improved_reading_order.xml,ok,,96,62,accepted,
990051732090205171,IE202449816_P000002_FL202449819.jpg,P000002,/nas/archive/paris-data/automatic_transcriptions/geniza/all_04_improved_reading_order/990051732090205171/IE202449816/IE202449816_P000002_FL202449819—reco_improved_polys_improved_reading_order.xml,990051732090205171:472:/nas/archive/paris-data/automatic_transcriptions/geniza/all_04_improved_reading_order/990051732090205171/IE202449816/IE202449816_P000002_FL202449819—reco_improved_polys_improved_reading_order.xml,ok,,592,500,accepted,
990051732090205171,IE202449816_P000001_FL202449818.jpg,P000001,/nas/archive/paris-data/automatic_transcriptions/geniza/all_04_improved_reading_order/990051732090205171/IE202449816/IE202449816_P000001_FL202449818—reco_improved_polys_improved_reading_order.xml,990051732090205171:473:/nas/archive/paris-data/automatic_transcriptions/geniza/all_04_improved_reading_order/990051732090205171/IE202449816/IE202449816_P000001_FL202449818—reco_improved_polys_improved_reading_order.xml,ok,,585,487,accepted,
990052222320205171,IE167043120_P000001_FL167043122.jpg,P000001,/nas/archive/paris-data/automatic_transcriptions/geniza/all_04_improved_reading_order/990052222320205171/IE167043120/IE167043120_P000001_FL167043122—reco_improved_polys_improved_reading_order.xml,990052222320205171:474:/nas/archive/paris-data/automatic_transcriptions/geniza/all_04_improved_reading_order/990052222320205171/IE167043120/IE167043120_P000001_FL167043122—reco_improved_polys_improved_reading_order.xml,ok,,145,124,accepted,
990052104420205171,IE167702754_P000001_FL167702758.jpg,P000001,/nas/archive/paris-data/automatic_transcriptions/geniza/all_04_improved_reading_order/990052104420205171/IE167702754/IE167702754_P000001_FL167702758—reco_improved_polys_improved_reading_order.xml,990052104420205171:476:/nas/archive/paris-data/automatic_transcriptions/geniza/all_04_improved_reading_order/990052104420205171/IE167702754/IE167702754_P000001_FL167702758—reco_improved_polys_improved_reading_order.xml,ok,,26,18,accepted,
990053949690205171,IE160393838_P000002_FL160393841.jpg,P000002,/nas/archive/paris-data/automatic_transcriptions/geniza/all_04_improved_reading_order/990053949690205171/IE160393838/IE160393838_P000002_FL160393841—reco_improved_polys_improved_reading_order.xml,990053949690205171:478:/nas/archive/paris-data/automatic_transcriptions/geniza/all_04_improved_reading_order/990053949690205171/IE160393838/IE160393838_P000002_FL160393841—reco_improved_polys_improved_reading_order.xml,ok,,741,599,accepted,
990053949690205171,IE160393838_P000001_FL160393840.jpg,P000001,/nas/archive/paris-data/automatic_transcriptions/geniza/all_04_improved_reading_order/990053949690205171/IE160393838/IE160393838_P000001_FL160393840—reco_improved_polys_improved_reading_order.xml,990053949690205171:479:/nas/archive/paris-data/automatic_transcriptions/geniza/all_04_improved_reading_order/990053949690205171/IE160393838/IE160393838_P000001_FL160393840—reco_improved_polys_improved_reading_order.xml,ok,,731,591,accepted,
990051198150205171,IE165032643_P000002_FL165032646.jpg,P000002,/nas/archive/paris-data/automatic_transcriptions/geniza/all_04_improved_reading_order/990051198150205171/IE165032643/IE165032643_P000002_FL165032646—reco_improved_polys_improved_reading_order.xml,990051198150205171:480:/nas/archive/paris-data/automatic_transcriptions/geniza/all_04_improved_reading_order/990051198150205171/IE165032643/IE165032643_P000002_FL165032646—reco_improved_polys_improved_reading_order.xml,ok,,1237,1051,accepted,
990051198150205171,IE165032643_P000003_FL165032647.jpg,P000003,/nas/archive/paris-data/automatic_transcriptions/geniza/all_04_improved_reading_order/990051198150205171/IE165032643/IE165032643_P000003_FL165032647—reco_improved_polys_improved_reading_order.xml,990051198150205171:481:/nas/archive/paris-data/automatic_transcriptions/geniza/all_04_improved_reading_order/990051198150205171/IE165032643/IE165032643_P000003_FL165032647—reco_improved_polys_improved_reading_order.xml,ok,,951,807,accepted,
990001433240205171,IE57573440_P000006_FL57573463.jpg,P000006,/nas/archive/paris-data/automatic_transcriptions/geniza/all_04_improved_reading_order/990001433240205171/IE57573440/IE57573440_P000006_FL57573463—reco_improved_polys_improved_reading_order.xml,990001433240205171:482:/nas/archive/paris-data/automatic_transcriptions/geniza/all_04_improved_reading_order/990001433240205171/IE57573440/IE57573440_P000006_FL57573463—reco_improved_polys_improved_reading_order.xml,ok,,252,228,accepted,
990001433240205171,IE49034495_P000006_FL49034565.jpg,P000006,/nas/archive/paris-data/automatic_transcriptions/geniza/all_04_improved_reading_order/990001433240205171/IE49034495/IE49034495_P000006_FL49034565—reco_improved_polys_improved_reading_order.xml,990001433240205171:483:/nas/archive/paris-data/automatic_transcriptions/geniza/all_04_improved_reading_order/990001433240205171/IE49034495/IE49034495_P000006_FL49034565—reco_improved_polys_improved_reading_order.xml,ok,,250,227,accepted,
990053602920205171,IE151588092_P000002_FL151588096.jpg,P000002,/nas/archive/paris-data/automatic_transcriptions/geniza/all_04_improved_reading_order/990053602920205171/IE151588092/IE151588092_P000002_FL151588096—reco_improved_polys_improved_reading_order.xml,990053602920205171:484:/nas/archive/paris-data/automatic_transcriptions/geniza/all_04_improved_reading_order/990053602920205171/IE151588092/IE151588092_P000002_FL151588096—reco_improved_polys_improved_reading_order.xml,ok,,188,140,accepted,
990053602920205171,IE151588092_P000001_FL151588094.jpg,P000001,/nas/archive/paris-data/automatic_transcriptions/geniza/all_04_improved_reading_order/990053602920205171/IE151588092/IE151588092_P000001_FL151588094—reco_improved_polys_improved_reading_order.xml,990053602920205171:485:/nas/archive/paris-data/automatic_transcriptions/geniza/all_04_improved_reading_order/990053602920205171/IE151588092/IE151588092_P000001_FL151588094—reco_improved_polys_improved_reading_order.xml,ok,,205,151,accepted,
990051772880205171,IE165012905_P000002_FL165012908.jpg,P000002,/nas/archive/paris-data/automatic_transcriptions/geniza/all_04_improved_reading_order/990051772880205171/IE165012905/IE165012905_P000002_FL165012908—reco_improved_polys_improved_reading_order.xml,990051772880205171:486:/nas/archive/paris-data/automatic_transcriptions/geniza/all_04_improved_reading_order/990051772880205171/IE165012905/IE165012905_P000002_FL165012908—reco_improved_polys_improved_reading_order.xml,ok,,223,193,accepted,
990051772880205171,IE165012905_P000001_FL165012907.jpg,P000001,/nas/archive/paris-data/automatic_transcriptions/geniza/all_04_improved_reading_order/990051772880205171/IE165012905/IE165012905_P000001_FL165012907—reco_improved_polys_improved_reading_order.xml,990051772880205171:487:/nas/archive/paris-data/automatic_transcriptions/geniza/all_04_improved_reading_order/990051772880205171/IE165012905/IE165012905_P000001_FL165012907—reco_improved_polys_improved_reading_order.xml,ok,,139,113,accepted,
990052141490205171,IE169635700_P000002_FL169635703.jpg,P000002,/nas/archive/paris-data/automatic_transcriptions/geniza/all_04_improved_reading_order/990052141490205171/IE169635700/IE169635700_P000002_FL169635703—reco_improved_polys_improved_reading_order.xml,990052141490205171:488:/nas/archive/paris-data/automatic_transcriptions/geniza/all_04_improved_reading_order/990052141490205171/IE169635700/IE169635700_P000002_FL169635703—reco_improved_polys_improved_reading_order.xml,ok,,100,84,accepted,
990052141490205171,IE169635700_P000001_FL169635702.jpg,P000001,/nas/archive/paris-data/automatic_transcriptions/geniza/all_04_improved_reading_order/990052141490205171/IE169635700/IE169635700_P000001_FL169635702—reco_improved_polys_improved_reading_order.xml,990052141490205171:489:/nas/archive/paris-data/automatic_transcriptions/geniza/all_04_improved_reading_order/990052141490205171/IE169635700/IE169635700_P000001_FL169635702—reco_improved_polys_improved_reading_order.xml,ok,,113,81,accepted,
990053662460205171,IE168515281_P000001_FL168515283.jpg,P000001,/nas/archive/paris-data/automatic_transcriptions/geniza/all_04_improved_reading_order/990053662460205171/IE168515281/IE168515281_P000001_FL168515283—reco_improved_polys_improved_reading_order.xml,990053662460205171:490:/nas/archive/paris-data/automatic_transcriptions/geniza/all_04_improved_reading_order/990053662460205171/IE168515281/IE168515281_P000001_FL168515283—reco_improved_polys_improved_reading_order.xml,ok,,320,277,accepted,
990053662460205171,IE168515281_P000002_FL168515284.jpg,P000002,/nas/archive/paris-data/automatic_transcriptions/geniza/all_04_improved_reading_order/990053662460205171/IE168515281/IE168515281_P000002_FL168515284—reco_improved_polys_improved_reading_order.xml,990053662460205171:491:/nas/archive/paris-data/automatic_transcriptions/geniza/all_04_improved_reading_order/990053662460205171/IE168515281/IE168515281_P000002_FL168515284—reco_improved_polys_improved_reading_order.xml,ok,,488,450,accepted,
990052443180205171,IE168345985_P000003_FL168345989.jpg,P000003,/nas/archive/paris-data/automatic_transcriptions/geniza/all_04_improved_reading_order/990052443180205171/IE168345985/IE168345985_P000003_FL168345989—reco_improved_polys_improved_reading_order.xml,990052443180205171:492:/nas/archive/paris-data/automatic_transcriptions/geniza/all_04_improved_reading_order/990052443180205171/IE168345985/IE168345985_P000003_FL168345989—reco_improved_polys_improved_reading_order.xml,ok,,7,4,accepted,
990052443180205171,IE168345985_P000004_FL168345990.jpg,P000004,/nas/archive/paris-data/automatic_transcriptions/geniza/all_04_improved_reading_order/990052443180205171/IE168345985/IE168345985_P000004_FL168345990—reco_improved_polys_improved_reading_order.xml,990052443180205171:493:/nas/archive/paris-data/automatic_transcriptions/geniza/all_04_improved_reading_order/990052443180205171/IE168345985/IE168345985_P000004_FL168345990—reco_improved_polys_improved_reading_order.xml,ok,,1,1,accepted,
990051887160205171,IE167369849_P000002_FL167369852.jpg,P000002,/nas/archive/paris-data/automatic_transcriptions/geniza/all_04_improved_reading_order/990051887160205171/IE167369849/IE167369849_P000002_FL167369852—reco_improved_polys_improved_reading_order.xml,990051887160205171:495:/nas/archive/paris-data/automatic_transcriptions/geniza/all_04_improved_reading_order/990051887160205171/IE167369849/IE167369849_P000002_FL167369852—reco_improved_polys_improved_reading_order.xml,ok,,6,5,accepted,
990052097690205171,IE167693308_P000002_FL167693311.jpg,P000002,/nas/archive/paris-data/automatic_transcriptions/geniza/all_04_improved_reading_order/990052097690205171/IE167693308/IE167693308_P000002_FL167693311—reco_improved_polys_improved_reading_order.xml,990052097690205171:496:/nas/archive/paris-data/automatic_transcriptions/geniza/all_04_improved_reading_order/990052097690205171/IE167693308/IE167693308_P000002_FL167693311—reco_improved_polys_improved_reading_order.xml,ok,,88,77,accepted,
990052097690205171,IE167693308_P000001_FL167693310.jpg,P000001,/nas/archive/paris-data/automatic_transcriptions/geniza/all_04_improved_reading_order/990052097690205171/IE167693308/IE167693308_P000001_FL167693310—reco_improved_polys_improved_reading_order.xml,990052097690205171:497:/nas/archive/paris-data/automatic_transcriptions/geniza/all_04_improved_reading_order/990052097690205171/IE167693308/IE167693308_P000001_FL167693310—reco_improved_polys_improved_reading_order.xml,ok,,72,59,accepted,
990001618280205171,IE48712730_P000006_FL48712791.jpg,P000006,/nas/archive/paris-data/automatic_transcriptions/geniza/all_04_improved_reading_order/990001618280205171/IE48712730/IE48712730_P000006_FL48712791—reco_improved_polys_improved_reading_order.xml,990001618280205171:498:/nas/archive/paris-data/automatic_transcriptions/geniza/all_04_improved_reading_order/990001618280205171/IE48712730/IE48712730_P000006_FL48712791—reco_improved_polys_improved_reading_order.xml,ok,,509,470,accepted,
990001618280205171,IE48712730_P000005_FL48712782.jpg,P000005,/nas/archive/paris-data/automatic_transcriptions/geniza/all_04_improved_reading_order/990001618280205171/IE48712730/IE48712730_P000005_FL48712782—reco_improved_polys_improved_reading_order.xml,990001618280205171:499:/nas/archive/paris-data/automatic_transcriptions/geniza/all_04_improved_reading_order/990001618280205171/IE48712730/IE48712730_P000005_FL48712782—reco_improved_polys_improved_reading_order.xml,ok,,989,918,accepted,
990051795370205171,IE169568826_P000001_FL169568828.jpg,P000001,/nas/archive/paris-data/automatic_transcriptions/geniza/all_04_improved_reading_order/990051795370205171/IE169568826/IE169568826_P000001_FL169568828—reco_improved_polys_improved_reading_order.xml,990051795370205171:500:/nas/archive/paris-data/automatic_transcriptions/geniza/all_04_improved_reading_order/990051795370205171/IE169568826/IE169568826_P000001_FL169568828—reco_improved_polys_improved_reading_order.xml,ok,,603,496,accepted,
990051795370205171,IE169568826_P000002_FL169568829.jpg,P000002,/nas/archive/paris-data/automatic_transcriptions/geniza/all_04_improved_reading_order/990051795370205171/IE169568826/IE169568826_P000002_FL169568829—reco_improved_polys_improved_reading_order.xml,990051795370205171:501:/nas/archive/paris-data/automatic_transcriptions/geniza/all_04_improved_reading_order/990051795370205171/IE169568826/IE169568826_P000002_FL169568829—reco_improved_polys_improved_reading_order.xml,ok,,613,502,accepted,
990053597100205171,IE159185135_P000001_FL159185137.jpg,P000001,/nas/archive/paris-data/automatic_transcriptions/geniza/all_04_improved_reading_order/990053597100205171/IE159185135/IE159185135_P000001_FL159185137—reco_improved_polys_improved_reading_order.xml,990053597100205171:502:/nas/archive/paris-data/automatic_transcriptions/geniza/all_04_improved_reading_order/990053597100205171/IE159185135/IE159185135_P000001_FL159185137—reco_improved_polys_improved_reading_order.xml,ok,,996,723,accepted,
990053597100205171,IE159185135_P000002_FL159185139.jpg,P000002,/nas/archive/paris-data/automatic_transcriptions/geniza/all_04_improved_reading_order/990053597100205171/IE159185135/IE159185135_P000002_FL159185139—reco_improved_polys_improved_reading_order.xml,990053597100205171:503:/nas/archive/paris-data/automatic_transcriptions/geniza/all_04_improved_reading_order/990053597100205171/IE159185135/IE159185135_P000002_FL159185139—reco_improved_polys_improved_reading_order.xml,ok,,1016,737,accepted,
990038879350205171,IE170625975_P000001_FL170625977.jpg,P000001,/nas/archive/paris-data/automatic_transcriptions/geniza/all_04_improved_reading_order/990038879350205171/IE170625975/IE170625975_P000001_FL170625977—reco_improved_polys_improved_reading_order.xml,990038879350205171:504:/nas/archive/paris-data/automatic_transcriptions/geniza/all_04_improved_reading_order/990038879350205171/IE170625975/IE170625975_P000001_FL170625977—reco_improved_polys_improved_reading_order.xml,ok,,1658,1441,accepted,
990038879350205171,IE170625975_P000002_FL170625978.jpg,P000002,/nas/archive/paris-data/automatic_transcriptions/geniza/all_04_improved_reading_order/990038879350205171/IE170625975/IE170625975_P000002_FL170625978—reco_improved_polys_improved_reading_order.xml,990038879350205171:505:/nas/archive/paris-data/automatic_transcriptions/geniza/all_04_improved_reading_order/990038879350205171/IE170625975/IE170625975_P000002_FL170625978—reco_improved_polys_improved_reading_order.xml,ok,,1547,1377,accepted,
990051618680205171,IE167195986_P000001_FL167195988.jpg,P000001,/nas/archive/paris-data/automatic_transcriptions/geniza/all_04_improved_reading_order/990051618680205171/IE167195986/IE167195986_P000001_FL167195988—reco_improved_polys_improved_reading_order.xml,990051618680205171:506:/nas/archive/paris-data/automatic_transcriptions/geniza/all_04_improved_reading_order/990051618680205171/IE167195986/IE167195986_P000001_FL167195988—reco_improved_polys_improved_reading_order.xml,ok,,449,392,accepted,
990051618680205171,IE167195986_P000002_FL167195989.jpg,P000002,/nas/archive/paris-data/automatic_transcriptions/geniza/all_04_improved_reading_order/990051618680205171/IE167195986/IE167195986_P000002_FL167195989—reco_improved_polys_improved_reading_order.xml,990051618680205171:507:/nas/archive/paris-data/automatic_transcriptions/geniza/all_04_improved_reading_order/990051618680205171/IE167195986/IE167195986_P000002_FL167195989—reco_improved_polys_improved_reading_order.xml,ok,,434,365,accepted,
990052094820205171,IE167688910_P000002_FL167688913.jpg,P000002,/nas/archive/paris-data/automatic_transcriptions/geniza/all_04_improved_reading_order/990052094820205171/IE167688910/IE167688910_P000002_FL167688913—reco_improved_polys_improved_reading_order.xml,990052094820205171:508:/nas/archive/paris-data/automatic_transcriptions/geniza/all_04_improved_reading_order/990052094820205171/IE167688910/IE167688910_P000002_FL167688913—reco_improved_polys_improved_reading_order.xml,ok,,8,6,accepted,
990052094820205171,IE167688910_P000001_FL167688912.jpg,P000001,/nas/archive/paris-data/automatic_transcriptions/geniza/all_04_improved_reading_order/990052094820205171/IE167688910/IE167688910_P000001_FL167688912—reco_improved_polys_improved_reading_order.xml,990052094820205171:509:/nas/archive/paris-data/automatic_transcriptions/geniza/all_04_improved_reading_order/990052094820205171/IE167688910/IE167688910_P000001_FL167688912—reco_improved_polys_improved_reading_order.xml,ok,,30,24,accepted,
990053009560205171,IE147587448_P000002_FL147587451.jpg,P000002,/nas/archive/paris-data/automatic_transcriptions/geniza/all_04_improved_reading_order/990053009560205171/IE147587448/IE147587448_P000002_FL147587451—reco_improved_polys_improved_reading_order.xml,990053009560205171:510:/nas/archive/paris-data/automatic_transcriptions/geniza/all_04_improved_reading_order/990053009560205171/IE147587448/IE147587448_P000002_FL147587451—reco_improved_polys_improved_reading_order.xml,ok,,208,154,accepted,
990053009560205171,IE147587448_P000001_FL147587450.jpg,P000001,/nas/archive/paris-data/automatic_transcriptions/geniza/all_04_improved_reading_order/990053009560205171/IE147587448/IE147587448_P000001_FL147587450—reco_improved_polys_improved_reading_order.xml,990053009560205171:511:/nas/archive/paris-data/automatic_transcriptions/geniza/all_04_improved_reading_order/990053009560205171/IE147587448/IE147587448_P000001_FL147587450—reco_improved_polys_improved_reading_order.xml,ok,,39,30,accepted,
990051226010205171,IE165577483_P000001_FL165577485.jpg,P000001,/nas/archive/paris-data/automatic_transcriptions/geniza/all_04_improved_reading_order/990051226010205171/IE165577483/IE165577483_P000001_FL165577485—reco_improved_polys_improved_reading_order.xml,990051226010205171:512:/nas/archive/paris-data/automatic_transcriptions/geniza/all_04_improved_reading_order/990051226010205171/IE165577483/IE165577483_P000001_FL165577485—reco_improved_polys_improved_reading_order.xml,ok,,390,351,accepted,
990051226010205171,IE165577483_P000002_FL165577486.jpg,P000002,/nas/archive/paris-data/automatic_transcriptions/geniza/all_04_improved_reading_order/990051226010205171/IE165577483/IE165577483_P000002_FL165577486—reco_improved_polys_improved_reading_order.xml,990051226010205171:513:/nas/archive/paris-data/automatic_transcriptions/geniza/all_04_improved_reading_order/990051226010205171/IE165577483/IE165577483_P000002_FL165577486—reco_improved_polys_improved_reading_order.xml,ok,,409,353,accepted,
990051418110205171,IE159965867_P000001_FL159965870.jpg,P000001,/nas/archive/paris-data/automatic_transcriptions/geniza/all_04_improved_reading_order/990051418110205171/IE159965867/IE159965867_P000001_FL159965870—reco_improved_polys_improved_reading_order.xml,990051418110205171:514:/nas/archive/paris-data/automatic_transcriptions/geniza/all_04_improved_reading_order/990051418110205171/IE159965867/IE159965867_P000001_FL159965870—reco_improved_polys_improved_reading_order.xml,ok,,131,107,accepted,
990051418110205171,IE159965867_P000002_FL159965873.jpg,P000002,/nas/archive/paris-data/automatic_transcriptions/geniza/all_04_improved_reading_order/990051418110205171/IE159965867/IE159965867_P000002_FL159965873—reco_improved_polys_improved_reading_order.xml,990051418110205171:515:/nas/archive/paris-data/automatic_transcriptions/geniza/all_04_improved_reading_order/990051418110205171/IE159965867/IE159965867_P000002_FL159965873—reco_improved_polys_improved_reading_order.xml,ok,,81,40,accepted,
990053468160205171,IE168001816_P000002_FL168001819.jpg,P000002,/nas/archive/paris-data/automatic_transcriptions/geniza/all_04_improved_reading_order/990053468160205171/IE168001816/IE168001816_P000002_FL168001819—reco_improved_polys_improved_reading_order.xml,990053468160205171:516:/nas/archive/paris-data/automatic_transcriptions/geniza/all_04_improved_reading_order/990053468160205171/IE168001816/IE168001816_P000002_FL168001819—reco_improved_polys_improved_reading_order.xml,ok,,282,262,accepted,
990053468160205171,IE168001816_P000001_FL168001818.jpg,P000001,/nas/archive/paris-data/automatic_transcriptions/geniza/all_04_improved_reading_order/990053468160205171/IE168001816/IE168001816_P000001_FL168001818—reco_improved_polys_improved_reading_order.xml,990053468160205171:517:/nas/archive/paris-data/automatic_transcriptions/geniza/all_04_improved_reading_order/990053468160205171/IE168001816/IE168001816_P000001_FL168001818—reco_improved_polys_improved_reading_order.xml,ok,,244,231,accepted,
990052254570205171,IE167288819_P000001_FL167288821.jpg,P000001,/nas/archive/paris-data/automatic_transcriptions/geniza/all_04_improved_reading_order/990052254570205171/IE167288819/IE167288819_P000001_FL167288821—reco_improved_polys_improved_reading_order.xml,990052254570205171:518:/nas/archive/paris-data/automatic_transcriptions/geniza/all_04_improved_reading_order/990052254570205171/IE167288819/IE167288819_P000001_FL167288821—reco_improved_polys_improved_reading_order.xml,ok,,30,20,accepted,
990052254570205171,IE167288819_P000002_FL167288822.jpg,P000002,/nas/archive/paris-data/automatic_transcriptions/geniza/all_04_improved_reading_order/990052254570205171/IE167288819/IE167288819_P000002_FL167288822—reco_improved_polys_improved_reading_order.xml,990052254570205171:519:/nas/archive/paris-data/automatic_transcriptions/geniza/all_04_improved_reading_order/990052254570205171/IE167288819/IE167288819_P000002_FL167288822—reco_improved_polys_improved_reading_order.xml,ok,,43,30,accepted,
990051581890205171,IE162858220_P000002_FL162858223.jpg,P000002,/nas/archive/paris-data/automatic_transcriptions/geniza/all_04_improved_reading_order/990051581890205171/IE162858220/IE162858220_P000002_FL162858223—reco_improved_polys_improved_reading_order.xml,990051581890205171:520:/nas/archive/paris-data/automatic_transcriptions/geniza/all_04_improved_reading_order/990051581890205171/IE162858220/IE162858220_P000002_FL162858223—reco_improved_polys_improved_reading_order.xml,ok,,243,208,accepted,
990051581890205171,IE162858220_P000001_FL162858222.jpg,P000001,/nas/archive/paris-data/automatic_transcriptions/geniza/all_04_improved_reading_order/990051581890205171/IE162858220/IE162858220_P000001_FL162858222—reco_improved_polys_improved_reading_order.xml,990051581890205171:521:/nas/archive/paris-data/automatic_transcriptions/geniza/all_04_improved_reading_order/990051581890205171/IE162858220/IE162858220_P000001_FL162858222—reco_improved_polys_improved_reading_order.xml,ok,,320,273,accepted,
990053061210205171,IE148832515_P000001_FL148832518.jpg,P000001,/nas/archive/paris-data/automatic_transcriptions/geniza/all_04_improved_reading_order/990053061210205171/IE148832515/IE148832515_P000001_FL148832518—reco_improved_polys_improved_reading_order.xml,990053061210205171:522:/nas/archive/paris-data/automatic_transcriptions/geniza/all_04_improved_reading_order/990053061210205171/IE148832515/IE148832515_P000001_FL148832518—reco_improved_polys_improved_reading_order.xml,ok,,537,421,accepted,
990053061210205171,IE148832515_P000002_FL148832520.jpg,P000002,/nas/archive/paris-data/automatic_transcriptions/geniza/all_04_improved_reading_order/990053061210205171/IE148832515/IE148832515_P000002_FL148832520—reco_improved_polys_improved_reading_order.xml,990053061210205171:523:/nas/archive/paris-data/automatic_transcriptions/geniza/all_04_improved_reading_order/990053061210205171/IE148832515/IE148832515_P000002_FL148832520—reco_improved_polys_improved_reading_order.xml,ok,,129,81,accepted,
990051783530205171,IE169525061_P000002_FL169525065.jpg,P000002,/nas/archive/paris-data/automatic_transcriptions/geniza/all_04_improved_reading_order/990051783530205171/IE169525061/IE169525061_P000002_FL169525065—reco_improved_polys_improved_reading_order.xml,990051783530205171:524:/nas/archive/paris-data/automatic_transcriptions/geniza/all_04_improved_reading_order/990051783530205171/IE169525061/IE169525061_P000002_FL169525065—reco_improved_polys_improved_reading_order.xml,ok,,129,108,accepted,
990051783530205171,IE169525061_P000001_FL169525063.jpg,P000001,/nas/archive/paris-data/automatic_transcriptions/geniza/all_04_improved_reading_order/990051783530205171/IE169525061/IE169525061_P000001_FL169525063—reco_improved_polys_improved_reading_order.xml,990051783530205171:525:/nas/archive/paris-data/automatic_transcriptions/geniza/all_04_improved_reading_order/990051783530205171/IE169525061/IE169525061_P000001_FL169525063—reco_improved_polys_improved_reading_order.xml,ok,,124,109,accepted,
990053516210205171,IE168340593_P000002_FL168340596.jpg,P000002,/nas/archive/paris-data/automatic_transcriptions/geniza/all_04_improved_reading_order/990053516210205171/IE168340593/IE168340593_P000002_FL168340596—reco_improved_polys_improved_reading_order.xml,990053516210205171:526:/nas/archive/paris-data/automatic_transcriptions/geniza/all_04_improved_reading_order/990053516210205171/IE168340593/IE168340593_P000002_FL168340596—reco_improved_polys_improved_reading_order.xml,ok,,378,340,accepted,
990053516210205171,IE168340593_P000001_FL168340595.jpg,P000001,/nas/archive/paris-data/automatic_transcriptions/geniza/all_04_improved_reading_order/990053516210205171/IE168340593/IE168340593_P000001_FL168340595—reco_improved_polys_improved_reading_order.xml,990053516210205171:527:/nas/archive/paris-data/automatic_transcriptions/geniza/all_04_improved_reading_order/990053516210205171/IE168340593/IE168340593_P000001_FL168340595—reco_improved_polys_improved_reading_order.xml,ok,,366,324,accepted,
990051519080205171,IE169725275_P000001_FL169725278.jpg,P000001,/nas/archive/paris-data/automatic_transcriptions/geniza/all_04_improved_reading_order/990051519080205171/IE169725275/IE169725275_P000001_FL169725278—reco_improved_polys_improved_reading_order.xml,990051519080205171:528:/nas/archive/paris-data/automatic_transcriptions/geniza/all_04_improved_reading_order/990051519080205171/IE169725275/IE169725275_P000001_FL169725278—reco_improved_polys_improved_reading_order.xml,ok,,411,372,accepted,
990051519080205171,IE169725275_P000002_FL169725280.jpg,P000002,/nas/archive/paris-data/automatic_transcriptions/geniza/all_04_improved_reading_order/990051519080205171/IE169725275/IE169725275_P000002_FL169725280—reco_improved_polys_improved_reading_order.xml,990051519080205171:529:/nas/archive/paris-data/automatic_transcriptions/geniza/all_04_improved_reading_order/990051519080205171/IE169725275/IE169725275_P000002_FL169725280—reco_improved_polys_improved_reading_order.xml,ok,,346,312,accepted,
990052243630205171,IE167206651_P000002_FL167206654.jpg,P000002,/nas/archive/paris-data/automatic_transcriptions/geniza/all_04_improved_reading_order/990052243630205171/IE167206651/IE167206651_P000002_FL167206654—reco_improved_polys_improved_reading_order.xml,990052243630205171:530:/nas/archive/paris-data/automatic_transcriptions/geniza/all_04_improved_reading_order/990052243630205171/IE167206651/IE167206651_P000002_FL167206654—reco_improved_polys_improved_reading_order.xml,ok,,19,16,accepted,
990052243630205171,IE167206651_P000001_FL167206653.jpg,P000001,/nas/archive/paris-data/automatic_transcriptions/geniza/all_04_improved_reading_order/990052243630205171/IE167206651/IE167206651_P000001_FL167206653—reco_improved_polys_improved_reading_order.xml,990052243630205171:531:/nas/archive/paris-data/automatic_transcriptions/geniza/all_04_improved_reading_order/990052243630205171/IE167206651/IE167206651_P000001_FL167206653—reco_improved_polys_improved_reading_order.xml,ok,,19,13,accepted,
990053496520205171,IE168226193_P000001_FL168226195.jpg,P000001,/nas/archive/paris-data/automatic_transcriptions/geniza/all_04_improved_reading_order/990053496520205171/IE168226193/IE168226193_P000001_FL168226195—reco_improved_polys_improved_reading_order.xml,990053496520205171:532:/nas/archive/paris-data/automatic_transcriptions/geniza/all_04_improved_reading_order/990053496520205171/IE168226193/IE168226193_P000001_FL168226195—reco_improved_polys_improved_reading_order.xml,ok,,650,577,accepted,
990053496520205171,IE168226193_P000002_FL168226196.jpg,P000002,/nas/archive/paris-data/automatic_transcriptions/geniza/all_04_improved_reading_order/990053496520205171/IE168226193/IE168226193_P000002_FL168226196—reco_improved_polys_improved_reading_order.xml,990053496520205171:533:/nas/archive/paris-data/automatic_transcriptions/geniza/all_04_improved_reading_order/990053496520205171/IE168226193/IE168226193_P000002_FL168226196—reco_improved_polys_improved_reading_order.xml,ok,,666,601,accepted,
990001578440205171,IE48766266_P000049_FL48766349.jpg,P000049,/nas/archive/paris-data/automatic_transcriptions/geniza/all_04_improved_reading_order/990001578440205171/IE48766266/IE48766266_P000049_FL48766349—reco_improved_polys_improved_reading_order.xml,990001578440205171:534:/nas/archive/paris-data/automatic_transcriptions/geniza/all_04_improved_reading_order/990001578440205171/IE48766266/IE48766266_P000049_FL48766349—reco_improved_polys_improved_reading_order.xml,ok,,830,752,accepted,
990001578440205171,IE48766266_P000033_FL48766333.jpg,P000033,/nas/archive/paris-data/automatic_transcriptions/geniza/all_04_improved_reading_order/990001578440205171/IE48766266/IE48766266_P000033_FL48766333—reco_improved_polys_improved_reading_order.xml,990001578440205171:535:/nas/archive/paris-data/automatic_transcriptions/geniza/all_04_improved_reading_order/990001578440205171/IE48766266/IE48766266_P000033_FL48766333—reco_improved_polys_improved_reading_order.xml,ok,,681,635,accepted,
990053853470205171,IE165944628_P000002_FL165944632.jpg,P000002,/nas/archive/paris-data/automatic_transcriptions/geniza/all_04_improved_reading_order/990053853470205171/IE165944628/IE165944628_P000002_FL165944632—reco_improved_polys_improved_reading_order.xml,990053853470205171:536:/nas/archive/paris-data/automatic_transcriptions/geniza/all_04_improved_reading_order/990053853470205171/IE165944628/IE165944628_P000002_FL165944632—reco_improved_polys_improved_reading_order.xml,ok,,32,24,accepted,
990053853470205171,IE165944628_P000001_FL165944630.jpg,P000001,/nas/archive/paris-data/automatic_transcriptions/geniza/all_04_improved_reading_order/990053853470205171/IE165944628/IE165944628_P000001_FL165944630—reco_improved_polys_improved_reading_order.xml,990053853470205171:537:/nas/archive/paris-data/automatic_transcriptions/geniza/all_04_improved_reading_order/990053853470205171/IE165944628/IE165944628_P000001_FL165944630—reco_improved_polys_improved_reading_order.xml,ok,,1072,754,accepted,
990053756160205171,IE168606453_P000001_FL168606455.jpg,P000001,/nas/archive/paris-data/automatic_transcriptions/geniza/all_04_improved_reading_order/990053756160205171/IE168606453/IE168606453_P000001_FL168606455—reco_improved_polys_improved_reading_order.xml,990053756160205171:538:/nas/archive/paris-data/automatic_transcriptions/geniza/all_04_improved_reading_order/990053756160205171/IE168606453/IE168606453_P000001_FL168606455—reco_improved_polys_improved_reading_order.xml,ok,,79,58,accepted,
990053756160205171,IE168606453_P000002_FL168606456.jpg,P000002,/nas/archive/paris-data/automatic_transcriptions/geniza/all_04_improved_reading_order/990053756160205171/IE168606453/IE168606453_P000002_FL168606456—reco_improved_polys_improved_reading_order.xml,990053756160205171:539:/nas/archive/paris-data/automatic_transcriptions/geniza/all_04_improved_reading_order/990053756160205171/IE168606453/IE168606453_P000002_FL168606456—reco_improved_polys_improved_reading_order.xml,ok,,59,39,accepted,
990053474680205171,IE168049389_P000002_FL168049392.jpg,P000002,/nas/archive/paris-data/automatic_transcriptions/geniza/all_04_improved_reading_order/990053474680205171/IE168049389/IE168049389_P000002_FL168049392—reco_improved_polys_improved_reading_order.xml,990053474680205171:540:/nas/archive/paris-data/automatic_transcriptions/geniza/all_04_improved_reading_order/990053474680205171/IE168049389/IE168049389_P000002_FL168049392—reco_improved_polys_improved_reading_order.xml,ok,,286,263,accepted,
990053474680205171,IE168049389_P000001_FL168049391.jpg,P000001,/nas/archive/paris-data/automatic_transcriptions/geniza/all_04_improved_reading_order/990053474680205171/IE168049389/IE168049389_P000001_FL168049391—reco_improved_polys_improved_reading_order.xml,990053474680205171:541:/nas/archive/paris-data/automatic_transcriptions/geniza/all_04_improved_reading_order/990053474680205171/IE168049389/IE168049389_P000001_FL168049391—reco_improved_polys_improved_reading_order.xml,ok,,261,240,accepted,
990053184380205171,IE157016978_P000001_FL157016981.jpg,P000001,/nas/archive/paris-data/automatic_transcriptions/geniza/all_04_improved_reading_order/990053184380205171/IE157016978/IE157016978_P000001_FL157016981—reco_improved_polys_improved_reading_order.xml,990053184380205171:542:/nas/archive/paris-data/automatic_transcriptions/geniza/all_04_improved_reading_order/990053184380205171/IE157016978/IE157016978_P000001_FL157016981—reco_improved_polys_improved_reading_order.xml,ok,,549,356,accepted,
990053184380205171,IE157016978_P000002_FL157016982.jpg,P000002,/nas/archive/paris-data/automatic_transcriptions/geniza/all_04_improved_reading_order/990053184380205171/IE157016978/IE157016978_P000002_FL157016982—reco_improved_polys_improved_reading_order.xml,990053184380205171:543:/nas/archive/paris-data/automatic_transcriptions/geniza/all_04_improved_reading_order/990053184380205171/IE157016978/IE157016978_P000002_FL157016982—reco_improved_polys_improved_reading_order.xml,ok,,358,199,accepted,
990051566180205171,IE162812053_P000001_FL162812055.jpg,P000001,/nas/archive/paris-data/automatic_transcriptions/geniza/all_04_improved_reading_order/990051566180205171/IE162812053/IE162812053_P000001_FL162812055—reco_improved_polys_improved_reading_order.xml,990051566180205171:544:/nas/archive/paris-data/automatic_transcriptions/geniza/all_04_improved_reading_order/990051566180205171/IE162812053/IE162812053_P000001_FL162812055—reco_improved_polys_improved_reading_order.xml,ok,,175,160,accepted,
990051566180205171,IE162812053_P000002_FL162812056.jpg,P000002,/nas/archive/paris-data/automatic_transcriptions/geniza/all_04_improved_reading_order/990051566180205171/IE162812053/IE162812053_P000002_FL162812056—reco_improved_polys_improved_reading_order.xml,990051566180205171:545:/nas/archive/paris-data/automatic_transcriptions/geniza/all_04_improved_reading_order/990051566180205171/IE162812053/IE162812053_P000002_FL162812056—reco_improved_polys_improved_reading_order.xml,ok,,200,174,accepted,
990053199640205171,IE157428074_P000001_FL157428076.jpg,P000001,/nas/archive/paris-data/automatic_transcriptions/geniza/all_04_improved_reading_order/990053199640205171/IE157428074/IE157428074_P000001_FL157428076—reco_improved_polys_improved_reading_order.xml,990053199640205171:546:/nas/archive/paris-data/automatic_transcriptions/geniza/all_04_improved_reading_order/990053199640205171/IE157428074/IE157428074_P000001_FL157428076—reco_improved_polys_improved_reading_order.xml,ok,,482,393,accepted,
990053199640205171,IE157428074_P000002_FL157428077.jpg,P000002,/nas/archive/paris-data/automatic_transcriptions/geniza/all_04_improved_reading_order/990053199640205171/IE157428074/IE157428074_P000002_FL157428077—reco_improved_polys_improved_reading_order.xml,990053199640205171:547:/nas/archive/paris-data/automatic_transcriptions/geniza/all_04_improved_reading_order/990053199640205171/IE157428074/IE157428074_P000002_FL157428077—reco_improved_polys_improved_reading_order.xml,ok,,470,412,accepted,
990001458440205171,IE49305897_P000007_FL49305930.jpg,P000007,/nas/archive/paris-data/automatic_transcriptions/geniza/all_04_improved_reading_order/990001458440205171/IE49305897/IE49305897_P000007_FL49305930—reco_improved_polys_improved_reading_order.xml,990001458440205171:549:/nas/archive/paris-data/automatic_transcriptions/geniza/all_04_improved_reading_order/990001458440205171/IE49305897/IE49305897_P000007_FL49305930—reco_improved_polys_improved_reading_order.xml,ok,,1144,1029,accepted,
990025167350205171,IE9285015_P000005_FL9285021.jpg,P000005,/nas/archive/paris-data/automatic_transcriptions/geniza/all_04_improved_reading_order/990025167350205171/IE9285015/IE9285015_P000005_FL9285021—reco_improved_polys_improved_reading_order.xml,990025167350205171:550:/nas/archive/paris-data/automatic_transcriptions/geniza/all_04_improved_reading_order/990025167350205171/IE9285015/IE9285015_P000005_FL9285021—reco_improved_polys_improved_reading_order.xml,ok,,1580,1340,accepted,
990025167350205171,IE169345090_P000002_FL169345093.jpg,P000002,/nas/archive/paris-data/automatic_transcriptions/geniza/all_04_improved_reading_order/990025167350205171/IE169345090/IE169345090_P000002_FL169345093—reco_improved_polys_improved_reading_order.xml,990025167350205171:551:/nas/archive/paris-data/automatic_transcriptions/geniza/all_04_improved_reading_order/990025167350205171/IE169345090/IE169345090_P000002_FL169345093—reco_improved_polys_improved_reading_order.xml,ok,,1525,1323,accepted,
990053414340205171,IE167583021_P000001_FL167583023.jpg,P000001,/nas/archive/paris-data/automatic_transcriptions/geniza/all_04_improved_reading_order/990053414340205171/IE167583021/IE167583021_P000001_FL167583023—reco_improved_polys_improved_reading_order.xml,990053414340205171:552:/nas/archive/paris-data/automatic_transcriptions/geniza/all_04_improved_reading_order/990053414340205171/IE167583021/IE167583021_P000001_FL167583023—reco_improved_polys_improved_reading_order.xml,ok,,1022,900,accepted,
990053414340205171,IE167583021_P000002_FL167583024.jpg,P000002,/nas/archive/paris-data/automatic_transcriptions/geniza/all_04_improved_reading_order/990053414340205171/IE167583021/IE167583021_P000002_FL167583024—reco_improved_polys_improved_reading_order.xml,990053414340205171:553:/nas/archive/paris-data/automatic_transcriptions/geniza/all_04_improved_reading_order/990053414340205171/IE167583021/IE167583021_P000002_FL167583024—reco_improved_polys_improved_reading_order.xml,ok,,989,863,accepted,
990053038710205171,IE147778299_P000001_FL147778301.jpg,P000001,/nas/archive/paris-data/automatic_transcriptions/geniza/all_04_improved_reading_order/990053038710205171/IE147778299/IE147778299_P000001_FL147778301—reco_improved_polys_improved_reading_order.xml,990053038710205171:554:/nas/archive/paris-data/automatic_transcriptions/geniza/all_04_improved_reading_order/990053038710205171/IE147778299/IE147778299_P000001_FL147778301—reco_improved_polys_improved_reading_order.xml,ok,,398,364,accepted,
990053038710205171,IE147778299_P000002_FL147778303.jpg,P000002,/nas/archive/paris-data/automatic_transcriptions/geniza/all_04_improved_reading_order/990053038710205171/IE147778299/IE147778299_P000002_FL147778303—reco_improved_polys_improved_reading_order.xml,990053038710205171:555:/nas/archive/paris-data/automatic_transcriptions/geniza/all_04_improved_reading_order/990053038710205171/IE147778299/IE147778299_P000002_FL147778303—reco_improved_polys_improved_reading_order.xml,ok,,409,371,accepted,
